标题,价格,价格区间,品牌,笔记本类型,省份,城市,销量,店铺
高性能AI超轻薄本笔记本电脑 AMD锐龙7 14英寸学生商务官方旗舰店,5299.0,5000-7000元,其他品牌,轻薄本,上海,未知,1000.0,adol官方旗舰店
华硕无畏Pro15 16 i7笔记本电脑轻薄本商务办公用 学生设计全能本,3293.87,3000-5000元,华硕,轻薄本,广东,广州,600.0,正品华硕电脑商城
2024新款Lenovo联想拯救者Y9000PY7000P满血4060学生笔记本电脑,6178.0,5000-7000元,联想,其他类型,江西,南昌,24.0,拯救者游戏本店
Dell戴尔游匣G15 5530 13代酷睿i7RTX4060独显游戏电竞笔记本电脑156英寸学生设计制图,6193.87,5000-7000元,戴尔,游戏本,江苏,南京,67.0,dell戴尔戴鑫专卖店
LGgram Ultra 25K LG原厂防眩光笔记本电脑商务办公轻薄本32G,10093.37,10000-20000元,其他品牌,轻薄本,上海,未知,18.0,LG笔记本旗舰店
Lenovo联想 拯救者 Y9000P 2022 YR9000P2023款设计游戏本电脑,6049.0,5000-7000元,联想,游戏本,江西,南昌,1000.0,拯救者LEGION游戏本商城
Lenovo联想 拯救者 Y7000P I7游戏本R7000PR9000P学生笔记本电脑,2142.87,3000元以下,联想,游戏本,广东,深圳,100.0,品牌笔记本特惠店
华硕天选5Pro 2024 天选4电竞游戏本RTX4060独显高性能笔记本电脑,7379.0,7000-9000元,华硕,游戏本,北京,未知,46.0,贝克汉虎 电竞商城
2024旗舰新品HP惠普 spectre X360 可选英特尔Evo酷睿Ultra7 Arc,10399.0,10000-20000元,惠普,其他类型,广东,广州,68.0,惠普中国官方旗舰店
华硕天选4高性能满血游戏本笔记本电脑RTX4060显卡学生商务电竞本,4687.0,3000-5000元,华硕,游戏本,江西,南昌,36.0,锦诚笔记本商行
Lenovo联想 拯救者 Y9000PY7000P2024款电竞游戏笔记本电脑,7147.0,7000-9000元,联想,游戏本,山东,济南,100.0,赵好人的店
十四代i9RazerBlade雷蛇灵刃16轻薄电竞游戏笔记本电脑DDR5内存RTX4090显卡固态2K屏240Hz高刷OLED屏幕,41052.0,20000元以上,其他品牌,轻薄本,江苏,苏州,5.0,雷蛇官方旗舰店
华硕ROG玩家国度2023款魔霸新锐13代酷睿4060独显游戏笔记本电脑,5299.0,5000-7000元,华硕,游戏本,江西,南昌,37.0,锦诚笔记本商行
官方店联想拯救者 Y7000PR9000PY9000P可选 游戏笔记本电脑,8699.0,7000-9000元,联想,游戏本,北京,未知,400.0,联想直营官方店
Apple苹果 MacBook Pro笔记本Air电脑办公手提剪辑设计游戏学习,994.87,3000元以下,苹果,游戏本,江苏,苏州,1000.0,MBook俱乐部数码
Huawei华为 MateBook E PAKAL0922款23款平板二合一笔记本电脑,2099.0,3000元以下,华为,二合一笔记本,上海,未知,500.0,上海臣胜数码科技
华硕无畏16 pro15 锐龙R7 i7笔记本电脑轻薄本商务办公用设计绘图,3293.87,3000-5000元,华硕,轻薄本,广东,广州,200.0,正品华硕电脑商城
2024新品上市LG gram17AI酷睿Ultra7学习商务办公轻薄本25K LG原厂防,9193.72,9000-10000元,其他品牌,轻薄本,上海,未知,33.0,LG笔记本旗舰店
Lenovo联想ThinkBook16 15 14 14 23 24款 英特尔笔记本电脑,3799.0,3000-5000元,联想,其他类型,江苏,南京,200.0,ThinkPad润亿景店
Hasee神舟 战神Z8 游戏本Z7吃鸡学生3060独显4060笔记本电脑TX9,1048.98,3000元以下,神舟,游戏本,广东,湛江,100.0,严选优品数码a
ROG玩家国度枪神8 plus超竞版13代i9魔霸新锐2024 4090笔记本电脑,10498.0,10000-20000元,玩家国度,其他类型,北京,未知,500.0,华硕游戏本自营店
机械革命 蛟龙16PRO 酷睿i712700H 16英寸笔记本电脑RTX4060显卡,3393.87,3000-5000元,机械革命,其他类型,广东,湛江,23.0,广州烽火数码商城
外星人ALIENWARE x14 R2 14英寸高性能轻薄本 游戏电竞笔记本电脑,14999.0,10000-20000元,外星人,轻薄本,北京,未知,2.0,外星人长虹佳华专卖店
MECHREVO机械革命 耀世15Pro i714650HX4060 旷世极光Pro电脑,4688.0,3000-5000元,机械革命,其他类型,四川,成都,700.0,游戏本之家总店
Dell戴尔游匣G1512代i7电竞游戏3060显卡2023款学生笔记本电脑,3599.0,3000-5000元,戴尔,游戏本,湖北,武汉,500.0,涵宇数码科技
MECHREVO机械革命极光S极光15pro酷睿i713620HRTX40系独显本,4988.0,3000-5000元,机械革命,其他类型,河南,郑州,100.0,百补游戏本直销店
2024新品HP惠普战66六代七代笔记本酷睿Ultra处理器2050独显25K高性,3849.0,3000-5000元,惠普,其他类型,江苏,南京,41.0,惠普推星专卖店
HP惠普 光影精灵10 游戏本 光影精灵9 156寸16寸电竞笔记本电脑,4770.0,3000-5000元,惠普,游戏本,四川,成都,3.0,成都品牌电脑批发
Dell戴尔 灵越 14pro手提商务办公轻薄本女士笔记本电脑粉色学生,2543.87,3000元以下,戴尔,轻薄本,广东,深圳,1000.0,戴尔笔记本品牌店
Asus华硕ROG玩家国度幻16魔霸新锐笔记本i9设计枪神7Plus游戏电脑,5788.0,5000-7000元,华硕,游戏本,重庆,未知,16.0,墨蓝优品数码商城
MECHREVO机械革命 深海幽灵 z3 旷世极光Pro 2024游戏笔记本电脑,4999.0,3000-5000元,机械革命,游戏本,湖北,武汉,100.0,机革电竞游戏本之家
2024新品联想 拯救者G5000 酷睿i7 拯救者升级版156英寸独显电竞玩家,6488.25,5000-7000元,联想,其他类型,江苏,南京,23.0,联想冉创专卖店
MECHREVO机械革命旷世g笔记本电脑e游戏极光16pro蛟龙无界本4060,2485.87,3000元以下,机械革命,游戏本,广东,湛江,200.0,艾克数码商城
Xiaomi小米 RedmiBook Pro 1415商务办公学习i7游戏笔记本电脑,2181.87,3000元以下,小米,游戏本,江西,南昌,200.0,鑫宇科技数码品牌店
华硕天选55Pro 2024款14代酷睿i9独显4060游戏本学生笔记本电脑,5888.0,5000-7000元,华硕,游戏本,河南,郑州,400.0,豫硕数码商城
IP65双屏三屏全加固工业三防笔记本电脑工业移动工作站服务器电脑,23800.0,20000元以上,其他品牌,其他类型,广东,东莞,4.0,鑫控特种计算机
HP惠普 战系列战66五代六代锐龙轻薄商务便携女学生笔记本电脑,2782.87,3000元以下,惠普,轻薄本,江西,南昌,500.0,鑫皓科技品牌电脑店
Lenovo联想 小新 Pro16pro4锐龙版轻薄本办公酷睿i5笔记本电脑,3699.0,3000-5000元,联想,轻薄本,北京,未知,63.0,联想正品自营店
23新品HP惠普 锐Pro 14英寸轻薄便携笔记本电脑锐龙标压R5 25K屏120Hz高刷屏AI高性能学生办公本旗舰店,3899.0,3000-5000元,惠普,轻薄本,广东,广州,500.0,HP惠普商用旗舰店
顺丰速发HP惠普锐14轻薄商务办公笔记本14英寸AMD锐龙版R7 R5八核处理器高色域学生网课便捷手提电脑275,3999.0,3000-5000元,惠普,轻薄本,江苏,南京,10.0,苏宁易购官方旗舰店
LG gram17英寸超轻薄本笔记本电脑2024新款英特尔酷睿Ultra7155H高性,9693.42,9000-10000元,其他品牌,轻薄本,北京,未知,21.0,LG天恩志兴专卖店
新品热卖联想小新Pro AI元启 联想小新Pro16 锐龙2024 16英寸轻薄本笔记本电脑 学生办公便携本,6799.0,5000-7000元,联想,轻薄本,北京,未知,68.0,来酷智生活旗舰店
陈泽电脑评测 联想拯救者Y7000P 2024 R7000电竞游戏本笔记本电脑,6599.0,5000-7000元,联想,游戏本,北京,未知,21.0,陈泽电脑评测
联想ThinkBook 1416 锐龙R78845HUltra7 办公游戏笔记本电脑,3299.0,3000-5000元,联想,游戏本,浙江,杭州,500.0,优惠数码商城
ROG幻16 Air 2024款星空版翻转版办公轻薄高性能设计游戏笔记本,9850.0,9000-10000元,玩家国度,轻薄本,湖北,武汉,100.0,武汉电竞自营店
2024爆款游戏本HP惠普光影精灵10暗影精灵13代英特尔酷睿i7 RTX4060笔记本电脑暗夜精灵设计游戏本1938,5499.0,5000-7000元,惠普,游戏本,江苏,南京,55.0,苏宁易购官方旗舰店
联想拯救者23款R7000PY7000P 156英寸酷睿i7游戏笔记本电脑,3800.0,3000-5000元,联想,游戏本,安徽,亳州,35.0,华中无双数码
联想拯救者Y7000PR9000电竞学生游戏i5设计办公i7高配笔记本电脑,2993.87,3000元以下,联想,游戏本,湖北,武汉,400.0,海王电脑数码商行
2024款七彩虹隐星P15笔记本电脑4060将星x17ati7i5游戏本x15xs,3650.9,3000-5000元,其他品牌,游戏本,广东,湛江,46.0,严选优品数码a
Apple苹果M2芯片MacBook Pro13寸系列笔记本电脑未拆封,6588.0,5000-7000元,苹果,其他类型,广东,广州,87.0,星铭数码营
华硕无畏14pro15pro 16轻薄便携网课无畏pro14独显3050笔记本电脑,3339.0,3000-5000元,华硕,轻薄本,北京,未知,64.0,华硕游戏笔记本自营店
Lenovo联想 拯救者 Y7000P电竞学生游戏本轻薄i7高配笔记本电脑,1994.87,3000元以下,联想,轻薄本,广东,广州,100.0,佳惠数码笔记本店
Apple苹果13英寸15英寸MacBook Air M1 M2芯片超薄办公笔记本电脑,4100.05,3000-5000元,苹果,其他类型,广东,广州,74.0,苹果Mac store官翻企业店
2024游戏爆款HP惠普暗影精灵9光影精灵9英特尔酷睿RTX4060设计学习办公游戏笔记本电脑官方旗舰店,6099.0,5000-7000元,惠普,游戏本,浙江,杭州,400.0,喵速达电器官方旗舰店
小米Redmi Book 14 12代酷睿标压2023新品28K120hz高清高刷屏 高性能轻薄本笔记本电脑720,3499.0,3000-5000元,小米,轻薄本,北京,未知,46.0,苏宁易购官方旗舰店
ROG玩家国度魔霸新锐2023华硕4060魔霸7plus超能版4070笔记本电脑,8399.0,7000-9000元,华硕,其他类型,北京,未知,91.0,华硕游戏笔记本自营店
ROG枪神88Plus超竞版2024款笔记本电脑游戏本4060 4090满血电竞,11249.0,10000-20000元,玩家国度,游戏本,安徽,合肥,49.0,ROG玩家国度官企店
华硕天选5 Pro4 锐龙新品R9 酷睿 RTX4060电竞游戏笔记本电脑,5429.0,5000-7000元,华硕,游戏本,湖北,武汉,19.0,华中华硕电脑商城
小米RedmiBook Pro1416 2024款红米酷睿ultra轻薄小米笔记本电脑,3099.0,3000-5000元,小米,轻薄本,四川,成都,200.0,祥域科技
机械革命翼龙15pro锐龙满血版4060游戏24款R7电脑电竞学生笔记本,3639.0,3000-5000元,机械革命,游戏本,重庆,未知,27.0,墨蓝优品数码商城
ROG玩家国度幻16Air 2024酷睿Ultra9 16英寸设计师游戏笔记本电脑,12888.0,10000-20000元,玩家国度,游戏本,北京,未知,34.0,北京电竞商城
24款联想拯救者R9000P Y9000P满血4060学生电竞游戏笔记本电脑 白,9149.0,9000-10000元,联想,游戏本,北京,未知,12.0,联想笔记本店
Lenovo联想 小新 联想小新141516 2024款 轻薄本 笔记本电脑,3399.0,3000-5000元,联想,轻薄本,江苏,南京,400.0,联想笔记本特惠商城
Hasee神舟战神Z7Z8Z9S8G8R9G9TX8游戏RTX406050笔记本电脑,3599.0,3000-5000元,神舟,游戏本,上海,未知,34.0,博创科技数码品牌店
2024款Apple苹果MacBook Air M3M2M1笔记本电脑136 133英寸定制,4820.0,3000-5000元,苹果,其他类型,江苏,南京,400.0,囧人数码
Dell戴尔游匣G15G16 2023款 13代i7锐龙吃鸡3060游戏笔记本电脑,3410.0,3000-5000元,戴尔,游戏本,江西,南昌,200.0,品牌电脑商行top店
Apple苹果 13寸超薄MacBook Air苹果笔记本电脑办公设计原装正品,1174.87,3000元以下,苹果,其他类型,北京,未知,900.0,信诚数码苹果电脑老店
机械革命无界14Pro无界1416Code01学生轻薄本办公笔记本电脑2024,2339.0,3000元以下,机械革命,轻薄本,上海,未知,60.0,若万数码科技品牌店
24新品2024款联想小新16小新14 2024款锐龙R7 8845H  AI高能本轻薄本办公学生笔记本电脑 1416英寸,3998.75,3000-5000元,联想,轻薄本,北京,未知,33.0,联想艾克兰斯专卖店
Hasee神舟 战神 Z8D6T8S8G8D6Z7RTX4060神州游戏笔记本电脑,3288.0,3000-5000元,神舟,游戏本,上海,未知,300.0,神舟电脑战神店
Lenovo联想Thinkbook14新款16P轻薄RTX2050高刷14P笔记本电脑,2999.0,3000元以下,联想,轻薄本,浙江,杭州,100.0,联想正品一店
联想ThinkPad E14E15酷睿版学生商务办公笔记本电脑支持单位采购,2258.0,3000元以下,联想,其他类型,江西,南昌,300.0,联想正品联保商行
戴尔游匣G1516酷睿13代i57独显4060学生办公电竞游戏笔记本电脑,3499.0,3000-5000元,戴尔,游戏本,江苏,南京,81.0,欣潮数码科技
40系新品 Hasee神舟 战神S8 i712650HRTX4060独显直连 游戏本,3988.0,3000-5000元,神舟,游戏本,河北,廊坊,800.0,神舟首都号
华硕天选5 Pro酷睿版14代4060 4070游戏电竞学生设计师笔记本电脑,5149.0,5000-7000元,华硕,游戏本,浙江,杭州,37.0,全新正品笔记本电脑商城
Apple苹果2021款MacBook Pro13寸i7设计学习商务游戏笔记本电脑M1,2512.89,3000元以下,苹果,游戏本,广东,广州,300.0,MacFans倶楽部 苹果原装笔记本电脑
12期免息联想ThinkPad T14pNeo14  2024新款酷睿Ultra79 14英寸超轻薄商务办公独显笔记本电脑官方旗舰,4499.0,3000-5000元,联想,轻薄本,福建,厦门,100.0,thinkpad新启联专卖店
2024旗舰新品HP惠普 spectre X360 可选英特尔Evo酷睿Ultra7 Arc锐炫显卡翻转触控笔记本电脑惠普官方店,10399.0,10000-20000元,惠普,其他类型,广东,广州,68.0,惠普中国官方旗舰店
24期免息联想ThinkBook16 Ai酷睿Ultra57锐龙R7 2024新款16英寸游戏本笔记本电脑轻薄便携学生商务办公,5099.0,5000-7000元,联想,轻薄本,福建,厦门,86.0,thinkpad恒瀚专卖店
2024新品HP惠普 暗影精灵10Slim 14代酷睿i914900HX RTX4060 16,10799.0,10000-20000元,惠普,其他类型,北京,未知,2.0,惠普锐博正业专卖店
ROG枪神7 超竞版 13代酷睿i9 16英寸星云屏RTX4080RTX4090显卡游戏笔记本电脑玩家国度官方,17769.0,10000-20000元,玩家国度,游戏本,浙江,宁波,38.0,ASUS华硕旗舰店
Asus华硕顽石12代超强四核学生商务办公女生轻薄手提笔记本电脑苏宁易购官方旗舰店1634,1999.0,3000元以下,华硕,轻薄本,江苏,南京,300.0,苏宁易购官方旗舰店
联想ThinkBook 16 14 2024 AIPC 标压便携轻薄办公笔记本电脑,4888.0,3000-5000元,联想,轻薄本,上海,未知,96.0,上海thinkpad直销实体店
ROG玩家国度魔霸新锐2024款魔霸7plus超能版笔记本电脑4060游戏本,9299.0,9000-10000元,玩家国度,游戏本,安徽,合肥,100.0,ROG玩家国度官企店
2023新款 Apple苹果 MacBook Pro16 英寸M3笔记本电脑M2国行定制,12000.0,10000-20000元,苹果,其他类型,北京,未知,200.0,囧人数码
Acer宏碁蜂鸟非凡S3 英特尔Evo平台 酷睿i5  高色域轻薄便携本商务办公女生宏基手提笔记本电脑,3799.0,3000-5000元,宏碁,轻薄本,广东,广州,48.0,acer宏碁旗舰店
24期免息轻薄本HP惠普星Book14青春版锐龙13代i5笔记本电脑学生女生轻薄办公本官方旗舰店1938,2999.0,3000元以下,惠普,轻薄本,江苏,南京,73.0,苏宁易购官方旗舰店
Lenovo联想小新Pro16 Pro14轻薄学生商务办公笔记本游戏设计电脑,2888.0,3000元以下,联想,轻薄本,江西,南昌,75.0,品牌笔记本电脑特价店
华硕灵耀14双屏 2024款灵耀X双屏 创6 双触控屏AI商务笔记本电脑,8699.0,7000-9000元,华硕,其他类型,上海,未知,77.0,Asus华硕笔记本自营商城
Lenovo联想 小新 AIR1415学生设计办公轻薄笔记本电脑小新1416,2348.0,3000元以下,联想,轻薄本,湖北,武汉,400.0,联想品牌笔记本电脑
联想拯救者Y9000X2023 2024冰魄白轻薄游戏电竞笔记本电脑官方,8698.0,7000-9000元,联想,轻薄本,北京,未知,100.0,联想拯救者游戏本商城
Dell戴尔 G15 5530 G16酷睿i713650HX 4060学生游戏本电脑,5948.0,5000-7000元,戴尔,游戏本,四川,成都,26.0,成都678数码商城
新品HP惠普 暗影精灵9 光影精灵9 可选13代i7酷睿RTX4060电竞游戏本161英寸高性能设计笔记本电脑,4693.87,3000-5000元,惠普,游戏本,北京,未知,100.0,惠普圣东方国信专卖店
ThinkPad E14系列 i5联想E15 E490 E480 E590办公商务笔记本电脑,1401.37,3000元以下,联想,其他类型,江苏,南京,86.0,老表数码
ThinkPad P50 i7 E14联想笔记本电脑A485 T560 W540商务办公轻薄,800.0,3000元以下,联想,轻薄本,广东,广州,200.0,宏业电脑科技
热卖促销HP惠普 战99锐龙版R7标压156英寸可选RTX2000ada独显25K 120Hz 3D建模制图 设计师笔记本电脑,5499.0,5000-7000元,惠普,其他类型,北京,未知,65.0,惠普锐博正业专卖店
二手ThinkPad联想T450ST460S超薄笔记本电脑IBM办公T470ST480S,780.12,3000元以下,联想,其他类型,广东,广州,2000.0,科品数码优品 二手笔记本
Alienware外星人笔记本电脑M18R1 M18R2 M16R1 R2 X16R1美行X14R2,13500.0,10000-20000元,外星人,其他类型,四川,成都,100.0,腾业电脑
联想小新Pro14小新Pro16 2023款学生设计办公轻薄便携笔记本电脑,2393.87,3000元以下,联想,轻薄本,上海,未知,87.0,联想笔记本电脑科技
3060华硕游戏本i7笔记本电脑3050飞行堡垒吃鸡天选4060联想大学生,2086.0,3000元以下,联想,游戏本,广东,深圳,0.0,品牌游戏本直销店
2023新款Apple苹果MacBook Pro 14 16英寸M3笔记本电脑国行定制,10160.0,10000-20000元,苹果,其他类型,江苏,南京,400.0,囧人数码
HP惠普星14星15青春版 英特尔12代酷睿i3i5i7学生学习网课游戏办公女生轻薄便携笔记本电脑惠普官方官网,2798.0,3000元以下,惠普,轻薄本,江苏,南京,100.0,惠普一方专卖店
华为Matebook D16 2023新款16英寸全面屏十三代笔记本电脑,3527.0,3000-5000元,华为,其他类型,北京,未知,30.0,鼎立数码电商
HP惠普 战x 锐龙版商务笔记本电脑 23年新款 ZEN4可选R9处理器学生游戏商务办公超薄手提电脑官网官方旗舰店,5499.0,5000-7000元,惠普,游戏本,广东,广州,100.0,HP惠普商用旗舰店
3060华硕游戏笔记本大学生电脑i7飞行堡垒吃鸡4060天选4060联想i5,2276.0,3000元以下,联想,游戏本,广东,深圳,0.0,品牌游戏本直销店
23款Apple苹果 MacBook Pro 16寸 M3 PRO M3 MAX笔记本电脑定制,16699.0,10000-20000元,苹果,其他类型,上海,未知,100.0,老徐的数码店
联想ThinkPad L14X13轻薄办公L490L480商务笔记本电脑 Windows7,1850.0,3000元以下,联想,轻薄本,安徽,合肥,36.0,华南科技直销店
支持WIN7联想ThinkPadX13X390商务L14 L490国行L13笔记本电脑,2149.0,3000元以下,联想,其他类型,湖北,武汉,82.0,创想科技笔记本电脑
2024新款Apple苹果136寸MacBookAir M3 M2 153寸定制现货国行,4899.0,3000-5000元,苹果,其他类型,四川,成都,400.0,灵兴数码企业店
联想 E14 E15 E490 E480 E470 E580 E590 E570笔记本电脑,899.0,3000元以下,联想,其他类型,上海,未知,57.0,朝阳科技数码城
Lenovo联想 ThinkBook16P 酷睿i9RTX406016英寸轻薄全能本,9899.0,9000-10000元,联想,轻薄本,安徽,合肥,77.0,大康评测
ThinkPad X1 Carbon 2024 X1Nano Yoga 高端轻薄商务办公联想电脑,5488.0,5000-7000元,联想,轻薄本,上海,未知,100.0,上海thinkpad直销实体店
Thinkpad X220 X230便携125寸超级本便携商务办公联想笔记本电脑,423.0,3000元以下,联想,其他类型,北京,未知,5.0,中鼎数码二手笔记本电脑
顺丰包邮Apple苹果 14英寸MacBook Pro笔记本电脑M2 ProMax芯片专业设计剪辑视频2023款,14579.05,10000-20000元,苹果,其他类型,上海,未知,77.0,乐自由数码专营店
联想ThinkPad X220 X230 X240 X250 X260 X270便携办公笔记本电脑,449.0,3000元以下,联想,其他类型,北京,未知,100.0,本之星数码二手笔记本电脑
联想ThinkPad  X280 X260 X270酷睿轻薄便携学生办公笔记本电脑,560.0,3000元以下,联想,轻薄本,北京,未知,5.0,聚丰汇电器店二手笔记本电脑
小米Redmi Book Pro 1416可选 2024英特尔酷睿Ultra5ultra7学习办公轻薄本笔记本电脑官方旗舰店,5699.0,5000-7000元,小米,轻薄本,北京,未知,1000.0,小米官方旗舰店
华为MateBook X Pro 2023 微绒典藏版 笔记本电脑 13代英特尔酷睿 31K原色触控屏 轻薄商务办公本官方旗舰,7999.0,7000-9000元,华为,轻薄本,广东,深圳,2000.0,华为官方旗舰店
ThinkPad ThinkBook 14 i513500H 14英寸轻薄办公笔记本电脑865,4599.0,3000-5000元,联想,轻薄本,福建,厦门,34.0,苏宁易购直营企业店
七彩虹将星X15 X17 12代13代 4050 4060 I5I7 隐星P15 P16 电竞游,3700.0,3000-5000元,其他品牌,其他类型,辽宁,沈阳,500.0,优选数码商城
回力双肩包男士电脑包大学生背包书包时尚女大容量通勤旅行包潮流,89.0,3000元以下,其他品牌,其他类型,江苏,镇江,1000.0,回力箱包旗舰店
笔记本租赁台式游戏主机出租苹果电脑轻薄办公考试建模设计免押金,29.1,3000元以下,苹果,轻薄本,上海,未知,4000.0,思涵科技
电玩汽水大容量双肩包男大学生高中书包女旅行背包通勤商务电脑包,125.13,3000元以下,其他品牌,其他类型,广东,广州,8000.0,电玩汽水GameSoda
WD西部数据移动硬盘1T机械手机电脑大容量4t高速硬盘2t笔记本外接,429.85,3000元以下,机械革命,其他类型,北京,未知,100.0,西部数据仙石专卖店
三星990EVO 1T2T m2 SSD固态硬盘pcie4050华硕笔记本台式电脑,699.0,3000元以下,华硕,其他类型,浙江,宁波,19.0,ASUS华硕旗舰店
埋不烂霁山 CORDURA电脑包男女通勤书包大地色旅游双肩背包S2028,459.0,3000元以下,其他品牌,其他类型,广东,广州,400.0,MYBRANDORIGINAL埋不烂
4K高清电脑摄像头家用台式机上网课专用直播usb外置笔记本摄影头,13.8,3000元以下,其他品牌,其他类型,广东,深圳,1000.0,Neitooh旗舰店
韵艺150W笔记本电脑专用充电宝150W大功率无线快充便携移动电源27000毫安手机大容量充电宝手动调压520V,428.0,3000元以下,其他品牌,其他类型,广东,深圳,24.0,韵艺旗舰店
MICHAEL KORS Hudson 男士电脑包双肩背包,1768.0,3000元以下,其他品牌,其他类型,浙江,嘉兴,23.0,MICHAEL KORS官方旗舰店
FILA 斐乐官方男士背包2024夏新款商务休闲时尚双肩包书包电脑包,829.0,3000元以下,其他品牌,其他类型,福建,泉州,36.0,FILA官方旗舰店
正品牛津布公文包男包轻奢尼龙帆布单肩包手提包电脑包商务休闲,1300.87,3000元以下,其他品牌,其他类型,福建,龙岩,300.0,轻奢时尚名品
小米双肩包卷边休闲背包大容量电脑包潮流旅行时尚简约商务包,229.0,3000元以下,小米,其他类型,北京,未知,400.0,小米官方旗舰店
Leff休闲双肩包女2024新款时尚百搭通勤背包学生14寸笔记本电脑包,304.0,3000元以下,其他品牌,其他类型,广东,广州,44.0,leff旗舰店
Colins Keirs双肩包女大容量156寸电脑包通勤尼龙布背包女士简约,318.0,3000元以下,其他品牌,其他类型,广东,广州,600.0,ColinsKeirs旗舰店
官方正品Jumper中柏win11平板电脑2024新款二合一带键盘可接pc笔记本windows商务办公专用小101英寸,993.87,3000元以下,其他品牌,二合一笔记本,广东,深圳,64.0,jumper中柏专卖店
安踏双肩包男女同款大容量旅行双肩包通勤背包电脑包学院风书包,229.0,3000元以下,其他品牌,其他类型,福建,泉州,22.0,安踏官方网店
FILA 斐乐官方女包背包2024夏季新款休闲翻盖大容量双肩包电脑包,369.0,3000元以下,其他品牌,其他类型,福建,泉州,47.0,fila斐乐顶点专卖店
璇姐精选斯凯奇双肩包官方旗舰新款男包女包运动包电脑包,119.0,3000元以下,其他品牌,其他类型,江苏,连云港,23.0,幸运叶子官方旗舰店
山水60B电脑台式电脑音响蓝牙无线重低音炮家用家庭笔记本木音箱,572.87,3000元以下,其他品牌,其他类型,广东,东莞,1000.0,sansui山水专卖
tomtoc x 吉考斯工业双肩包男款休闲背包潮流电脑包书包通勤包T64,369.0,3000元以下,其他品牌,其他类型,广东,东莞,1000.0,tomtoc旗舰店
男士双肩包系列弹道尼龙商务电脑包旅行背包大容量防水背包,314.87,3000元以下,其他品牌,其他类型,广东,广州,900.0,尼龙箱包
正品瑞典北极狐双肩包kanken书包男女电脑背包mini运动包妈咪包,156.0,3000元以下,其他品牌,其他类型,广东,广州,200.0,Fjalraven奥莱折扣店
睿量充电宝20000毫安自带线超大容量65w笔记本电脑快充飞机可携带适用苹果MacBook华为联想小米手机移动电源,239.0,3000元以下,联想,其他类型,广东,深圳,37.0,remax睿量旗舰店
马克华菲男生斜挎包大容量单肩包邮差包背包电脑包手提公文包男包,163.87,3000元以下,其他品牌,其他类型,广东,广州,4000.0,马克华菲箱包旗舰店
联想ThinkPad X13 2022新款商务轻薄便携笔记本,6199.0,5000-7000元,联想,轻薄本,上海,未知,46.0,ThinkPad志旋专卖店
适用苹果macbookair笔记本macbook电脑包联想小新pro14华为ipad平板air13手提公文16寸通勤156男女士2024款,54.32,3000元以下,联想,其他类型,上海,未知,7000.0,玩家数码专营店
卡帝乐鳄鱼商务手提包单肩包斜挎电脑包男真皮高端软皮公文包男包,298.0,3000元以下,其他品牌,其他类型,福建,泉州,200.0,鳄鱼卡帝乐轻奢高端品
OGORUS无线鼠标蓝牙静音无声笔记本充电式电脑游戏办公无限滑鼠,57.8,3000元以下,其他品牌,游戏本,广东,深圳,400.0,鑫聚煌数码专营店
自营三星870EVO固态硬盘QVO电脑1tb笔记本台式机25英寸SATA,359.0,3000元以下,其他品牌,其他类型,浙江,杭州,200.0,天猫国际自营全球超级店
美国WP无线蓝牙鼠标静音垂直立式人体工学电脑笔记本办公,168.0,3000元以下,其他品牌,其他类型,广东,东莞,500.0,W&P旗舰店
双肩包大容量男士休闲防水旅行包电脑包背包初高中大学生轻便书包,36.9,3000元以下,其他品牌,其他类型,河北,保定,3000.0,jinshiwq旗舰店
Microsoft微软 Surface Pro 7平板电脑二合一笔记本Windows系统,2293.87,3000元以下,微软,二合一笔记本,广东,深圳,25.0,雅硕数码
2024新款复古真皮剑桥包女大容量斜挎学院风高级感14寸电脑包书包,399.0,3000元以下,其他品牌,其他类型,广东,广州,400.0,La Seine塞纳
2024新款笔记本电脑包适用联想小新air14寸M2苹果macbook pro133华为matebook16女手提华硕戴尔156男公文包,24.8,3000元以下,联想,其他类型,浙江,宁波,10000.0,泰克森宇乐专卖店
背包男士双肩包商务通勤大容量156寸电脑包高中大学生书包女旅行,153.87,3000元以下,其他品牌,其他类型,广东,广州,500.0,MashaLanti箱包旗舰店
La Seine塞纳原创头层牛皮14寸电脑包双肩包女真皮大容量通勤背包,379.0,3000元以下,其他品牌,其他类型,广东,广州,800.0,La Seine塞纳工厂店
小米商务双肩包男女士电脑包学生书包简约时尚潮流旅行大容量背包,160.0,3000元以下,小米,其他类型,上海,未知,20.0,XiaoM只为商务出行
电脑音响台式家用有线音箱便携迷你小型超重低音炮笔记本桌面专用,9.8,3000元以下,其他品牌,其他类型,广东,深圳,40000.0,惊奇小熊旗舰店
英菲克PB1静音无声有线鼠标游戏电竞宏男女生办公台式电脑笔记本,132.3,3000元以下,其他品牌,游戏本,浙江,金华,300.0,朗特赫尔数码配件旗舰店
Anything Studio双肩包背包电脑包英伦经典 可放1415156寸电脑,1388.0,3000元以下,其他品牌,其他类型,浙江,宁波,400.0,Anything Studio旗舰店
电玩汽水高中大学生书包男大容量双肩包女旅行登山背包通勤电脑包,144.53,3000元以下,其他品牌,其他类型,广东,广州,900.0,电玩汽水GameSoda
联想拯救者多功能双肩包 X4适16英寸内笔记本电脑双肩包 商务办公旅行男女双肩背包,399.0,3000元以下,联想,其他类型,安徽,合肥,6.0,联想官方旗舰店
双头typec数据线pd快充ctoc车载充电器线tpyec两头tpc口适用于苹果ipad air4华为pro小米笔记本电脑平板双向5,3.33,3000元以下,华为,其他类型,浙江,杭州,700.0,天天热卖精选店
木村耀司斜挎包男士通勤挎包单肩包男款背包机能邮差包骑行电脑包,89.0,3000元以下,其他品牌,其他类型,浙江,绍兴,100.0,木村耀司旗舰店
绿联25000毫安飞机可携带140W笔记本电脑充电宝适用苹果MacBook华为联想iPad小米手机100W大功率快充移动电源,239.0,3000元以下,联想,其他类型,湖北,武汉,83.0,绿联维联特专卖店
无线鼠标静音蓝牙可充电款双模无声限笔记本电脑台式电池通用滑鼠,6.62,3000元以下,其他品牌,其他类型,广东,深圳,1000.0,僚傲旗舰店
代购IsseyMiyake三宅一生双肩包男女款大容量旅行背包菱格电脑包,1614.87,3000元以下,其他品牌,其他类型,日本,未知,47.0,蔓蔓大阪免税直邮店
机械师有线USB静音鼠标电竞电脑笔记本吃鸡办公滚轮无线滑鼠女生,59.0,3000元以下,机械革命,其他类型,广东,广州,6000.0,machenike旗舰店
Apple苹果妙控鼠标 笔记本电脑Mac无线蓝牙办公鼠标适用MACiPad,549.0,3000元以下,苹果,其他类型,上海,未知,60.0,天猫超市
2024新款笔记本电脑双肩包男156寸适用苹果16寸华为14联想y9000p华硕15手提拯救者y7000p戴尔惠普173寸背包,68.0,3000元以下,联想,其他类型,浙江,宁波,300.0,泰克森宇乐专卖店
罗技GPRO无线鼠标GPW狗屁王游戏电竞外设有线台式笔记本电脑滑鼠,449.0,3000元以下,其他品牌,游戏本,上海,未知,500.0,3C数码外设企业店
包邮速发惠普ddr4 26663200 81632g套装笔记本电脑内存条,169.01,3000元以下,惠普,其他类型,广东,广州,2000.0,惠普中国官方旗舰店
雷克沙固态硬盘NM800Pro 512GB1T2TB笔记本电脑台式机M2 SSD,343.87,3000元以下,其他品牌,其他类型,广东,深圳,47.0,雷克沙恒鑫共创专卖店
FILA FUSION斐乐潮牌情侣款背包2024春新款龙年限定双肩包电脑包,399.0,3000元以下,其他品牌,其他类型,福建,泉州,200.0,FILA FUSION官方旗舰店
睿量100W充电宝60000毫安超大容量笔记本电脑双向超级快充适用苹果MacBook华为联想平板小米户外便携移动电源,379.0,3000元以下,联想,其他类型,广东,深圳,31.0,remax睿量旗舰店
Razer雷蛇Pro无线生产力套装笔记本电脑办公蓝牙鼠标机械键盘,1999.0,3000元以下,机械革命,其他类型,江苏,苏州,300.0,雷蛇官方旗舰店
罗技大师系列MX Master3S静音无线蓝牙鼠标笔记本台式电脑办公,579.0,3000元以下,其他品牌,其他类型,安徽,合肥,400.0,罗技天利时代专卖店
无线鼠标蓝牙游戏电脑办公商务笔记本女生适用戴尔无限滑鼠2930,26.8,3000元以下,戴尔,游戏本,浙江,杭州,2.0,天天热卖精选店
联想DDR5拯救者原厂笔记本内存条升级16G 32G 64G 5600MHZ,379.0,3000元以下,联想,其他类型,上海,未知,1000.0,联想官方旗舰店
美国WP蓝牙无线鼠标电竞轻量化游戏办公台式笔记本电脑滑鼠,228.0,3000元以下,其他品牌,游戏本,广东,东莞,41.0,W&P旗舰店
男士背包新款双肩包美式休闲电脑包旅行帆布大学生初中学生书包女,139.0,3000元以下,其他品牌,其他类型,广东,广州,4000.0,新潮代旗舰店
16g1024g全新2024新款平板电脑护眼14寸官方正品ipadpro游戏办公二合一全网通5g笔记本学习机手机手写笔画画,411.8,3000元以下,其他品牌,游戏本,浙江,杭州,200.0,国货甄选旗舰店
志愿者男女双肩包大容量轻便书包通勤电脑包旅行背包简约百搭,131.56,3000元以下,其他品牌,其他类型,广东,广州,300.0,志愿者 匠心独创
2024新款头层牛皮背包女双肩大容量真皮14寸通勤电脑包学生书包软,359.0,3000元以下,其他品牌,其他类型,广东,广州,600.0,La Seine塞纳
DDR4 8G 16G 32G 2666 3200 全兼容笔记本电脑内存条三星镁光颗粒,37.0,3000元以下,其他品牌,其他类型,广东,深圳,600.0,步战士存储
倍思100w充电宝20000毫安大容量PD快充移动电源适用于苹果品牌手机华为小米65w苹果笔记本电脑Macbook联想,359.0,3000元以下,联想,其他类型,广东,东莞,1000.0,baseus倍思旗舰店
外星人Alienware 酷睿i7高配游戏本吃鸡LOL笔记本电竞本手提电脑,1594.87,3000元以下,外星人,游戏本,广东,广州,41.0,小柠檬科技数码
金士顿NV2 500G512G1T2T台式机KC3000笔记本电脑M2固态硬盘SSD,255.0,3000元以下,其他品牌,其他类型,广东,深圳,500.0,星欣达电子数码配件铺
Swiza轻薄商务14寸电脑包女双肩包百搭简约通勤上班时尚背包,239.0,3000元以下,其他品牌,轻薄本,江苏,苏州,2000.0,swiza旗舰店
笔记本电脑包双肩背包大容量女16寸防震气囊男书包大学生适用联想拯救者y9000p华为荣耀156惠普戴尔苹果173,79.0,3000元以下,联想,其他类型,河南,郑州,200.0,QINNXER旗舰店
rog月刃2 ACE无线蓝牙鼠标人体工学游戏笔记本电脑有线鼠标华硕,449.0,3000元以下,华硕,游戏本,浙江,宁波,600.0,ASUS华硕旗舰店
海外代购奢侈品男包手提包男士公文包商务真皮牛皮单肩斜挎电脑包,1374.87,3000元以下,其他品牌,其他类型,上海,未知,54.0,奢侈品包包1
可扩容双肩包超大容量书包商务出差背包行李包156寸笔记本电脑包,61.63,3000元以下,其他品牌,其他类型,河北,保定,600.0,千颜凯家箱包官方店
双肩电脑包14寸16高级感通勤旅行商务电脑背包大容量书包女大学生,118.0,3000元以下,其他品牌,其他类型,浙江,金华,400.0,丹铂箱包旗舰店
轻薄商务笔记本matebook14寸电脑包156寸休闲双肩背包男女百搭款,17.9,3000元以下,其他品牌,轻薄本,河北,保定,4000.0,蒂诗曼箱包
七匹狼双肩包男士大容量背包2024新款商务出差旅行电脑包男款书包,139.0,3000元以下,其他品牌,其他类型,湖北,武汉,200.0,七匹狼在途专卖店
联想拯救者电脑包Y7000p斜挎背包156寸游戏本笔记本r9000xr7000防水单肩包16英寸R9000pY9000p手提收纳袋,173.87,3000元以下,联想,游戏本,浙江,金华,20.0,培聚旗舰店
无限能笔记本充电宝PD100W超级快充大容量移动电源20V适用笔记本电脑平板手机闪充轻薄便携可上飞机官方正品,193.87,3000元以下,其他品牌,轻薄本,广东,东莞,1000.0,无限能国威好动力专卖店
笔记本内胆电脑包无磁扣电脑保护套适用于苹果133macbook华为matebook联想戴尔华硕内胆包14 15 16 英寸袋子,14.9,3000元以下,联想,其他类型,河南,信阳,10000.0,电麒麟旗舰店
DELL戴尔 Latitude 5290 平板电脑Windows系统二合一笔记本Win10,993.87,3000元以下,戴尔,二合一笔记本,广东,深圳,100.0,华锋数码易购
三星990PRO固态硬盘4T NVMe m2电竞游戏华硕笔记本台式机电脑SSD,879.0,3000元以下,华硕,游戏本,浙江,宁波,100.0,ASUS华硕旗舰店
罗技G502X无线游戏鼠标可充电机械混合微动csgo吃鸡笔记本电脑,799.0,3000元以下,机械革命,游戏本,湖北,武汉,400.0,好牛倌电脑硬件旗舰店
16g1024g官方2024新款平板电脑14英寸正品ipadpro吃鸡游戏画画办公二合一全网通5g笔记本学习机骁龙可插卡,255.6,3000元以下,其他品牌,游戏本,浙江,杭州,100.0,国货甄选旗舰店
NAIDUN奈盾笔记本平板电脑手提包macbookpro133air156英寸小米联想matebook14寸thinkpad华为16小新air惠普,99.0,3000元以下,联想,其他类型,广东,广州,200.0,奈盾数码配件旗舰店
手提笔记本电脑Apple苹果MacBook Air酷睿i7超薄Pro品牌折扣剪标,877.0,3000元以下,苹果,其他类型,广东,广州,20.0,小油柑数码
户外移动电源220V便携大容量停电应急小型车载自驾游备用大功率蓄电池家用摆摊笔记本电脑无线充电宝,292.87,3000元以下,其他品牌,其他类型,广东,中山,2000.0,新驰仕旗舰店
日本sunearth正品双肩包男女书包大容量背包电脑包外出妈咪包休闲,152.87,3000元以下,其他品牌,其他类型,山东,烟台,300.0,Sunearthu超会购
适用华为笔记本电脑通用无线蓝牙鼠标可充电双模静音女生办公联想,112.7,3000元以下,联想,其他类型,浙江,金华,900.0,朗特赫尔数码配件旗舰店
适用联想笔记本电脑散热底座器半导体制水冷却风扇拯救者y9000pr7000p小新x风扇游戏本1617寸华硕天选345,118.0,3000元以下,联想,游戏本,广东,广州,100.0,caibeike旗舰店
真皮双肩包男女大背包植鞣皮电脑包牛皮旅游包休闲复古手工背包男,793.87,3000元以下,其他品牌,其他类型,广东,佛山,300.0,皮薯薯
CENGE大容量双肩包轻便尼龙布出行背包高颜值通勤电脑包旅行书包,288.0,3000元以下,其他品牌,其他类型,广东,广州,100.0,CENGE 岑哥定制
新款360电竞游戏手柄适用xboxswitch电脑电视手机steam通用xbox360震动线性扳机双人成行无线有线笔记本,21.65,3000元以下,其他品牌,游戏本,浙江,杭州,200.0,国货甄选旗舰店
七匹狼双肩包男士背包新款书包时尚轻便旅行大容量通勤商务电脑包,96.03,3000元以下,其他品牌,其他类型,上海,未知,700.0,七匹狼楚雅专卖店
惠普有线键盘鼠标套装台式机办公家用笔记本电脑游戏无线,43.7,3000元以下,惠普,游戏本,浙江,杭州,400.0,国货甄选旗舰店
真皮大容量包包女2024新款托特包公文包电脑包牛皮手提单肩大包,402.87,3000元以下,其他品牌,其他类型,四川,达州,300.0,奢侈高端精品包包店
漫步者G3M PRO无线24G游戏鼠标静音电竞三模蓝牙笔记本电脑办公,253.87,3000元以下,其他品牌,游戏本,广东,广州,1000.0,漫步者广州专卖店
Dell戴尔灵越16Plus7610防蓝光3K屏16寸笔记本,5023.87,5000-7000元,戴尔,其他类型,江苏,南京,100.0,戴尔自营企业店
原创头层牛皮双肩包男复古疯马皮大容量电脑包女时尚旅行真皮背包,388.0,3000元以下,其他品牌,其他类型,广东,佛山,500.0,后步皮具
金利来2024新款男士双肩包商务大容量背包旅行办公出差电脑包男包,959.0,3000元以下,其他品牌,其他类型,广东,广州,200.0,金利来亚梦专卖店
北极狐轻便双肩包kanken学生书包电脑包大容量户外旅行背包妈咪包,109.0,3000元以下,其他品牌,其他类型,广东,广州,900.0,小淘淘海外代购折扣店
onepolar极地双肩包男女商务通勤旅行电脑包大容量户外背包休闲包,229.0,3000元以下,其他品牌,其他类型,广东,广州,500.0,onepolar旗舰店
新款双肩包时尚背包男商务男士电脑包大容量初中学生大学生书包男,78.0,3000元以下,其他品牌,其他类型,河北,保定,9000.0,爱尔绅特旗舰店
HP惠普无线鼠标蓝牙静音笔记本电脑办公双模适用ipad平板mac苹果,38.0,3000元以下,惠普,其他类型,浙江,杭州,500.0,国货甄选旗舰店
多隔层真皮牛皮男商务大容量时尚潮流简约旅行包袋双肩背包电脑包,392.87,3000元以下,其他品牌,其他类型,广东,广州,100.0,狼道langdao
GOLF潮牌双肩包男士时尚机能大容量户外旅行电脑包高中大学生书包,299.0,3000元以下,其他品牌,其他类型,广东,广州,100.0,GOLF旗舰店
高档男式2024新款大容量双肩包时尚商务旅行背包防盗笔记本电脑包,392.87,3000元以下,其他品牌,其他类型,广东,广州,90.0,鸿运背包旅行优选店
炫光G98有线静音键盘RGB女生无线办公电脑笔记本机械手感键鼠套装,49.0,3000元以下,机械革命,其他类型,广东,深圳,2000.0,敏涛数码专营
香港代购MK男士双肩背包牛皮时尚休闲大容量电脑包旅行包潮牌书包,242.87,3000元以下,其他品牌,其他类型,广东,广州,500.0,MK香港折扣店
真机械键盘鼠标套装有线青轴黑轴87104键电竞游戏电脑笔记本通用,69.6,3000元以下,机械革命,游戏本,浙江,杭州,300.0,天天特卖工厂店
Walker Shop防水商务背包男双肩包高级感电脑包书包大容量旅行包,1009.0,3000元以下,其他品牌,其他类型,广东,深圳,43.0,WalkerShop专柜正品
双肩包短途旅行大容量背包女士旅游登山电脑包初高中大学生书包男,57.9,3000元以下,其他品牌,其他类型,河北,保定,1000.0,jinshiwq旗舰店
CENGE大容量轻便双肩包瑜伽背包旅行包书包通勤电脑包健身包男女,299.0,3000元以下,其他品牌,其他类型,广东,广州,1000.0,CENGE 岑哥定制
日本SANWA无线键盘鼠标套装静音人体工学办公台式笔记本通用键鼠,289.0,3000元以下,其他品牌,其他类型,上海,未知,400.0,sanwasupply旗舰店
Walker Shop双肩包男士背包尼龙商务休闲旅行包电脑包通勤大容量,949.0,3000元以下,其他品牌,其他类型,广东,深圳,37.0,WalkerShop专柜正品
专柜正品牛津布公文包商务轻便手提包斜挎单肩包帆布男包电脑包,1322.87,3000元以下,其他品牌,其他类型,福建,龙岩,300.0,凯纳纯轻奢名品
xbox360手柄适用于微软电脑电视端steam笔记本通用usb无线游戏ns地平线双人成行游戏机摇杆科技有线主机智能,19.62,3000元以下,微软,游戏本,浙江,杭州,4000.0,天天特卖工厂店
VACK简约轻薄14寸笔记本电脑女双肩包156男商务背包133书包防水防摔减压161英寸适用苹果华为牛津布电脑包,217.87,3000元以下,华为,轻薄本,广东,广州,1000.0,vack箱包旗舰店
倍思140W充电宝24000毫安超大容量pd100w快充移动电源自带线适用苹果华为小米65w联想笔记本电脑Macbook正品,219.0,3000元以下,联想,其他类型,广东,深圳,67.0,卓选数码专营店
HP惠普有线键盘鼠标轻薄静音套装台式笔记本电脑USB办公游戏,49.9,3000元以下,惠普,轻薄本,上海,未知,100.0,天猫超市
2023秋季单肩包高品质双肩包电脑包商务休闲出价旅行通勤时尚潮流,59.0,3000元以下,其他品牌,其他类型,河北,保定,300.0,纪梵保罗旗舰店
途名男士双肩包Alpha3系列商务旅行电脑包弹道尼龙大容量背包,308.0,3000元以下,其他品牌,其他类型,广东,广州,500.0,TU I MI品牌代工直销
折叠蓝牙键盘新款无线便携轻薄静音笔记本电脑ipad手机通用可充电,199.0,3000元以下,其他品牌,轻薄本,广东,深圳,11.0,夕米旗舰店
惠普正品m2固态硬盘5001tb高速固态SSD笔记本台式电脑游戏硬盘,139.0,3000元以下,惠普,游戏本,广东,广州,1000.0,惠普中国官方旗舰店
VACK简约时尚商务电脑背包女双肩包14寸133适用小米华为苹果轻薄笔记本包161牛津布156英寸防摔防水男书包,207.87,3000元以下,华为,轻薄本,广东,广州,1000.0,vack箱包旗舰店
移族P300户外移动电源220v便携式大容量自驾游露营小型蓄电池可用数码手机投影仪笔记本电脑充电,1399.0,3000元以下,其他品牌,其他类型,广东,深圳,68.0,移族旗舰店
GOLF新款双肩包女2024简约电脑包女大容量高中大学生书包旅行背包,223.58,3000元以下,其他品牌,其他类型,广东,广州,92.0,GOLF旗舰店
新款双肩包男士真皮背包商务出差笔记本电脑包牛皮大容量旅行书包,218.0,3000元以下,其他品牌,其他类型,广东,广州,300.0,GDN男士皮具
Korin防盗背包防割男士商务出差旅行双肩包通勤防水电脑包书包女,599.0,3000元以下,其他品牌,其他类型,广东,广州,300.0,潮流品牌箱包直销店
适用华为HUAWEI笔记本电脑包14寸smatebook女13男士pro15点6x手提D女款16s内胆16matebookD男SE女LC,59.0,3000元以下,华为,其他类型,浙江,宁波,700.0,捷视罗旗舰店
商务会议男士双肩背包定制logo 大容量通勤笔记本电脑背包女印字,168.0,3000元以下,其他品牌,其他类型,河北,保定,500.0,铭图箱包高端定制
Razer雷蛇黑寡妇V3竞技版机械键盘巴塞V3电竞鼠标幻彩RGB游戏套装,1099.0,3000元以下,机械革命,游戏本,江苏,苏州,300.0,雷蛇官方旗舰店
韩国正品KANGOL袋鼠托特包女大容量单肩包大学生上班通勤包电脑包,103.0,3000元以下,其他品牌,其他类型,广东,广州,100.0,KANGOI专柜正品
视频会议全向麦克风音响一体会议室话筒远程语音拾音桌面扬声器收音降噪蓝牙无线USB电脑笔记本直播系统设备,762.87,3000元以下,其他品牌,其他类型,广东,深圳,300.0,pusenter浦神特旗舰店
远程win10系统重装电脑维修win7笔记本系统win10纯净版win11原版,5.0,3000元以下,其他品牌,其他类型,广东,广州,100.0,蓝校长旗舰店
日系大容量双肩包156寸电脑包男女大学生书包短途旅行背包时尚,94.76,3000元以下,其他品牌,其他类型,山东,烟台,1000.0,Sunearthu超会购
法国MKPREF帆布双肩包男背包简约潮女大学生书包休闲旅行包电脑包,228.0,3000元以下,其他品牌,其他类型,福建,厦门,200.0,法国MKPREF折扣店
质感高级专柜正版多用双肩包手提单肩斜挎背包防水大容量电脑包,177.0,3000元以下,其他品牌,其他类型,江西,上饶,1000.0,妞妞 全球购
韩国原创手提公文包女男商务OL风职业电脑包14寸文件包加厚尼龙包,24.9,3000元以下,其他品牌,其他类型,河北,保定,10000.0,韩国原创布袋诗尼店
游戏有线鼠标USB静音无声lol电竞家用办公笔记本台式电脑商务通用,12.9,3000元以下,其他品牌,游戏本,浙江,杭州,5000.0,国货甄选旗舰店
狼蛛S99无线蓝牙键盘机械手感笔记本电脑办公电竞游戏有线F高颜值,99.0,3000元以下,机械革命,游戏本,广东,东莞,5000.0,aula狼蛛华凌度专卖店
金利来新款男包奢侈品公文包男商务手提包时尚复古出差办公电脑包,665.0,3000元以下,其他品牌,其他类型,广东,广州,900.0,金利来箱包旗舰店
笔记本电脑包14寸女款单肩手提适用苹果联想MateBookpro13华为惠普pro15戴尔小米16防震防摔高级感通勤ipad包,59.0,3000元以下,联想,其他类型,广东,惠州,7000.0,sfmarceau凯纳都专卖店
Go Girl Go正品卡通怪物贴布电脑包适用华为苹果联想华硕戴尔笔记本电脑包,38.9,3000元以下,联想,其他类型,广东,广州,3000.0,不会说谎的恰恰
ARCTERYX始祖鸟双肩包MANTIS26男女通用 户外防水耐磨笔记本25815,1398.99,3000元以下,其他品牌,其他类型,浙江,温州,1000.0,想名字呢
Wenger威戈瑞士军刀商务防水双肩包男电脑背包出差笔记本背包男,463.87,3000元以下,其他品牌,其他类型,江苏,苏州,100.0,威戈官方旗舰店
diplomat外交官书包男大容量背包商务休闲旅行双肩包简约电脑包,299.0,3000元以下,其他品牌,其他类型,江苏,苏州,300.0,diplomat官方旗舰店
鼠标有线usb静音家用办公台式笔记本电脑cf电竞游戏lol男开门红,7.83,3000元以下,其他品牌,游戏本,浙江,杭州,1000.0,国货甄选旗舰店
半导体二合一笔记本散热器电脑制冷底座支架风扇降温板增高支撑静音游戏本适用联想华硕戴尔外星人拯救者,133.8,3000元以下,联想,游戏本,浙江,杭州,200.0,天天特卖工厂店
Lenovo联想 F308移动硬盘 大容量笔记本电脑外接 高速读写硬盘,349.0,3000元以下,联想,其他类型,北京,未知,1000.0,联想帝豪天成专卖店
无线ipad蓝牙键盘笔记本台式平板电脑通用超静音便携办公打字无声,128.0,3000元以下,其他品牌,其他类型,广东,深圳,1000.0,ifacemall旗舰店
新款游历系列公文包牛仔双肩包商务通勤电脑包卢昱晓同款大容量包,242.87,3000元以下,其他品牌,其他类型,北京,未知,40.0,GCHRNDXTT手袋折扣店
2024新款双肩包男士背包女笔记本电脑包16寸旅行户外适用苹果Macbook14英寸15点6华为14联想上班通勤防摔防震,308.0,3000元以下,联想,其他类型,广东,深圳,100.0,伊卡仕箱包皮具
Cnoles蔻一墨澜单肩托特包2024新款大容量电脑包黑色通勤包女大包,229.0,3000元以下,其他品牌,其他类型,广东,广州,500.0,Cnoles旗舰店
ACECOAT手提电脑包原创好看2024女款笔记本袋公文包14英寸减震防摔通勤牛皮纸文件包133适用苹果华为联想,138.0,3000元以下,联想,其他类型,广东,广州,87.0,acecoat旗舰店
倍思Nomos自带伸缩线充电宝PD65W快充20000毫安大容量便携移动电源适用华为小米苹果15专用笔记本电脑Macbook,269.0,3000元以下,华为,其他类型,广东,深圳,200.0,卓选数码专营店
杰克阿玛尼背包男双肩包真皮大容量休闲商务电脑包潮流旅行包书包,168.0,3000元以下,其他品牌,其他类型,上海,未知,2000.0,杰克阿玛尼品牌店
紫米充电宝100W大功率PD超级快充40000毫安户外超大容量双向65W适用苹果小米华为笔记本电脑iPad掌机带照明灯,599.0,3000元以下,华为,其他类型,广东,东莞,300.0,紫米旗舰店
适用于华硕天选固态硬盘1t高速扩展2345pro笔记本电脑SSD m2,149.3,3000元以下,华硕,其他类型,浙江,杭州,100.0,天天特卖工厂店
Samsonite新秀丽背包男商务通勤书包大容量多功能双肩包电脑包KM2,2480.0,3000元以下,其他品牌,其他类型,上海,未知,66.0,新秀丽官方旗舰店
Kappa卡帕 新款正品托特包女大容量通勤单肩包百搭学生手提电脑包,432.0,3000元以下,其他品牌,其他类型,湖北,武汉,54.0,Kappa卡帕专卖店
欧美P经典款降落伞家尼龙布公文包 男女通用电脑包单肩斜挎手提包,980.0,3000元以下,其他品牌,其他类型,广东,广州,22.0,欧品汇高品
Lee新款双肩包高中生初中生书包女牛仔布简约背包男大学生电脑包,168.0,3000元以下,其他品牌,其他类型,广东,广州,86.0,lee箱包旗舰店
Epiphqny双肩包男士背包休闲书包旅行包女电脑包运动通勤出差包包,999.0,3000元以下,其他品牌,其他类型,广东,广州,100.0,epiphqny旗舰店
适用于华硕天选45Pro电脑包2024天选3三Air游戏笔记本FX517FA506 FX507 156寸16寸FX607男女手提单肩背包,52.0,3000元以下,华硕,游戏本,广东,云浮,9000.0,镔锐数码
适用华为MateBook D1415笔记本防水防震电脑包16寸双肩包16s背包,228.0,3000元以下,华为,其他类型,浙江,金华,100.0,培聚旗舰店
WD西部数据500G机械硬盘25寸西数1T黑盘游戏笔记本电脑7200转7mm,45.0,3000元以下,机械革命,游戏本,安徽,合肥,6000.0,北京  龙海科技
2024新款真皮复古学院风书包大容量牛皮双肩包男通勤电脑包背包女,479.0,3000元以下,其他品牌,其他类型,广东,广州,300.0,La Seine塞纳
全国出租笔记本电脑办公设计租借租用游戏本租赁深圳广州佛山同城,80.0,3000元以下,其他品牌,游戏本,广东,广州,100.0,大众租机
床上书桌学习桌可折叠可升降小桌子桌板床上桌放床上用折叠学生宿舍上铺写作业电脑桌懒人超大笔记本移动收纳,42.8,3000元以下,其他品牌,其他类型,山东,临沂,10000.0,栎杨数码专营店
新秀丽男款双肩包牛皮革书包年轻人背包商务电脑包外出男包 TM0,1580.0,3000元以下,其他品牌,其他类型,上海,未知,100.0,新秀丽皮具旗舰店
佳合CM208麦克风电脑台式话筒游戏语音笔记本USB通用降噪吃鸡主播直播K歌家用会议YY聊天录音设备电容麦mic,39.8,3000元以下,其他品牌,游戏本,浙江,嘉兴,9000.0,捷宏数码专营店
彬澳袋鼠大容量双肩背包女士防水学生书包休闲时尚电脑包旅行包男,78.0,3000元以下,其他品牌,其他类型,河北,保定,7000.0,彬澳袋鼠旗舰店
日系高中生书包女初中生双肩包2024新款大学生简约旅行背包电脑包,59.0,3000元以下,其他品牌,其他类型,广东,广州,10000.0,新町旗舰店
匡威 新款正品男女经典双肩背包书包电脑包 10021138A12A14A15,349.0,3000元以下,其他品牌,其他类型,浙江,杭州,100.0,上海专柜正品店铺
唐麦a8耳机入耳式有线35mm头圆孔电脑带麦游戏降噪适用华为手机,99.0,3000元以下,华为,游戏本,广东,深圳,2000.0,唐麦旗舰店
英菲克IN9无线鼠标有线蓝牙三模台式电脑笔记本充电游戏电竞宏,129.0,3000元以下,其他品牌,游戏本,广东,东莞,1000.0,英菲克旗舰店
适用华为2023新款matebook14s笔记本壳13保护套pro电脑x外壳D16膜14荣耀magicbook贴纸D14配件16寸D15硅胶SE,52.64,3000元以下,华为,其他类型,广东,东莞,30000.0,xrace旗舰店
忆捷移动硬盘1t正品外置电脑笔记本外接手机机械固态高速游戏硬盘,308.0,3000元以下,机械革命,游戏本,广东,深圳,600.0,eaget忆捷旗舰店
电脑音响台式家用桌面笔记本有线蓝牙小音箱超重低音炮多媒体喇叭,29.9,3000元以下,其他品牌,其他类型,广东,深圳,10000.0,未来基因千辰汇专卖店
机械电竞鼠标有线静音游戏cf办公lol男女生USB电脑台式笔记本通用,25.99,3000元以下,机械革命,游戏本,浙江,杭州,7000.0,天天特卖工厂店
美国WP充电宝容量超大20000毫安自带线45W双向快充适用iPhone15苹果14手机小米iPad笔记本电脑移动电源,358.0,3000元以下,苹果,其他类型,广东,东莞,4000.0,W&P旗舰店
笔记本电脑小音响台式机迷你超重低音炮连接桌面usb有线小音箱,25.8,3000元以下,其他品牌,其他类型,浙江,杭州,100.0,天天热卖精选店
双肩包男士背包大容量旅行包男摄影通勤商务电脑包书包女轻便防水,56.0,3000元以下,其他品牌,其他类型,浙江,杭州,1000.0,天天特卖工厂店
安踏中国国家地理联名运动双肩背包通勤电脑包健身大容量休闲黑色,259.0,3000元以下,其他品牌,其他类型,福建,泉州,50.0,anta官方outlets店
显示器24英寸2k144hz屏幕办公外接笔记本台式电脑27寸180hz高清,309.0,3000元以下,其他品牌,其他类型,广东,佛山,100.0,灵蛇锶拓专卖店
倍思100W氮化镓充电器插座宿舍排插USB充电插排多孔接线板适用华为小米苹果15手机65w快充笔记本电脑插线板,229.0,3000元以下,华为,其他类型,湖北,武汉,900.0,鑫鼎数码专营店
MYD途愉双肩包女大容量初中女生大学生旅行电脑包轻便旅游背包男,379.0,3000元以下,其他品牌,其他类型,广东,惠州,100.0,myd旗舰店
安踏双肩包男女大容量背包通勤电脑包简约时尚学生书包新官方正品,179.0,3000元以下,其他品牌,其他类型,广东,中山,800.0,安踏官方网店
24期免息联想ThinkPad X1 Nano 2023轻薄商务办公笔记本电脑,7299.0,7000-9000元,联想,轻薄本,上海,未知,51.0,ThinkPad志旋专卖店
zarahome新品男包商务旅行包时尚学生书包大容量电脑包双肩背包潮,149.0,3000元以下,其他品牌,其他类型,广东,广州,700.0,ZARA
商务背包男士双肩包女旅行包休闲出差通勤大学生笔记本电脑书包男,208.0,3000元以下,其他品牌,其他类型,河北,保定,10000.0,侨凡
GIONAR公文包男款2024新款单肩商务电脑包真皮大容量律师手提男包,979.0,3000元以下,其他品牌,其他类型,广东,广州,300.0,gionar旗舰店
jeep吉普牛津布双肩包新款旅行背包男时尚电脑包中学生书包大学生,110.07,3000元以下,其他品牌,其他类型,福建,泉州,51.0,JeepU大牌鞋服正品店
笔记本电脑配置升级CPUi3更换i5i7i9处理器板载内存加大硬盘扩容,100.0,3000元以下,其他品牌,其他类型,广东,深圳,100.0,非常电脑服务店
金利来双肩包男士轻便背包休闲书包电脑包通勤旅行包包大容量男包,369.0,3000元以下,其他品牌,其他类型,广东,广州,100.0,金利来箱包旗舰店
笔记本电脑包156寸14男女适用苹果戴尔华硕双肩包联想拯救者y7000游戏本173英寸华为小米pro16时尚背包161,49.9,3000元以下,联想,游戏本,浙江,宁波,1000.0,江东索酷数码专营店
ELECOM商务双肩包轻量背包156寸笔记本电脑包大容量书包防水男,189.0,3000元以下,其他品牌,其他类型,广东,深圳,700.0,elecom宜丽客旗舰店
铠侠TC10东芝TR200 240G480G960G笔记本SATA3固态硬盘25寸台式,209.0,3000元以下,其他品牌,其他类型,浙江,宁波,1000.0,玖乐固态硬盘
Echolac爱可乐双肩包2024新款男女旅行电脑包大容量短途旅行背包,198.0,3000元以下,其他品牌,其他类型,广东,广州,55.0,伊伊直邮代购店
BOW 垂直鼠标立式双模无线蓝牙笔记本电脑声人体工学通用办公滑鼠,80.0,3000元以下,其他品牌,其他类型,广东,深圳,500.0,bow航世沐圣专卖店
微软Surface Pro 9 i7 16G 256G512G1TB2TB平板电脑二合一 微软平板电脑 微软笔记本电脑,8888.01,7000-9000元,微软,二合一笔记本,上海,未知,23.0,微软乐映专卖店
虞书欣同款Samsonite新秀丽双肩包 2023年新款电脑包书包,368.0,3000元以下,其他品牌,其他类型,北京,未知,100.0,秀丽背包003号店
新款5G无线路由器随身wifi6千兆双频全网通高速流量移动便携家用cpe设备宽带笔记本电脑户外直播旅游车载网络,293.87,3000元以下,其他品牌,其他类型,广东,深圳,1000.0,圣凡杜旗舰店
床上小桌子可折叠学习宿舍笔记本电脑桌家用卧室飘窗儿童学生懒人书桌,9.9,3000元以下,其他品牌,其他类型,河北,廊坊,600.0,林格豪旗舰店
官网小ck双肩包2024新款书包初中女大学生旅行大容量背包电脑包,199.0,3000元以下,其他品牌,其他类型,广东,广州,700.0,CrtnzoKroez旗舰店
月神集物大容量双肩包山系休闲户外包男女背包旅行学生书包电脑包,263.87,3000元以下,其他品牌,其他类型,上海,未知,200.0,月神集物LaLUNA
Adidas阿迪达斯双肩包男三叶草背包女学生书包旅行电脑包香港代购,208.0,3000元以下,其他品牌,其他类型,上海,未知,100.0,环宇时尚
男士公文包礼物真皮手提电脑包高级感商务休闲通勤包铂金包手拎宝,2648.87,3000元以下,其他品牌,其他类型,福建,泉州,19.0,Colenimo 品牌店
Belkin贝尔金65W双口USBC氮化镓PD充电器Typec适用苹果15iPhone151413华为手机笔记本Mac电脑iPad快充插头,211.59,3000元以下,华为,其他类型,广东,深圳,5000.0,belkin旗舰店
李森360度可旋转笔记本电脑支架托架桌面立式增高悬空升降游戏本macbook合金支撑散热底座手提平板二合一架子,168.0,3000元以下,其他品牌,游戏本,广东,惠州,4000.0,lisen旗舰店
笔记本充电宝130W适用联想拯救者戴尔惠普华硕游戏本电脑移动电源,245.0,3000元以下,联想,游戏本,广东,深圳,100.0,维氪能量
月神集物超轻便双肩包斜挎两用女电脑包防水户外男徒步休闲日背包,133.71,3000元以下,其他品牌,其他类型,上海,未知,1000.0,月神集物LaLUNA
笔记本电脑支架桌面增高散热神器折叠便携调节颈椎架子办公室物架,5.08,3000元以下,其他品牌,其他类型,浙江,杭州,2000.0,天天热卖精选店
暇步士双肩包包新款包包真皮大容量书包旅行背包男商务电脑包,999.0,3000元以下,其他品牌,其他类型,广东,广州,100.0,暇步士箱包旗舰店
笔记本电脑维修服务华硕联想神州惠普外星人小米戴尔主板显卡,100.0,3000元以下,联想,其他类型,广东,佛山,100.0,泰丽莎旗舰店
onrf书包大容量新款黑色休闲电脑包防水通勤双肩包时尚大学生男潮,329.0,3000元以下,其他品牌,其他类型,广东,广州,1000.0,onrf旗舰店
日本双肩电脑包简约适用苹果联想华为笔记本背包拯救者y7000游戏本16寸联想R9000P戴尔惠普156华硕ROG荣耀,147.96,3000元以下,联想,游戏本,福建,厦门,200.0,小丸吉日本海外购
致钛SC001 256G固态硬盘M2 SATA接口台式笔记本电脑SSD长江存储,159.0,3000元以下,其他品牌,其他类型,广东,广州,12.0,精战电竞存储
香港代购双肩包女2024新款书包男旅行背包轻便大容量电脑包大学生,538.0,3000元以下,其他品牌,其他类型,福建,泉州,64.0,香港IT DAGANI专柜店
泰坦军团24英寸笔记本外接显示器高刷180Hz电竞144电脑屏幕27游戏,499.0,3000元以下,其他品牌,游戏本,上海,未知,200.0,众翔数码专营店
英菲克W8鼠标有线游戏电竞静音无声家用办公电脑笔记本男女生台式,34.9,3000元以下,其他品牌,游戏本,广东,东莞,10000.0,英菲克旗舰店
适用华硕惠普戴尔联想拯救者Y9000P笔记本电脑包156寸16寸161寸17寸18英寸173男女商务中学生书包双肩背包,105.0,3000元以下,联想,其他类型,广东,广州,1000.0,森联达数码专营店
优派无线鼠标静音办公可充电款笔记本电脑台式机通用无声便携滑鼠,16.9,3000元以下,其他品牌,其他类型,广东,东莞,7000.0,优派凯网专卖店
联想专用联想笔记本电脑散热器支架拯救者y7000p2019风扇y9000p小新底座模组半导体制冷降温静音外置,358.0,3000元以下,联想,其他类型,广东,深圳,57.0,monqiqi旗舰店
大容量通勤包男士双肩包笔记本电脑包防水商务休闲背包简约多功能,79.0,3000元以下,其他品牌,其他类型,浙江,绍兴,600.0,木村耀司创申专卖店
适用Dell戴尔灵越inspiron156英寸贴纸5620笔记本16寸成就vostro14pro电脑3511保护膜5310保护壳3400游戏本,15.0,3000元以下,戴尔,游戏本,广东,广州,1000.0,云景鹿旗舰店
漫步者g1500bar笔记本电脑专用音响麦克风一体有线蓝牙桌面小音箱,193.87,3000元以下,其他品牌,其他类型,广东,广州,70.0,漫步者音派专卖店
2024新款秋季单肩包高品质双肩包电脑包商务休闲旅行通用时尚潮流,59.0,3000元以下,其他品牌,其他类型,浙江,温州,3.0,纪梵保罗旗舰店
金利来新款男包头层牛皮男士手提包真皮简约商务公文包横款电脑包,1429.0,3000元以下,其他品牌,其他类型,广东,广州,94.0,金利来箱包旗舰店
Ehomewei可折叠双屏便携显示器触控笔双25K电脑笔记本办公扩展屏,1799.0,3000元以下,其他品牌,其他类型,广东,深圳,13.0,ehomewei旗舰店
HP惠普游戏键盘有线薄膜机械手感电竞女生办公电脑笔记本打字专用,59.9,3000元以下,惠普,游戏本,广东,广州,2000.0,惠普中国官方旗舰店
床上小桌子学生书桌学习桌可折叠桌炕桌宿舍上铺笔记本电脑桌飘窗小桌板简易家用懒人桌儿童写字桌卧室坐地,10.9,3000元以下,其他品牌,其他类型,河北,廊坊,90000.0,林格豪旗舰店
新秀丽双肩包HS8正品HZ0 背包轻便男士16寸电脑包大容量商务包DV5,680.0,3000元以下,其他品牌,其他类型,浙江,嘉兴,1000.0,明人箱包正品店
WD西部数据 WD5000LPVX,8840.0,7000-9000元,其他品牌,其他类型,广东,广州,45.0,d[s72566272]
华为65W充电器原装正品超级快充笔记本平板电脑matebook XEDXPro131415matepad11Prom6充电插头官方,85.0,3000元以下,华为,其他类型,广东,深圳,2000.0,乐购风数码专营店
220V户外移动电源便携小型家用摆摊蓄电池笔记本电脑充电宝无线,262.87,3000元以下,其他品牌,其他类型,广东,中山,2000.0,新驰仕旗舰店
korin户外登山包大容量电脑旅行双肩包男士背包防水出差行李包袋,1279.0,3000元以下,其他品牌,其他类型,广东,广州,97.0,KORIN旗舰店
173商务出差双肩包男女大容量背包16寸电脑包初高中大学生书包男,20.96,3000元以下,其他品牌,其他类型,浙江,杭州,300.0,天天特卖工厂店
小秋の小店小秋搞机笔记本电脑拆机清灰工具信越硅脂7921套装7950,49.9,3000元以下,其他品牌,其他类型,浙江,金华,5000.0,小秋の小店
Razer雷蛇猎魂光蛛巴塞利斯蛇V3电竞游戏鼠标键盘耳机鼠标垫套装,2249.0,3000元以下,其他品牌,游戏本,江苏,苏州,29.0,雷蛇官方旗舰店
德国柏林之声电脑音响台式家用电竞游戏有线可蓝牙音箱笔记本专用,98.0,3000元以下,其他品牌,游戏本,广东,深圳,2000.0,niye耐也旗舰店
金利来新潮双肩包男士旅行背包商务书包休闲大容量电脑包通勤男包,409.0,3000元以下,其他品牌,其他类型,广东,广州,100.0,金利来箱包旗舰店
飞利浦鼠标有线USB静音无声办公游戏通用电竞台式机电脑笔记本,21.9,3000元以下,其他品牌,游戏本,湖北,武汉,2000.0,羽星数码专营店
商务双肩包男士通勤男款出差旅行17寸电脑包防水休闲书包男背包皮,213.87,3000元以下,其他品牌,其他类型,广东,广州,1000.0,SEWAFOX塞瓦狐品牌店
美国代购coach蔻驰男包商务电脑包校园书包大号登山旅行双肩背包,1124.87,3000元以下,其他品牌,其他类型,美国,未知,92.0,柒柒奥莱代购
绿巨能适用小米Air13笔记本电池125133156英寸Pro游戏本R13B01WR15B01WR10B01WG15B01WN15B01W电脑,229.0,3000元以下,小米,游戏本,广东,深圳,4000.0,绿巨能旗舰店
Colins Keirs双肩包男商务高级感电脑包大容量出差旅行包男士背包,368.0,3000元以下,其他品牌,其他类型,广东,广州,600.0,ColinsKeirs旗舰店
音响电脑台式家用小音箱有线低音炮笔记本电脑专用桌面音响音箱,11.85,3000元以下,其他品牌,其他类型,广东,深圳,1000.0,库凯龙数码旗舰店
前行者有线游戏电竞鼠标静音机械宏笔记本台式电脑办公游戏星闪,29.0,3000元以下,机械革命,游戏本,广东,深圳,5000.0,炫光数码配件旗舰店
Qminica大容量初高中双肩包156寸电脑包女大学生书包旅行背包,158.0,3000元以下,其他品牌,其他类型,江苏,无锡,8000.0,Qminica企业店
2023秋冬新品男士真皮单肩斜挎包通勤休闲电脑包大容量牛皮饺子包,360.87,3000元以下,其他品牌,其他类型,广东,佛山,100.0,佐也原创男包
适用苹果无线鼠标蓝牙静音办公mac充电macbook电脑pro笔记本air女,88.0,3000元以下,苹果,其他类型,广东,深圳,2000.0,顺杰旗舰店
爱国者S500固态硬盘1tb sata接口 台式机电脑笔记本ssd固态硬盘2t,399.0,3000元以下,其他品牌,其他类型,浙江,杭州,1000.0,爱国者力挺专卖店
适用华为Matebook14s笔记本电脑双肩包D14D15D16电脑包13s14s16s背包Xpro手提袋134 142 156 16寸书包,54.32,3000元以下,华为,其他类型,广东,云浮,300.0,AC电脑包店
Wenger威戈双肩包男休闲商务差旅背包大容量女电脑包612020,363.87,3000元以下,其他品牌,其他类型,江苏,无锡,100.0,威戈官方旗舰店
MARK RYDEN马可莱登电脑双肩包男士轻薄防水16寸笔记本电脑背包,139.0,3000元以下,其他品牌,轻薄本,广东,广州,500.0,高端电脑包之家
Fion菲安妮双肩包 24新款轻奢感女士书包通勤出游旅行背包电脑包,699.0,3000元以下,其他品牌,其他类型,广东,惠州,900.0,FION菲安妮旗舰店
电脑音响台式家用桌面笔记本有线蓝牙小音箱一体式带麦克风低音炮,29.9,3000元以下,其他品牌,其他类型,广东,深圳,100.0,原动力数码专营店
Kipling双肩背包学生电脑包女凯普林猴子旅行休闲大容量书包百搭,162.87,3000元以下,其他品牌,其他类型,广东,佛山,1000.0,猴子Kipling
惠普电脑耳机头戴式有线电竞游戏耳麦吃鸡台式笔记本带麦立体声,39.9,3000元以下,惠普,游戏本,浙江,杭州,600.0,国货甄选旗舰店
Polo双肩包女新款大容量背包原创小众电脑包大学生书包韩系学院风,209.0,3000元以下,其他品牌,其他类型,广东,广州,500.0,polo箱包旗舰店
惠普笔记本电脑耳机有线游戏耳麦睡眠耳塞手机适用于华为苹果安卓,23.9,3000元以下,惠普,游戏本,广东,广州,5000.0,惠普中国官方旗舰店
高尔夫双肩包男简约电脑包休闲商务背包牛津布防水大容量时尚书包,223.87,3000元以下,其他品牌,其他类型,广东,广州,400.0,golf逸君专卖店
新款帆布男士潮流双肩包大容量中学生书包休闲旅行背包电脑包男包,68.0,3000元以下,其他品牌,其他类型,广东,广州,5000.0,kce旗舰店
顺丰包邮Helikon轻量化Laptop Briefcase电脑包手提包斜挎包,328.0,3000元以下,其他品牌,其他类型,陕西,西安,300.0,Gain盖隐技术
小米双肩包商务电脑包米家轻便旅行包男女经典简约大容量背包新款,76.03,3000元以下,小米,其他类型,北京,未知,92.0,小米箱包旗舰店
HP惠普机械键盘82键办公游戏电竞通用无线蓝牙笔记本电脑台式女生,99.0,3000元以下,惠普,游戏本,广东,广州,13.0,惠普中国官方旗舰店
ELECOM休闲双肩包156寸笔记本电脑包大容量背包行李包旅行包男,389.0,3000元以下,其他品牌,其他类型,广东,深圳,100.0,elecom宜丽客旗舰店
森马双肩包男史努比系列2024新款学院风情侣背包大容量电脑包书包,149.0,3000元以下,其他品牌,其他类型,浙江,嘉兴,19.0,森马官方旗舰店
专柜正版双肩包女通勤单肩斜挎包多用背包男手提电脑包大容量时尚,153.87,3000元以下,其他品牌,其他类型,山东,烟台,100.0,Sunearthu超会购
新秀丽双肩包男士牛皮革旅行背包大容量电脑包高端商务书包 NR7,2046.0,3000元以下,其他品牌,其他类型,上海,未知,34.0,新秀丽皮具旗舰店
Dickies单肩大容量尼龙托特包男女通勤学生旅行电脑包轻便2024新,169.0,3000元以下,其他品牌,其他类型,广东,佛山,700.0,dickies箱包旗舰店
玛赫双肩电脑包16寸女士2023新款书包适用苹果华为Macbook13拯救者156联想小新笔记本14防震防水大容量背包,69.0,3000元以下,联想,其他类型,广东,惠州,1000.0,apirily玛赫专卖店
在途现货 Gaston Luga双肩包男商务电脑包大容量书包潮旅行背包,488.0,3000元以下,其他品牌,其他类型,广东,广州,50.0,NANA瑞典代购直邮
BOW 热插拔双模无线蓝牙机械键盘外接ipad笔记本电脑茶轴红轴98键,139.0,3000元以下,机械革命,其他类型,广东,深圳,2000.0,bow旗舰店
WD西部数据笔记本sata固态硬盘30接口台式1tb240g480g电脑存储,219.9,3000元以下,其他品牌,其他类型,北京,未知,300.0,西部数据仙石专卖店
日本SANWA双肩电脑包笔记本背包16寸男简约拼色书包女双肩包日系品牌ins潮牌大容量轻便休闲大开口独立电脑层,219.0,3000元以下,其他品牌,其他类型,上海,未知,1000.0,sanwasupply旗舰店
专柜正品日本乐天潮牌超轻大容量休闲双肩包14寸电脑包商场同款,124.83,3000元以下,其他品牌,其他类型,浙江,金华,600.0,Sun Earth U品牌直销店企业店
日系无印良品双肩包男女学生书包背包电脑包旅行包纯色休闲大容量,84.0,3000元以下,其他品牌,其他类型,山东,潍坊,2000.0,无印超汇super mall
2024新款笔记本电脑包女士托特包可放14寸电脑大容量手提单肩适用苹果macbook联想小新戴尔华为16寸收纳通勤,39.9,3000元以下,联想,其他类型,安徽,黄山,1000.0,相伴一生办公用品旗舰店
Walker Shop奥卡索男士大容量双肩包时尚户外背包电脑包牛津纺包,993.87,3000元以下,其他品牌,其他类型,广东,东莞,45.0,WalkerShop品牌店
通勤电脑包运动双肩背包男女adidas阿迪达斯官方outlets IK4352,269.0,3000元以下,其他品牌,其他类型,江苏,苏州,200.0,adidas官方outlets店
G3 G5 G7 3579 3590游匣7567戴尔笔记本电脑运行8g内存条16G2666,85.0,3000元以下,戴尔,其他类型,北京,未知,4000.0,笔记本内存批发
HUAWEI华为无线蓝牙鼠标无线原装人体工学办公台式笔记本电脑滑鼠,74.0,3000元以下,华为,其他类型,广东,东莞,4000.0,华为上乘专卖店
Colins Keirs新款双肩包男大容量173寸电脑包男士休闲旅行大背包,358.0,3000元以下,其他品牌,其他类型,广东,广州,700.0,ColinsKeirs旗舰店
背包男女双肩包笔记本电脑包商务旅行时尚潮流大容量156寸14书包,99.0,3000元以下,其他品牌,其他类型,河北,保定,3000.0,巴朗旗舰店
瑞士军士刀双肩包男背包商务旅行旅游大容量电脑包初高中学生书包,115.13,3000元以下,其他品牌,其他类型,广东,广州,1000.0,瑞士军刀箱包企业店
惠普游戏键盘键鼠套装鼠标电竞笔记本电脑键盘台式男女生办公外设,58.41,3000元以下,惠普,游戏本,浙江,杭州,73.0,国货甄选旗舰店
双肩包男士背包可扩容大容量商务出差旅行李包156寸笔记本电脑包,70.57,3000元以下,其他品牌,其他类型,河北,保定,700.0,渊渟箱包
2024新款高中生书包女初中生大容量双肩包简约ins火大学生电脑包,262.87,3000元以下,其他品牌,其他类型,福建,泉州,1000.0,时尚达人香港代购
Lenovo Care 联想笔记本电脑智享延保服务5年服务包,1199.0,3000元以下,联想,其他类型,安徽,合肥,2.0,联想官方旗舰店
可移动床边桌笔记本电脑桌可升降工作台家用床上书桌折叠沙发边几,349.0,3000元以下,其他品牌,其他类型,江苏,南京,200.0,顾念智创空间旗舰店
背包男士双肩包大容量行李包户外登山旅行出差商务电脑包女款书包,109.0,3000元以下,其他品牌,其他类型,河北,保定,4000.0,jinshiwq旗舰店
罗技k845 k835青轴红轴机械键盘茶轴游戏手感电竞笔记本电脑办公,249.0,3000元以下,机械革命,游戏本,湖北,武汉,400.0,IPASON攀升官方旗舰店
电脑屏幕挂灯台式曲面显示器挂灯护眼电竞台灯办公桌面游戏补光灯,40.8,3000元以下,其他品牌,游戏本,浙江,杭州,600.0,国货甄选旗舰店
HP惠普无线鼠标静音可爱男女生笔记本可充电办公便携电脑鼠标游戏,37.9,3000元以下,惠普,游戏本,广东,广州,10000.0,惠普中国官方旗舰店
2024新款笔记本电脑包内胆包适用于苹果华为戴尔联想小新air14寸macbookpro133男matebook16女士156保护套,14.8,3000元以下,联想,其他类型,安徽,黄山,10000.0,相伴一生外开恩专卖店
英皇保罗男士大容量背包商务双肩包休闲时尚电脑包学生蓝色书包潮,248.0,3000元以下,其他品牌,其他类型,广东,广州,800.0,williampolo来菲专卖店
Samsonite新秀丽包大容量休闲双肩包16英寸电脑包新款背包男 QY1,1272.64,3000元以下,其他品牌,其他类型,江苏,苏州,30.0,新秀丽背包旗舰店
HECATE漫步者G5000笔记本台式电脑音响桌面蓝牙音箱家用电竞游戏,1999.0,3000元以下,其他品牌,游戏本,安徽,合肥,100.0,漫步者官方旗舰店
信越7921 7868导热硅脂CPU散热膏 笔记本电脑显卡硅胶散热硅脂膏,10.5,3000元以下,其他品牌,其他类型,河南,漯河,30000.0,西澳科技
回力书包双肩包男士大容量电脑包新款旅行背包高中初中生女大学生,59.0,3000元以下,其他品牌,其他类型,江苏,镇江,3000.0,回力箱包旗舰店
植鞣皮男士双肩包真皮休闲书包大容量背包头层牛皮商务旅行电脑包,499.0,3000元以下,其他品牌,其他类型,广东,广州,100.0,Webber
Converse匡威 正品男女运动双肩背包学生书包电脑包10020533A26,143.1,3000元以下,其他品牌,其他类型,江苏,苏州,76.0,yysports官方旗舰店
彬澳袋鼠时尚双肩背包男士轻便防水学生书包韩版商务电脑包旅行包,79.0,3000元以下,其他品牌,其他类型,河北,保定,500.0,wuzigolf翌男专卖店
电脑音响台式家用音箱低音炮带麦克风一体桌面有线小型笔记本喇叭,48.02,3000元以下,其他品牌,其他类型,广东,惠州,100.0,ssjy旗舰店
联想拯救者固态硬盘1T笔记本y9000py7000r9000p专用电脑扩展ssd,127.4,3000元以下,联想,其他类型,广东,揭阳,82.0,依正数码旗舰店
无线蓝牙键盘鼠标套装静轻音机械手感办公游戏台式电脑笔记本用,105.73,3000元以下,机械革命,游戏本,江西,南昌,100.0,冠伦数码专营店
德国巴斯夫适用macbook保护壳苹果笔记本保护套2024新款Air15寸Pro13英寸16超薄14透明136磨砂M2电脑M3,318.0,3000元以下,苹果,其他类型,广东,深圳,1000.0,焦拓旗舰店
宏基GM7GM7000掠夺者1T2TBNVME40PS5台式电脑笔记本固态硬盘,509.0,3000元以下,其他品牌,其他类型,湖北,武汉,800.0,凯盛电脑
Samsonite新秀丽学院风皮质时尚黑色有夹层双肩包商务电脑包TQ5,249.02,3000元以下,其他品牌,其他类型,天津,未知,300.0,BIGOFFS正品特卖箱包店
爱华仕双肩包女轻便旅行背包书包初中生高中女生男大容量电脑包,259.0,3000元以下,其他品牌,其他类型,上海,未知,6.0,天猫超市
北通蝙蝠2游戏手柄电脑手柄有线steam手柄北通手柄pc电脑版双人成行笔记本xbox手柄pc手柄黑神话电视悟空,62.63,3000元以下,其他品牌,游戏本,广东,广州,20000.0,北通欣展专卖店
卡通电脑包外出手提14寸适用苹果mac133华为华为荣耀笔记本magicbook14s戴尔游戏本156华硕防水简约出行,24.0,3000元以下,华硕,游戏本,广东,惠州,5000.0,语星通旗舰店
壹号本OneXPlayer游侠X1平板笔记本电脑游戏掌机酷睿Ultra7 155H,7193.87,7000-9000元,其他品牌,游戏本,上海,未知,17.0,壹号本上海店
彬澳袋鼠休闲双肩背包男士防水时尚旅行包大容量电脑包学生书包潮,89.0,3000元以下,其他品牌,其他类型,河北,保定,3000.0,wuzigolf翌男专卖店
2024刘雯大表姐同款包真皮soft16托特包大容量单肩手提通勤电脑包,128.26,3000元以下,其他品牌,其他类型,广东,广州,5000.0,小亿 轻奢女包铺
加厚牛皮鼠标垫笔记本电脑家用真皮桌垫高级感小号办公垫子女桌面,28.6,3000元以下,其他品牌,其他类型,浙江,杭州,500.0,天天特卖工厂店
扩容商务旅行双肩背包男女超大容量防水17寸电脑包大学生书包定制,59.0,3000元以下,其他品牌,其他类型,河北,保定,200.0,莫伦迪旗舰店
香港代购MK男士双肩包真皮书包大容量商务电脑包休闲旅行格子背包,252.87,3000元以下,其他品牌,其他类型,广东,广州,900.0,MK香港折扣店
现货new crew双肩包户外休闲防水大容量瑜伽22L电脑包书包旅行,185.0,3000元以下,其他品牌,其他类型,山东,青岛,82.0,露露运动外贸折扣店
新秀丽TX5正品男双肩电脑背包旅行通勤笔记本包156寸可定制1175,529.0,3000元以下,其他品牌,其他类型,江苏,南京,300.0,苏宁易购官方旗舰店
Samsonite新秀丽双肩包NU7男女休闲百搭轻便背包皮NU8通勤电脑包,950.0,3000元以下,其他品牌,其他类型,广东,深圳,59.0,香箱世界
HP惠普办公鼠标有线usb男女生笔记本电脑家用电竞游戏原装小商务,59.9,3000元以下,惠普,游戏本,上海,未知,10000.0,天猫超市
Issey Miyake三宅一生包包新款男女休闲包双肩电脑包AG291,2380.0,3000元以下,其他品牌,其他类型,福建,福州,41.0,ISSEYMIYAKE逐耐专卖店
正版windows11系统远程安装Windows10苹果M1笔记本M2电脑双系统,198.0,3000元以下,苹果,其他类型,北京,未知,2000.0,振源生活服务
新秀丽男款双肩包高端软牛皮革商务书包潮流年轻人电脑包背包 TM3,2380.0,3000元以下,其他品牌,其他类型,上海,未知,100.0,新秀丽皮具旗舰店
岩板电脑桌轻奢家用书房现代简约台式电竞卧室笔记本办公桌椅组合,318.0,3000元以下,其他品牌,其他类型,江苏,徐州,28.0,一果旗舰店
远程重装系统win10win11win7电脑原版纯净专业做系统安装笔记本,20.0,3000元以下,其他品牌,其他类型,广东,深圳,7000.0,千里眼远程服务
品晟220v户外笔记本充电宝PD100W双向超级快充50000毫安 适用于联想华硕惠普HP电脑220V移动电源小米华为手机,233.87,3000元以下,联想,其他类型,广东,东莞,1000.0,博彬数码专营店
双巨型涡轮压风式笔记本散热器底座风压式游戏本静音小风扇水冷制冷手提电脑支架降温板适用联想y7000P,152.0,3000元以下,联想,游戏本,广东,深圳,100.0,monqiqi旗舰店
联想鼠标M120pro大红点usb有线鼠标家用办公无线台式机电脑笔记本,17.9,3000元以下,联想,其他类型,上海,未知,7000.0,联想铭枫专卖店
LOFREE洛斐粉底液机械键盘鼠标套装无线蓝牙女生办公笔记本电脑,1178.0,3000元以下,机械革命,其他类型,上海,未知,63.0,天猫超市
英皇保罗真皮背包男时尚多功能双肩包商务休闲男士头层牛皮电脑包,378.0,3000元以下,其他品牌,其他类型,广东,广州,200.0,英皇保罗旗舰店
华为原装66W全能充电器超级快充手机平板笔记本电脑适配器华为66W超级快充套装充电头6A双头快充线1564,139.0,3000元以下,华为,其他类型,广东,深圳,300.0,苏宁易购官方旗舰店
美国代购coach蔻驰男包真皮双肩包电脑包大容量书包旅行包休闲,1149.0,3000元以下,其他品牌,其他类型,美国,未知,100.0,小胖子美代
专柜正品牛津布公文包男手提包电脑包男士防水帆布轻奢单肩斜挎包,1252.87,3000元以下,其他品牌,其他类型,福建,龙岩,300.0,轻奢时尚名品
北通阿修罗3s无线手柄游戏手柄pc电脑版switch手柄 xbox手柄 pc手柄笔记本fifa23蓝牙nba2k23 steam电脑手柄,339.9,3000元以下,其他品牌,游戏本,广东,广州,1000.0,北通旗舰店
电脑音响台式家用有线蓝牙小音箱笔记本桌面低音炮话筒麦克风一体,39.0,3000元以下,其他品牌,其他类型,浙江,金华,600.0,乐诚数码专营店
自营HUAWEI 华为MateBookD1414 商务办公 轻薄便携 笔记本电脑,4999.0,3000-5000元,华为,轻薄本,浙江,杭州,82.0,喵速达电器官方旗舰店
CENGE通勤电脑包轻便大容量双肩包商务公文包背包出差旅行包书包,328.0,3000元以下,其他品牌,其他类型,广东,广州,500.0,CENGE 岑哥定制
品晟户外220V 笔记本充电宝移动电源50000毫安大容量 适用于联想戴尔华硕惠普小米手提电脑华为手机快充用20V,283.87,3000元以下,联想,其他类型,广东,东莞,1000.0,博彬数码专营店
Lofree洛斐粉底液数字蓝牙小键盘无线机械笔记本电脑外接计算机器,299.0,3000元以下,机械革命,其他类型,广东,东莞,400.0,lofree洛斐数码旗舰店
倍思充电宝100W快充20000毫安大容量PD65W移动电源适用苹果14手机华为小米笔记本苹果电脑Macbook联想小新air,239.0,3000元以下,联想,其他类型,广东,深圳,700.0,卓选数码专营店
班歌背包男士双肩包男多功能电脑包大学生书包牛津布防水出差包包,292.87,3000元以下,其他品牌,其他类型,广东,广州,700.0,班歌箱包旗舰店
PEDRO大容量双肩包男包抽绳背包轻便书包15寸电脑包PM226320159,899.0,3000元以下,其他品牌,其他类型,上海,未知,600.0,PEDRO旗舰店
Kioxia铠侠 TC10  480G960G电脑硬盘笔记本台式机SATA30固态SSD,205.0,3000元以下,其他品牌,其他类型,广东,深圳,100.0,澎湃电竞club
GOLF双肩包男士156英寸笔记本电脑背包时尚休闲大学生书包旅行包,253.87,3000元以下,其他品牌,其他类型,广东,广州,600.0,高尔夫GOLF箱包品牌店
台式电脑包显示器主机收纳包台式机搬运箱收纳机箱包搬家移动便捷,164.67,3000元以下,其他品牌,其他类型,广东,深圳,900.0,丽博尔品牌专店
正品JANSPORT杰斯伯4qve升级双肩背包男女书包明星款15寸电脑包,393.87,3000元以下,其他品牌,其他类型,浙江,温州,700.0,LIFGO
地平线8号LEVEL8无界系列双肩包笔记本商务背包学生书包电脑包男,1299.0,3000元以下,其他品牌,其他类型,上海,未知,81.0,天猫超市
外置笔记本电脑散热器底座半导体制冷支架降温神器水冷风扇静音适用华硕天选5pro联想拯救者y9000p苹果外星人,108.0,3000元以下,联想,其他类型,广东,广州,100.0,caibeike旗舰店
双肩包女24新款电脑包14寸真皮商务通勤上班大容量旅行出行男背包,178.0,3000元以下,其他品牌,其他类型,广东,广州,700.0,BOniu波妞
镇店之宝sunearth双肩包大容量商务电脑包男女通用防水旅行背包,218.0,3000元以下,其他品牌,其他类型,江西,上饶,400.0,妞妞 全球购
笔记本电脑包156寸适用华为苹果华硕联想商务通勤单肩手提斜挎包,29.8,3000元以下,联想,其他类型,广东,广州,3000.0,FeiY飞扬原创女包
Dickies单肩斜挎大容量刺绣邮差包男机能风多隔层电脑包通勤2024,169.0,3000元以下,其他品牌,其他类型,广东,佛山,100.0,dickies箱包旗舰店
电脑包手提笔记本包公文包适用联想拯救者小新游戏本华为惠普苹果,22.0,3000元以下,联想,游戏本,广东,惠州,900.0,小橡树箱包
行李箱女拉杆箱大容量铝框万向轮旅行箱20寸登机箱密码箱子28男24,218.0,3000元以下,其他品牌,其他类型,江西,吉安,2000.0,lambasa旗舰店
Lofree洛斐小瓣无线蓝牙鼠标游戏女生可爱笔记本电脑ipad办公通用,249.0,3000元以下,其他品牌,游戏本,广东,东莞,4000.0,lofree洛斐数码旗舰店
美国代购Coach蔻驰男士真皮双肩包大容量书包旅行电脑包欧美时尚,1092.87,3000元以下,其他品牌,其他类型,美国,未知,100.0,兔宝奥莱直采
16g512g官方正品2024新款5g平板电脑ipadpro手机游戏办公学生网课学习机14寸二合一全网通笔记本系统键盘新品,265.6,3000元以下,其他品牌,游戏本,浙江,杭州,300.0,国货甄选旗舰店
双肩包男笔记本电脑包休闲商务旅行大容量中学生书包出差男士背包,108.0,3000元以下,其他品牌,其他类型,湖南,常德,4000.0,rustictown旗舰店
Razer雷蛇雨林狼蛛V3 X炼狱蝰蛇标准电竞游戏有线鼠标键盘套装,399.0,3000元以下,其他品牌,游戏本,江苏,苏州,1000.0,雷蛇官方旗舰店
Fion菲安妮双肩包24新款女士通勤书包大学生春游旅行背包电脑包,599.0,3000元以下,其他品牌,其他类型,广东,惠州,600.0,FION菲安妮旗舰店
UR简约纯色女大学生书包2024新款大容量通勤背包电脑包休闲旅行包,58.11,3000元以下,其他品牌,其他类型,河北,保定,300.0,URCDN RDALVO品牌折扣店
ELECOM多功能双肩包大容量背包可扩容出差旅行包156寸电脑包男,429.0,3000元以下,其他品牌,其他类型,广东,深圳,300.0,elecom宜丽客旗舰店
CALOTIY KIONE新款双肩包男校园书包休闲运动登山包156寸电脑包,99.0,3000元以下,其他品牌,其他类型,河北,保定,600.0,calotiykione旗舰店
Asus华硕天选双肩背包华硕天选5Pro双肩包大容量电脑笔记本双肩包天选双肩背拯救者双肩背包,85.88,3000元以下,华硕,其他类型,河南,郑州,500.0,天选电脑商城
CENGE原创轻便尼龙布通勤电脑包大容量双肩包背包休闲上学书包,308.0,3000元以下,其他品牌,其他类型,广东,广州,800.0,CENGE 岑哥定制
绿巨能适用惠普笔记本电池暗影光影精灵12345代Pro Plus暗夜电脑SR04XL TE04 SR03XL TE03 HT03XL星14,175.0,3000元以下,惠普,其他类型,广东,深圳,6000.0,绿巨能旗舰店
电脑吸尘器桌面主机清灰机箱清理灰尘工具碎屑清洁笔记本吹灰除尘,38.0,3000元以下,其他品牌,其他类型,浙江,金华,100.0,虎骑士旗舰店
2024新款16G高速运行windows11系统平板电脑二合一便携轻薄PC手提笔记本电脑PS办公抄股学生网课分期免息,1274.87,3000元以下,其他品牌,轻薄本,广东,深圳,64.0,振展数码专营店
电脑包16寸女生电脑双肩包背包手提男生15寸适用华为联想拯救者y9000p苹果女士14寸加厚气囊版游戏本笔记本包,55.43,3000元以下,联想,游戏本,河北,保定,10000.0,思程佳业数码专营店
Kioxia铠侠 RC20 1TB M2固态硬盘台式机笔记本ssd凯侠SE10 2tb,269.0,3000元以下,其他品牌,其他类型,广东,深圳,100.0,电脑配件数码商行
Viney双肩包女2024新款时尚书包大容量轻便尼龙布背包旅行电脑包,229.0,3000元以下,其他品牌,其他类型,广东,广州,50.0,viney旗舰店
投影仪商务办公用公司开会用可连笔记本电脑ppt会议室白天超高清,699.0,3000元以下,其他品牌,其他类型,广东,深圳,400.0,欢乐投办公投影机品牌店
ROG玩家国度枪神7PLus魔霸5新锐6游戏笔记本电脑4败家之眼全家桶,3599.0,3000-5000元,玩家国度,游戏本,北京,未知,30.0,R0G败家之眼体验店
LIVEBOX LIVE双肩包大学生背包大容量高中生初中生书包上课电脑包,89.0,3000元以下,其他品牌,其他类型,广东,广州,7000.0,LIVEBOX品牌 中国
适用华为MateBook D1415荣耀笔记本防水防震电脑包16寸双肩包16s背包2023新款男,158.0,3000元以下,华为,其他类型,广东,广州,71.0,姝曼莉旗舰店
TRUFFLE日系双肩包男女工装大容量电脑包背包初中高中大学生书包,138.0,3000元以下,其他品牌,其他类型,广东,广州,2000.0,TRUFFLE中国
HP惠普机械手感有线键盘鼠标套装薄膜电竞游戏专用台式电脑笔记本,58.0,3000元以下,惠普,游戏本,广东,广州,900.0,hp惠普儒韵专卖店
外星人酷睿i7独显吃鸡游戏本17寸电竞手提笔记本电脑,1594.87,3000元以下,外星人,游戏本,广东,广州,8.0,小柠檬科技数码
官方授权COACH蔻驰男士C纹老花大号电脑包休闲商务双肩书包,2199.0,3000元以下,其他品牌,其他类型,香港,九龙,10.0,GINKGOES海外旗舰店
英菲克DR801蓝牙无线鼠标女生办公静音可充电笔记本电脑平板便携,57.4,3000元以下,其他品牌,其他类型,广东,东莞,3000.0,英菲克旗舰店
罗技M221静音无线鼠标办公笔记本台式电脑女生家用小巧便携迷你,79.0,3000元以下,其他品牌,其他类型,浙江,杭州,900.0,喵速达电器官方旗舰店
无线蓝牙ipad键盘女生办公超静音便携笔记本台式平板mac电脑通用,128.0,3000元以下,其他品牌,其他类型,广东,深圳,48.0,BiJiBen旗舰店
出租笔记本电脑 培训 会展 办公设计本租赁重庆四川全国顺丰包邮,29.0,3000元以下,其他品牌,其他类型,重庆,未知,200.0,重庆有备办公
双肩包女2024新款时尚轻便防水背包133寸14寸笔记本电脑包女生通勤包潮流,193.44,3000元以下,其他品牌,其他类型,江苏,镇江,100.0,FAT ORANGE肥肥橙设计师原创品牌
欧米OMI牛津布双肩背包情侣款 时尚男女运动背包电脑包防泼水书包,383.87,3000元以下,其他品牌,其他类型,福建,福州,100.0,OMI欧米专柜
新款4K高清电脑摄像头家用台式机上网课专用直播外置笔记本摄影头,9.9,3000元以下,其他品牌,其他类型,广东,深圳,300.0,友业旗舰店
联想拯救者Y9000PX笔记本电脑包16英寸Y7000P双肩包156寸手提防震背包可放机械键盘篮球头盔2024,79.38,3000元以下,联想,其他类型,广东,云浮,200.0,酷雅数码店
三星980固态硬盘500G NVMe M2笔记本台式机电脑存储PCIe30 SSD,469.0,3000元以下,其他品牌,其他类型,江苏,苏州,2000.0,三星存储旗舰店
无线鼠标充电款静音蓝牙双模家用办公笔记本电脑台式外接无限滑鼠,7.8,3000元以下,其他品牌,其他类型,广东,深圳,4000.0,nkino旗舰店
华为Matebook1314D14D15D1613s14s16s电脑包14寸Xpro笔记本16寸手提袋单肩包背包156寸,181.87,3000元以下,华为,其他类型,广东,深圳,200.0,培聚旗舰店
香港游历系列公文包牛仔双肩商务通勤电脑包卢昱晓同款大容量女包,268.0,3000元以下,其他品牌,其他类型,广东,广州,86.0,赚钱只为她
紫米65W大功率充电宝20000毫安双向PD超级快充大容量适用于华为小米苹果iPad笔记本电脑Switch游戏机移动电源,189.0,3000元以下,华为,游戏本,广东,东莞,1000.0,紫米旗舰店
古造复古油蜡皮双肩包男真皮背包头层牛皮书包休闲简约旅行电脑包,498.0,3000元以下,其他品牌,其他类型,江苏,南京,300.0,古造皮具
彬澳袋鼠防水双肩背包男士商务旅行包韩版休闲电脑包学生书包女潮,79.0,3000元以下,其他品牌,其他类型,河北,保定,2000.0,wuzigolf翌男专卖店
马锐鲨LauraBear正品新款14寸电脑包女手斜挎包提商务公文包时尚游戏本16寸笔记本通勤出差多功能行李包单肩,238.0,3000元以下,其他品牌,游戏本,广东,广州,1000.0,戈兰数码专营店
赛达台式电脑音响家用笔记本小型音箱有线桌面低音炮喇叭影响专用,58.71,3000元以下,其他品牌,其他类型,广东,惠州,10000.0,赛达旗舰店
电脑包女16寸女士防摔防震好看的笔记本电脑包手提适用于苹果macbook133联想air14156华为mac简约可爱单肩,40.02,3000元以下,联想,其他类型,广东,深圳,1000.0,顺兴通数码专营店
GPD win4 2024游戏掌机AMD8840U掌上游戏电脑畅玩steam微型笔记本,4559.0,3000-5000元,其他品牌,游戏本,江苏,苏州,91.0,GPD掌机电脑
鼠标有线USB静音无声家用办公台式笔记本电脑商务cf电竞游戏lol男,19.8,3000元以下,其他品牌,游戏本,广东,深圳,70000.0,塔菲克旗舰店
Subcrew潮流骑行通勤斜挎包男士机能单肩邮差包防水大容量电脑包,389.0,3000元以下,其他品牌,其他类型,广东,惠州,2000.0,subcrew箱包旗舰店
小米经典商务双肩包2男女学生笔记本电脑包时尚潮流旅行背包3315,99.0,3000元以下,小米,其他类型,安徽,合肥,1.0,苏宁易购官方旗舰店
HP惠普官方电脑音响台式家用笔记本桌面有线蓝牙双模重低音炮音箱,49.9,3000元以下,惠普,其他类型,广东,广州,100.0,惠普中国官方旗舰店
适用于华为2024款笔记本电脑包matebook14手提matebookD1413S15 Xpro电脑包156寸14寸笔记本手提单肩包,120.0,3000元以下,华为,其他类型,广东,云浮,300.0,朝妍旗舰店
休闲商务双肩包男女士电脑包学生书包简约时尚潮流旅行大容量背包,59.0,3000元以下,其他品牌,其他类型,河北,保定,3000.0,波斯斐尔旗舰店
惠普有线耳机入耳式电竞fps游戏专用台式电脑笔记本手机typec接口,79.8,3000元以下,惠普,游戏本,广东,广州,1000.0,hp惠普儒韵专卖店
绿联145W笔记本电脑充电宝100W大功率移动电源25000毫安大容量适用于苹果ipad平板华为联想小米安卓手机快充,239.0,3000元以下,联想,其他类型,四川,成都,400.0,绿联明和盛专卖店
Samsung三星 2TB 990 PRO 9801T台式PS5笔记本电脑M2固态硬盘SSD,688.0,3000元以下,其他品牌,其他类型,江苏,南京,100.0,小風悅萌十三年老店
鼠标垫办公桌垫超大号笔记本电脑垫键盘垫书桌写字台垫儿童学习垫,14.25,3000元以下,其他品牌,其他类型,江西,赣州,5000.0,雅品时尚家居生活馆
tomtoc双肩包女旅行背包14寸通勤电脑包简约百搭大学生书包T63,349.0,3000元以下,其他品牌,其他类型,广东,东莞,900.0,tomtoc旗舰店
压风式笔记本散热器半导体制冷底座游戏本风压式静音风扇水冷手提电脑支架降温板适用联想y7000P天选戴尔抽风,222.87,3000元以下,联想,游戏本,广东,深圳,600.0,硕图旗舰店
爱国者P7000D M2固态硬盘4T nvme M2台式机电脑笔记本PS5游戏SSD,1599.0,3000元以下,其他品牌,游戏本,浙江,杭州,400.0,爱国者力挺专卖店
Samsonite新秀丽男士双肩包 背包户外出游大容量书包电脑包 QU3,985.27,3000元以下,其他品牌,其他类型,上海,未知,50.0,新秀丽背包旗舰店
瑞士军士刀官方旗舰店双肩包男商务出差旅行书包电脑包大容量背包,419.0,3000元以下,其他品牌,其他类型,广东,广州,55.0,smaco旗舰店
acer宏碁有线鼠标usb静音无声办公游戏电竞台式电脑笔记本通用,27.9,3000元以下,宏碁,游戏本,广东,深圳,2000.0,钜嗨数码专营店
双肩包男士背包旅行包男商务电脑包书包女轻便防水出行外出笔记本,44.8,3000元以下,其他品牌,其他类型,浙江,杭州,800.0,天天特卖工厂店
麦克风电脑台式直播专用网课游戏会议usb外接K歌降噪话筒电容麦,39.9,3000元以下,其他品牌,游戏本,广东,深圳,700.0,越来越酷旗舰店
2024新款14寸双肩电脑包女16寸女士笔记本电脑背包高级感秋冬女款,76.63,3000元以下,其他品牌,其他类型,河北,保定,2000.0,江利达箱包旗舰店
适用于华硕笔记本固态硬盘1t天选234飞行堡垒电脑M2扩展SSD PCie,130.0,3000元以下,华硕,其他类型,广东,揭阳,1000.0,GooRise旗舰店
Pacsafe 电脑双肩包男16寸商务简约防水牛津布耐磨防盗双肩电脑包,1088.0,3000元以下,其他品牌,其他类型,上海,未知,100.0,pacsafe户外旗舰店
CanvasKetch大容量轻便尼龙布双肩包女背包旅行包书包通勤电脑包,153.93,3000元以下,其他品牌,其他类型,广东,广州,900.0,Canvas＆Ketch箱包旗官店
闪魔适用华为无线蓝牙鼠标静音2代青春版笔记本电脑matebook14E,55.9,3000元以下,华为,其他类型,广东,深圳,600.0,闪魔旗舰店
绿联笔记本电脑包手提适用苹果macbook air16英寸女华为联想小新Pro14matebook戴尔156寸电脑包13寸男保护套,35.9,3000元以下,联想,其他类型,广东,东莞,40000.0,绿联数码旗舰店
惠普机械键盘鼠标套装有线台式电脑电竞游戏外设三件套键鼠耳机,219.0,3000元以下,惠普,游戏本,广东,广州,2000.0,惠普中国官方旗舰店
新秀丽公文包男款牛皮手提包商务通勤单肩斜挎包电脑包手拎包 TK9,1580.0,3000元以下,其他品牌,其他类型,上海,未知,400.0,新秀丽皮具旗舰店
旅行包男款户外登山大容量旅游双肩包背包出差2023新款电脑包书包,169.9,3000元以下,其他品牌,其他类型,河北,保定,500.0,jinshiwq旗舰店
笔记本电脑包内胆包平板收纳包保护套手提包保护壳适用苹果ipad女华为14荣耀133小米156寸联想16英寸男戴尔,19.6,3000元以下,联想,其他类型,广东,深圳,10000.0,AIXPI旗舰店
皇力群15156173便携智能工控电脑工业一体机独显加固手提式3屏笔记本三防地质铁路医疗检修导播审讯设备,3990.0,3000-5000元,其他品牌,其他类型,广东,广州,58.0,皇力群旗舰店
Pacsafe 防盗双肩包出国 旅行商务双肩背包 防震13寸双肩电脑包,926.0,3000元以下,其他品牌,其他类型,上海,未知,54.0,pacsafe户外旗舰店
BOW 人体工学充电无线鼠标外接笔记本电脑办公静音女生中小手游戏,79.0,3000元以下,其他品牌,游戏本,广东,深圳,900.0,bow旗舰店
GOLF双肩包女156英寸笔记本电脑背包出差旅行通勤休闲大容量书包,213.87,3000元以下,其他品牌,其他类型,广东,广州,1000.0,高尔夫GOLF箱包品牌店
meowbunny熊猫抱抱 书包女大学生简约初高中生大容量双肩包电脑包,165.42,3000元以下,其他品牌,其他类型,广东,广州,2000.0,meowbunny箱包旗舰店
耐克Nike 男女休闲运动双肩背包手提两用大容量学生书包电脑包,169.0,3000元以下,其他品牌,其他类型,河北,保定,600.0,NIKE耐克能赞专卖店
ins风日系复古电脑包男潮牌双肩包潮女简约书包英伦背包牛皮纸包,194.04,3000元以下,其他品牌,其他类型,福建,厦门,300.0,自在工作室
联想笔记本固态硬盘240g 256g 500g 512g SATA接口SSD台式电脑1T,139.65,3000元以下,联想,其他类型,浙江,杭州,100.0,联想晨谷专卖店
皮质男士双肩包大容量旅行包背包大学生书包休闲潮流电脑包男包女,59.0,3000元以下,其他品牌,其他类型,广东,广州,2000.0,kce旗舰店
HLA海澜之家双肩包女士短途大容量旅行背包男旅游电脑包学生书包,189.0,3000元以下,其他品牌,其他类型,浙江,嘉兴,100.0,海澜之家箱包旗舰店
笔记本电脑包手提适用拯救者r9000p外星人16寸17寸游戏本15点6寸暗影精灵灵越单肩斜挎男大容量inateck,154.64,3000元以下,外星人,游戏本,广东,东莞,6000.0,inateck旗舰店
无线鼠标充电款静音蓝牙办公笔记本电脑无限滑鼠可充电智能平板,6.43,3000元以下,其他品牌,其他类型,浙江,杭州,10000.0,国货甄选旗舰店
笔记本电脑包女好看适用华为14寸苹果华硕联想商务通勤单肩手提包,29.9,3000元以下,联想,其他类型,广东,广州,10000.0,魔法small  box
威刚翼龙S50 Pro m2固态硬盘500G1T台式机笔记本电脑SSD支持PS5,278.87,3000元以下,其他品牌,其他类型,湖北,武汉,54.0,威刚官方企业店
罗技G705极光无线鼠标蓝牙双模电竞游戏办公笔记本电脑充电款滑鼠,359.0,3000元以下,其他品牌,游戏本,江苏,南京,500.0,brokenstone旗舰店
官方正品2024新款iPad平板电脑笔记本二合一可插卡通话王者荣耀吃鸡游戏画画网课学习机专用儿童vivo华为款,592.87,3000元以下,华为,游戏本,广东,深圳,13.0,聆贝旗舰店
正品ON SE WY大容量双肩背包男防水学生书包休闲时尚电脑包旅行包,258.0,3000元以下,其他品牌,其他类型,福建,泉州,60.0,ONsewy旗行店
acer宏碁无线键盘鼠标套装笔记本电脑台式机械手感办公室有线键鼠,45.9,3000元以下,机械革命,其他类型,江西,南昌,200.0,acer宏碁天溥专卖店
双肩包男士短途小型旅行包大容量背包大学生中学生女电脑包书包潮,167.0,3000元以下,其他品牌,其他类型,广东,广州,1000.0,韩锦旗舰店
床上小桌子飘窗折叠懒人坐地学生宿舍写字笔记本电脑家用书桌考研,15.9,3000元以下,其他品牌,其他类型,河北,廊坊,40000.0,乔缇娜旗舰店
适用于苹果156寸斜挎电脑包手提笔记本女款14寸简约商务时尚联想拯救者16寸电脑防震手提包新款2023,140.0,3000元以下,联想,其他类型,浙江,金华,500.0,祝集数码旗舰店
FILA斐乐双肩包男女时尚笔记本电脑包旅行大容量背包U2D230047,149.0,3000元以下,其他品牌,其他类型,广东,广州,300.0,雯雯の专柜
努兰平板支架ipad桌面笔记本电脑支撑架子专用金属床上懒人万能pro网课学习手机通用可升降折叠铝合金直播,23.9,3000元以下,其他品牌,其他类型,广东,佛山,6000.0,Nubolan努兰旗舰店
适用于华为matebook14保护壳13s笔记本x电脑pro保护套D14荣耀magicbook15寸外壳膜D16硅胶16s配件16全套2024,68.0,3000元以下,华为,其他类型,广东,深圳,10000.0,mondrian旗舰店
适用 Xbox360手柄pc电脑版Steam无线电视双人有线USB游戏手柄震动,21.9,3000元以下,其他品牌,游戏本,广东,深圳,20000.0,迪龙工厂店
办公机械键盘樱桃红茶轴三模蓝牙打字台式电脑笔记本ipadmac键盘,322.87,3000元以下,机械革命,其他类型,广东,珠海,400.0,DoubleShell旗舰店
来酷无线键盘鼠标套装静音办公专用笔记本电脑台式外接无声键鼠,55.0,3000元以下,其他品牌,其他类型,福建,福州,900.0,联想酷石专卖店
Anker安克100W氮化镓充电器多口充电头适用Macbookpro16苹果手机新款air笔记本联想华为typec电脑PD快充插头,134.0,3000元以下,联想,其他类型,广东,深圳,8000.0,安克数码旗舰店
大容量书包时尚洋气轻便旅行背包商务出差男士电脑包时尚潮搭校园,59.0,3000元以下,其他品牌,其他类型,上海,未知,39.0,天猫超市
户外移动电源磷酸铁锂220V便携自驾露营电瓶笔记本电脑充电宝,410.87,3000元以下,其他品牌,其他类型,广东,中山,46.0,宁德时代新能源总店
梵高范笔记本电脑包女14寸2023通勤轻潮防水商务便携高级感手提包,119.0,3000元以下,其他品牌,其他类型,广东,东莞,1000.0,梵高范旗舰店
可爱笔记本电脑支架托架学生宿舍桌面办公可升降增高立式悬空底座便携式手提折叠可旋转散热支撑调节颈椎架子,16.8,3000元以下,其他品牌,其他类型,广东,东莞,30000.0,莔兔工坊旗舰店
卡拉羊大容量多功能机能包男休闲双肩包女防泼水电脑包健身通勤新,379.0,3000元以下,其他品牌,其他类型,上海,未知,7.0,天猫超市
Anker安克自带C线65W多口快充20000mAh充电宝适用于安卓华为苹果笔记本电脑快充小巧便携移动电源官方正品,229.0,3000元以下,华为,其他类型,广东,广州,200.0,安克数码旗舰店
商务双肩包电脑背包男士出差通勤笔记本男款设计感小众皮质书包女,163.87,3000元以下,其他品牌,其他类型,广东,广州,100.0,SEWAFOX塞瓦狐品牌店
ELECOM皮质商务双肩包多功能简约双肩背包抗菌通勤电脑包休闲包包,429.0,3000元以下,其他品牌,其他类型,广东,深圳,700.0,elecom宜丽客旗舰店
gyxx光影行星阿波罗笔记本电脑包男14寸15点6手提斜挎包保护套156游戏本适用苹果macbook华为联想拯救者戴尔,233.1,3000元以下,联想,游戏本,广东,惠州,1000.0,光影行星旗舰店
牧马人E70S无线鼠标蓝牙三模充电静音游戏电竞办公笔记本台式电脑,69.0,3000元以下,其他品牌,游戏本,广东,深圳,7000.0,派仕盾数码专营店
BIWIN佰维固态硬盘512G 1T 2T台式机笔记本电脑高速M2 悟空系列,244.02,3000元以下,其他品牌,其他类型,广东,深圳,200.0,海贝利存储专营店
复古男士背包休闲双肩包男潮流帆布大容量旅行电脑包大学生书包女,39.9,3000元以下,其他品牌,其他类型,河北,保定,10000.0,侨凡
联想thinkplus电脑音响蓝牙音箱台式机笔记本重低音炮多媒体有线,45.0,3000元以下,联想,其他类型,江西,南昌,7000.0,宏创数码专营店
适配小米苹果华为笔记本电脑包双肩包156寸大容量背包男书包847,29.0,3000元以下,华为,其他类型,广东,深圳,3000.0,苏宁易购官方旗舰店
新秀丽公文包男款商务单肩手提包通勤拎包斜挎包多功能电脑包 TK3,944.0,3000元以下,其他品牌,其他类型,上海,未知,200.0,新秀丽皮具旗舰店
Seagate希捷固态硬盘1t2T笔记本256g台式512g电脑sata3接口ssd m2,199.0,3000元以下,其他品牌,其他类型,广东,广州,5000.0,seagate希捷旗舰店
2024新品首发联想ThinkBook1416 锐龙R78845H酷睿Ultra7 14,5499.0,5000-7000元,联想,其他类型,福建,厦门,4000.0,thinkpad新启联专卖店
电脑音响台式音箱家用桌面有源喇叭usb专用有线笔记本麦克风一体,29.9,3000元以下,其他品牌,其他类型,浙江,杭州,3000.0,天天特卖工厂店
蓝牙无线鼠标静音无声可充电办公滑鼠游戏人体工学笔记本电脑通用,31.9,3000元以下,其他品牌,游戏本,广东,东莞,1000.0,鲸出没旗舰店
HP惠普有线鼠标游戏静音鼠标电竞专用笔记本台式电脑办公宏网吧,29.9,3000元以下,惠普,游戏本,广东,广州,9000.0,惠普中国官方旗舰店
微软Surface Go4 128GB笔记本平板电脑二合一办公本学生网课平板3,4088.0,3000-5000元,微软,二合一笔记本,上海,未知,100.0,上海数码老周
2024新款笔记本手提包适用联想华为惠普M2苹果macbook13小新14公文包matebook16电脑156寸M1女通勤15男173,15.33,3000元以下,联想,其他类型,安徽,合肥,1000.0,自造客客数码专营店
173英寸笔记本电脑包男外星人游戏本双肩包旅行商务书包硬壳背包,83.55,3000元以下,外星人,游戏本,河北,保定,2000.0,嘟best
英菲克PM6无线鼠标蓝牙双模静音无声充电男女生办公笔记本三模电竞游戏适用mac平板ipad惠普戴尔华硕台式电脑,27.9,3000元以下,惠普,游戏本,广东,东莞,10000.0,英菲克旗舰店
班歌双肩包高端定制男士商务旅行背包多功能大学生书包新款电脑包,503.87,3000元以下,其他品牌,其他类型,广东,广州,600.0,班歌箱包旗舰店
机械师L8星闪无线鼠标三模8K回报率Nearlink办公游戏电脑笔记本,199.0,3000元以下,机械革命,游戏本,广东,广州,1000.0,machenike旗舰店
迪卡侬双肩包男登山背包骑行旅游休闲机能户外防水电脑书包,215.0,3000元以下,其他品牌,其他类型,浙江,杭州,33.0,天天特卖工厂店
2024新款联想ThinkBook16P 14代酷睿i7i9 RTX4060独显笔记本电脑,9999.0,9000-10000元,联想,其他类型,福建,厦门,9.0,thinkpad新启联专卖店
背包男士双肩包女商务风13寸旅行14定制156寸书包16电脑包轻便,129.0,3000元以下,其他品牌,其他类型,浙江,杭州,200.0,天天特卖工厂店
笔记本电脑散热器底座支架半导体制冷游戏本外置水冷却降温神器风扇静音适用联想拯救者y9000p压风式天选5pro,168.0,3000元以下,联想,游戏本,广东,广州,56.0,caibeike旗舰店
电脑桌台式小型家用小户型卧室床边桌简约现代可移动学习笔记本桌,172.87,3000元以下,其他品牌,其他类型,江苏,徐州,2000.0,简约生活家居企业店
绿联100W氮化镓适用苹果联想小米手机多口快充PD充电器头usbc插头Macbook笔记本电脑ipad平板pro三typec四口,179.0,3000元以下,联想,其他类型,广东,东莞,20000.0,绿联数码旗舰店
卡佐蓝牙无线鼠标静音充电适用小米联想苹果华为电脑笔记本女生,39.11,3000元以下,联想,其他类型,广东,深圳,5000.0,AZZOR卡佐旗舰店
自营阿迪达斯双肩包男包女包运动包学生书包电脑包背包IP6490,310.0,3000元以下,其他品牌,其他类型,浙江,杭州,39.0,天猫国际自营全球超级店
特步双肩包正品新款时尚潮流男女通勤背包学生电脑包976238112100,299.0,3000元以下,其他品牌,其他类型,福建,泉州,16.0,特步官方旗舰店
适用华为Matebook14s笔记本电脑单肩包D14D15D16电脑包13s14s16sXpro手提袋134 142 156 16寸女包,161.87,3000元以下,华为,其他类型,广东,云浮,800.0,培聚旗舰店
冷过水冷博可斯笔记本散热器底座手提电脑支架风扇风压式游戏本降温静音适用联想拯救者外星人机械革命,88.0,3000元以下,联想,游戏本,广东,深圳,5000.0,博可斯旗舰店
无线蓝牙鼠标静音充电款笔记本台式电脑办公无限适用联想戴尔华硕,19.8,3000元以下,联想,其他类型,广东,深圳,30000.0,niye耐也旗舰店
二合一可拆分双肩包男旅行大容量多功能商务背包电脑包定制印logo,318.0,3000元以下,其他品牌,二合一笔记本,湖南,衡阳,800.0,北极猎人旗舰店
2024新款笔记本电脑包手提适用苹果macbook133男女华为matebook14联想小新156小米16寸荣耀ipad平板收纳包,22.71,3000元以下,联想,其他类型,安徽,黄山,300.0,包纳外开恩专卖店
吴昕推荐shanahs苹果电脑包macbookpro14寸16寸单肩手提内胆包小众笔记本通勤包收纳包,109.65,3000元以下,苹果,其他类型,广东,惠州,3000.0,shanahs
适用于小米华为华硕电脑包手提抗震苹果133寸简约好看14笔记本保护套156戴尔联想拯救者游戏本防水内胆包女,24.9,3000元以下,联想,游戏本,广东,广州,6000.0,昕智达旗舰店
新版GPD win mini 7英寸迷你笔记本电脑小掌上游戏办公触屏8840U,5798.0,5000-7000元,其他品牌,游戏本,上海,未知,78.0,GPD上海店
三星980PRO 990PRO1TB 2T 40 NVME m2笔记本台式机电脑固态硬盘,1429.0,3000元以下,其他品牌,其他类型,湖北,武汉,72.0,宁美官方旗舰店
回力双肩包男士大容量旅行背包户外登山包防水大学生电脑包女1597,89.0,3000元以下,其他品牌,其他类型,江苏,南京,25.0,苏宁易购官方旗舰店
倍思无线蓝牙键盘适用于华为苹果ipad平板台式电脑笔记本女生办公,109.0,3000元以下,华为,其他类型,广东,深圳,7000.0,baseus倍思旗舰店
致态致钛Ti600 124TB M2笔记本电脑SSD固态硬盘长江存储500g,349.0,3000元以下,其他品牌,其他类型,浙江,宁波,100.0,ASUS华硕旗舰店
I7 4910MQ 4702MQ CPU 4700 4800MQ 4710MQ 4810MQ 4900MQ 4712MQ,180.0,3000元以下,其他品牌,其他类型,广东,深圳,1000.0,盛芯国际笔记本CPU店
商务背包男士休闲双肩包大高初中学生书包简约时尚潮旅行电脑包女,39.9,3000元以下,其他品牌,其他类型,浙江,杭州,24.0,天天热卖精选店
联想MK5真机械键盘电竞游戏专用104键有线电脑笔记本台机办公打字,89.9,3000元以下,联想,游戏本,上海,未知,5000.0,联想官方旗舰店
笔记本背包电脑包男双肩包休闲商务包156寸14旅行大容量书包女17,45.9,3000元以下,其他品牌,其他类型,浙江,温州,63.0,纪梵保罗旗舰店
NAIDUN奈盾适用苹果ipad平板收纳包大容量手提包上班族女防水高级感14寸笔记本电脑平板保护包16寸,99.0,3000元以下,苹果,其他类型,广东,广州,400.0,奈盾数码配件旗舰店
飞利浦充电宝27000毫安时移动电源140W大功率双向快充可上飞机可冲笔记本电脑手机,399.0,3000元以下,其他品牌,其他类型,广东,深圳,19.0,philips飞利浦深圳专卖店
爱国者S500固态硬盘128G 256G 512G SATA接口台式机电脑笔记本SSD,86.0,3000元以下,其他品牌,其他类型,浙江,杭州,3000.0,爱国者力挺专卖店
移动户外电源220V便携大容量自驾游露营直播带插座电瓶停电应急车载大功率家用备用蓄电池笔记本电脑太阳能,232.87,3000元以下,其他品牌,其他类型,广东,中山,200.0,然庸旗舰店
dell latitude 5285 win10平板电脑二合一笔记本黑苹果电脑PC平板,799.0,3000元以下,苹果,二合一笔记本,广东,中山,200.0,老欧笔记本
适用于机械革命固态硬盘1t极光pro蛟龙笔记本电脑高速扩展SSD M2,130.0,3000元以下,机械革命,其他类型,广东,揭阳,200.0,YiRight旗舰店
三星990PRO 1TB NVMe M2电竞游戏笔记本PS台式电脑SSD固态硬盘,926.0,3000元以下,其他品牌,游戏本,江苏,苏州,33.0,三星存储旗舰店
莱夫大容量双肩背包包女商务电脑包新款大学生时尚通勤包旅行书包,354.0,3000元以下,其他品牌,其他类型,广东,广州,900.0,莱夫箱包旗舰店
移速能量魔方65W笔记本电脑充电宝20000毫安超大容量快充移动电源适用华为小米联想iPad苹果iPhone15手机专用,169.0,3000元以下,联想,其他类型,广东,东莞,800.0,移速旗舰店
山水S300电视音响家用K歌无线蓝牙50重低音炮笔记本台式电脑音箱,572.87,3000元以下,其他品牌,其他类型,广东,中山,25.0,sansui山水亮阳专卖店
简约书桌书柜学生家用一体学习桌定制实木台式电脑桌放笔记本桌子,1682.87,3000元以下,其他品牌,其他类型,江苏,宿迁,200.0,帕美迪家具旗舰店
Polo休闲手提包男商务出差大容量16寸电脑包男士公文包时尚高级感,299.0,3000元以下,其他品牌,其他类型,广东,广州,100.0,polo箱包旗舰店
Polo男士双肩包商务旅行大容量电脑包时尚通勤出差高级感背包男潮,289.0,3000元以下,其他品牌,其他类型,广东,广州,600.0,polo箱包旗舰店
索爱SH02音响台式电脑家用桌面笔记本蓝牙音箱多媒体低音炮游戏,69.0,3000元以下,其他品牌,游戏本,上海,未知,85.0,索爱双玺专卖店
ALIENWARE外星人独显酷睿i7笔记本电脑商务电竞游戏吃鸡本14英寸,1594.87,3000元以下,外星人,游戏本,广东,广州,17.0,小柠檬科技数码
游戏鼠标有线静音无声机械电竞专用cf办公usb台式笔记本电脑通用,29.9,3000元以下,机械革命,游戏本,广东,东莞,700.0,鲸出没旗舰店
男士手提包单肩斜挎包真皮商务电脑包牛皮男包律师包大容量公文包,439.0,3000元以下,其他品牌,其他类型,山东,泰安,400.0,斐格旗舰店
Marcue Karos真皮背包双肩包男休闲电脑包时尚旅行包潮大容量书包,232.87,3000元以下,其他品牌,其他类型,广东,广州,500.0,MK品牌官营店
MYD双肩包女士轻便旅游书包初中女大学生大容量旅行背包电脑包男,359.0,3000元以下,其他品牌,其他类型,广东,惠州,4000.0,myd旗舰店
键盘鼠标套装有线台式电脑笔记本通用办公专用无线键鼠标USB机械,12.68,3000元以下,机械革命,其他类型,浙江,杭州,300.0,天天热卖精选店
Razer雷蛇猎魂光蛛迷你机械键盘蝰蛇有线鼠标电竞水银白色套装,899.0,3000元以下,机械革命,其他类型,江苏,苏州,100.0,雷蛇官方旗舰店
大容量多功能旅行李包双肩包男士背包商务出差短途旅游电脑包书包,159.0,3000元以下,其他品牌,其他类型,河北,保定,500.0,巴朗旗舰店
ROG掌机 ally ROG官翻掌上游戏机windows11便携笔记本电脑游戏机,3943.87,3000-5000元,玩家国度,游戏本,北京,未知,92.0,ROG玩家国度数码商城
旅行背包女士双肩包2024新款大学生大容量书包短途出差男款电脑包,99.9,3000元以下,其他品牌,其他类型,河北,保定,1000.0,jinshiwq旗舰店
壹秘4k超清直播电脑摄像头家用笔记本台式电脑usb线上会议摄像头,124.23,3000元以下,其他品牌,其他类型,广东,深圳,1000.0,EMEET旗舰店
高价回收二手手机ID锁苹果iPhone15promax华为平板iPad笔记本电脑,6500.0,5000-7000元,华为,其他类型,广东,深圳,100.0,天天回收小店
多隔层密码锁公文包男商务男包手提包男横款电脑包男牛皮包男士包,580.87,3000元以下,其他品牌,其他类型,广东,广州,100.0,爵匠旗舰店
七语AU01电脑台式收录音麦克风主播直播笔记本配音有声书手机唱歌,305.15,3000元以下,其他品牌,其他类型,广东,东莞,1000.0,七语旗舰店
沙驰男包商务真皮大容量男士公文包纯牛皮电脑包官方正品手提包男,849.0,3000元以下,其他品牌,其他类型,广东,广州,300.0,沙驰和顺缘源专卖店
EZpad V12 N100平板电脑二合一带键盘分期付款window大尺寸win11商务办公2024新款学生windows笔记本官方正品,1473.87,3000元以下,其他品牌,二合一笔记本,广东,深圳,38.0,padows旗舰店
马锐鲨新款时尚粉色电脑双肩包女高级感大学生书包轻薄笔记本背包,328.0,3000元以下,其他品牌,轻薄本,广东,广州,700.0,马锐鲨通勤包
电脑win10系统重装远程win11win7苹果笔记本mac双系统安装windows,10.0,3000元以下,苹果,其他类型,北京,未知,2000.0,芷若服务旗舰店
倍思充电宝移动电源140W大功率24000毫安适用于小米13ProRedmi红米安卓PD快充65w联想笔记本电脑Macbook,211.0,3000元以下,联想,其他类型,广东,深圳,35.0,喜狮多数码专营店
官网小ck旗舰店双肩包男士大容量电脑包渐变背包中大学生书包轻,219.0,3000元以下,其他品牌,其他类型,广东,广州,6.0,CinvaiKrose旗舰店
香港ITgreg高级男士双肩包防泼水商务电脑包大容量休闲旅行背包,362.87,3000元以下,其他品牌,其他类型,上海,未知,200.0,香港ITGREG男包专柜A009
draconite潮牌运动背包女双肩背包男大学生初高中书包电脑包11871,154.23,3000元以下,其他品牌,其他类型,广东,广州,1000.0,draconite旗舰店
Midiplus R2 RS外置USB手机迷笛声卡台式笔记本直播专用录音套装,943.87,3000元以下,其他品牌,其他类型,广东,广州,800.0,七星彩音频设备店
360旋转笔记本电脑支架机械臂支撑托架架子悬空笔电组合二合一 副屏散热桌面增高立式调节升降床边上NB,149.0,3000元以下,机械革命,二合一笔记本,江苏,苏州,5000.0,northbayou旗舰店
英菲克M1二代无线鼠标静音无声typec可充电笔记本电脑男女生无限,29.9,3000元以下,其他品牌,其他类型,浙江,杭州,89.0,喵速达电器官方旗舰店
新款复古双肩包韩版潮流男包旅行背包疯马PU大容量学生书包电脑包,67.62,3000元以下,其他品牌,其他类型,浙江,杭州,3000.0,16年潮流男包厂家店十年潮包高质价比
适用于红米游戏本Redmi G固态硬盘book1415Pro笔记本电脑ssd M2,130.0,3000元以下,其他品牌,游戏本,广东,深圳,100.0,继鼎旗舰店
电脑耳机有线笔记本入耳式带麦克风二合一3米加长台式游戏专用usb,18.24,3000元以下,其他品牌,游戏本,广东,深圳,1000.0,茵伏数码店
电脑维修同城上门苹果笔记本台式显卡主板维修更换装机清灰服务,30.0,3000元以下,苹果,其他类型,北京,未知,3000.0,啄木鸟服务旗舰店
铝合金笔记本电脑支架支撑架增高托架子游戏本散热器底座竖立式悬空升降手提平板电脑增高架宿舍办公室桌面上,16.8,3000元以下,其他品牌,游戏本,广东,深圳,1000.0,未来基因泰德利专卖店
适用华为笔记本usb口静音有线鼠标轻薄MateBook D14SE 15 16s电脑,28.31,3000元以下,华为,轻薄本,广东,广州,600.0,丞思扬数码专营店
绿联闪充湃200W氮化镓充电器120闪充ganx适用苹果MacBook16pro3华为小米笔记本电脑iPhone14手机插头多口闪充,269.0,3000元以下,华为,其他类型,福建,厦门,600.0,绿联冠舒专卖店
闪立固态硬盘1t m2电脑笔记本台式机M2 Pcie30 Nvme存储SSD 2TB,89.0,3000元以下,其他品牌,其他类型,广东,揭阳,1000.0,巧质旗舰店
欧格双肩包男士背包可扩容大容量出差旅行李包156寸笔记本电脑包,139.0,3000元以下,其他品牌,其他类型,广东,广州,4000.0,欧格旗舰店
背包男双肩包大容量商务出差电脑包时尚潮流旅游旅行包学生书包男,89.0,3000元以下,其他品牌,其他类型,广东,广州,4000.0,BrunoCavalli企业店
双肩笔记本电脑包女适用于苹果macbook联想小新air15华为matebook14寸戴尔华硕156pro13防震防摔大学生背包,69.0,3000元以下,联想,其他类型,广东,惠州,1000.0,sfmarceau凯纳都专卖店
狼蛛SC300无线鼠标可充电式机甲风电竞游戏电脑笔记本办公用静音,78.0,3000元以下,其他品牌,游戏本,广东,广州,100.0,AULA狼蛛键鼠企业店
HP惠普笔记本电脑包161英寸大容量主袋简约休闲男女双肩背包多功能学生书包防水手提散热公文通勤包商务包,69.0,3000元以下,惠普,其他类型,广东,广州,61.0,惠普中国官方旗舰店
LOFREE洛斐小翘鼠标猫咪无线三模蓝牙办公可爱女生笔记本电脑ipad,297.0,3000元以下,其他品牌,其他类型,广东,广州,200.0,港北数码专营店
3期免息padows EZpad V10 win11平板电脑二合一windows商务办公window笔记本pc可接带键盘工作2024新款,993.87,3000元以下,其他品牌,二合一笔记本,广东,深圳,62.0,padows旗舰店
床边桌可移动升降电脑桌家用沙发学习书桌笔记本小桌子实木升降桌,232.87,3000元以下,其他品牌,其他类型,江苏,徐州,200.0,润泽家具木业
斯波兰oled便携式显示器4K笔记本外接switch扩展触摸电脑小副屏幕,1037.2,3000元以下,其他品牌,其他类型,广东,深圳,200.0,斯波兰旗舰店
HP惠普无线鼠标可充电款静音蓝牙女生可爱办公专用笔记本电脑滑鼠,33.83,3000元以下,惠普,其他类型,浙江,杭州,800.0,天天特卖工厂店
pacsafe 双肩电脑包16寸女通勤出差旅行防割牛津布防震手提双肩包,1190.0,3000元以下,其他品牌,其他类型,上海,未知,68.0,pacsafe户外旗舰店
大容量书包USB男商务电脑包旅行多功能双肩包新款大学生背包,79.0,3000元以下,其他品牌,其他类型,上海,未知,1000.0,天猫超市
外星人商务双肩包男士休闲旅行通勤出差173 18寸笔记本电脑背包大容量时尚书包,210.0,3000元以下,外星人,其他类型,广东,广州,55.0,正品高阶外设电子
飞利浦鼠标有线静音无声办公电竞游戏机械电脑usb台式笔记本通用,98.0,3000元以下,机械革命,游戏本,浙江,金华,300.0,朗特赫尔数码配件旗舰店
Korin原创大容量出差旅行包商务通勤背包笔记本电脑包双肩包轻便,609.0,3000元以下,其他品牌,其他类型,广东,广州,100.0,KORIN旗舰店
双肩包男士背包大学生书包156吋电脑包商务旅行包笔记本防水出行,33.0,3000元以下,其他品牌,其他类型,浙江,杭州,400.0,天天特卖工厂店
2024新款真5G随身wifi移动无线网络便携路由器免插卡千兆全网通高速流量热点电脑笔记本上网卡宝户外车载直播,189.0,3000元以下,其他品牌,其他类型,广东,深圳,2000.0,友猫旗舰店
WD西部数据机械硬盘1t WD10SPSX笔记本电脑西数游戏黑盘25英寸,559.3,3000元以下,机械革命,游戏本,广东,深圳,400.0,西数官方旗舰店
英睿达pcie40固态硬盘1t笔记本台式电脑硬盘P3plus500Gssd,999.0,3000元以下,其他品牌,其他类型,上海,未知,55.0,天猫超市
Samsonite新秀丽双肩包简约时尚女士背包大容量手提书包电脑包BT5,528.0,3000元以下,其他品牌,其他类型,上海,未知,300.0,新秀丽官方旗舰店
2023联想拯救者Y9000p电脑双肩包16英寸Y7000p笔记本防震背包156寸Y9000K游戏本r9000xr7000防水手提背包,72.75,3000元以下,联想,游戏本,广东,云浮,2000.0,AC电脑包店
iWALK爱沃可20000毫安65W自带线充电宝大容量双向PD大功率快充适用于苹果iPad笔记本电脑华为小米Vision Pro,299.0,3000元以下,华为,其他类型,福建,厦门,500.0,iwalk爱沃可旗舰店
赛达台式电脑音箱21有线家用音箱笔记本通用桌面重低音炮,28.68,3000元以下,其他品牌,其他类型,浙江,杭州,700.0,天天特卖工厂店
Samsonite新秀丽大容量背包 156英寸电脑包商务书包双肩包HS8,298.0,3000元以下,其他品牌,其他类型,广东,广州,88.0,Samsonita 新秀背包店
La Seine塞纳头层牛皮14寸电脑包双肩包女真皮大容量简约商务背包,359.0,3000元以下,其他品牌,其他类型,广东,广州,600.0,La Seine塞纳工厂店
tomtoc双肩包大容量男电脑包休闲商务通勤弹道尼龙双肩背包T65S1,669.0,3000元以下,其他品牌,其他类型,广东,东莞,700.0,tomtoc旗舰店
适用华为MateBook14充电器65W超级快充matebookXsE131516XPro笔记本荣耀Magicbook电脑闪充头90W快充2米,45.45,3000元以下,华为,其他类型,广东,广州,1000.0,富景月旗舰店
ThinkPad X1 Carbon AI 2024 全新酷睿Ultra7 155H护眼笔记本电脑,9888.0,9000-10000元,联想,其他类型,上海,未知,75.0,上海thinkpad直销实体店
笔记本电脑包男女双肩14寸156寸适用联想戴尔商务大容量背包学生,49.9,3000元以下,联想,其他类型,浙江,温州,30.0,纪梵保罗旗舰店
Lofree洛斐无线蓝牙鼠标可充电女生可爱款笔记本电脑iPad电竞游戏,299.0,3000元以下,其他品牌,游戏本,广东,东莞,300.0,lofree洛斐数码旗舰店
法莱阿玛尼男士双肩包2023新款大学生背包旅行书包菱形轻奢电脑包,342.87,3000元以下,其他品牌,其他类型,广东,广州,300.0,法莱阿玛尼大陆店
莫恩斯MOINS男女真皮头层双肩背包13寸15寸韩国休闲大容量电脑包,278.0,3000元以下,其他品牌,其他类型,广东,广州,900.0,莫恩斯MOINS DE原创设计男包品牌
莱夫直播间秒杀款现货13个库存秒完补不了,99.0,3000元以下,其他品牌,其他类型,广东,广州,200.0,莱夫箱包旗舰店
高价回收二手手机15Promax苹果1D锁华为小米笔记本电脑估价,1000.0,3000元以下,华为,其他类型,广东,广州,77.0,手机数码回收店
七彩虹CF500 256G 512G台式笔记本通用SATA30高速ssd 固态硬盘1t,119.0,3000元以下,其他品牌,其他类型,广东,广州,900.0,品趣电脑专营店
适用联想拯救者双肩电脑包r9000p游戏本r7000p双肩包y7000y9000p男士r9000x笔记本r720y9000k背包156男16寸,168.0,3000元以下,联想,游戏本,广东,云浮,400.0,春酷数码旗舰店
适用联想笔记本电脑无线鼠标小新pro16air拯救者y7000p女yoga14s,59.9,3000元以下,联想,其他类型,广东,广州,1000.0,酷信数码自营店
好看的笔记本电脑包防摔防震手提适用于苹果macbook133联想air14女156ins简约单肩15华为mac13寸pro16戴尔,231.5,3000元以下,联想,其他类型,浙江,金华,900.0,兰年旗舰店
无印MUI日本手提公文包女男商务职业电脑包14寸文件包加厚尼龙包,39.97,3000元以下,其他品牌,其他类型,浙江,杭州,1000.0,日本無印线上折扣店
HP惠普键鼠套装有线电竞游戏办公台式电脑笔记本键盘鼠标机械套装,229.0,3000元以下,惠普,游戏本,广东,广州,400.0,惠普中国官方旗舰店
山水81C家用无线蓝牙台式电脑音响笔记本低音炮家庭电视游戏音箱,462.87,3000元以下,其他品牌,游戏本,广东,东莞,700.0,sansui山水专卖
MK男士双肩包商务电脑包潮牌大容量书包真皮休闲旅行包大学生背包,253.87,3000元以下,其他品牌,其他类型,广东,广州,800.0,partyplus旗舰店
苹果笔记本电脑MacBook无线pro蓝牙air鼠标充电静音M2适用M1台式,67.0,3000元以下,苹果,其他类型,广东,揭阳,200.0,APPIE电脑配件
自营罗技K580无线蓝牙键盘办公女生电脑平板ipad笔记本键盘,199.0,3000元以下,其他品牌,其他类型,浙江,杭州,200.0,天猫国际自营全球超级店
VSGO微高摄影包黑鹞通勤旅行双肩包16L微单反相机无人机笔记本电脑收纳大容量器材背包20L适合佳能富士索尼康,793.87,3000元以下,其他品牌,其他类型,上海,未知,51.0,vsgo未来影像专卖店
ASUS华硕笔记本电脑 超薄i7大型游戏本高清办公手提电脑学生家用,1044.87,3000元以下,华硕,游戏本,广东,广州,500.0,华硕优品数码店
酷睿i7笔记本电脑156英寸英特尔轻薄大学生超薄商务办公工作设计绘图游戏全能本适用于华为荣耀oppo小米耳机,1582.87,3000元以下,华为,轻薄本,广东,深圳,300.0,固亿贝旗舰店
新品酷睿i7笔记本电脑英特尔156英寸大学生商务办公剪辑设计游戏本超薄全能本适用于华为荣耀oppo耳机,1582.87,3000元以下,华为,游戏本,广东,深圳,200.0,当京数码旗舰店
联想笔记本电脑 超薄大型游戏本 高清办公手提电脑i7学生便携家用,844.87,3000元以下,联想,游戏本,广东,广州,900.0,联发数码科技
Lenovo联想 拯救者 R9000PY7000笔记本电脑I7K独显设计轻薄游戏,1999.2,3000元以下,联想,轻薄本,北京,未知,4000.0,北京拯救者智酷体验中心店
联想拯救者y9000p电竞学生y7000p游戏本r9000p便携高配笔记本电脑,1843.87,3000元以下,联想,游戏本,江西,南昌,3000.0,联想拯救者游戏本直销店
联想拯救者y7000pr7000p电竞r9000p高刷3060独显笔记本电脑游戏本,2799.0,3000元以下,联想,游戏本,北京,未知,200.0,思创电脑数码商城
Hasee神舟战神Z8游戏本神州TX9电竞本Z7独显3060笔记本电脑4060,1063.52,3000元以下,神舟,游戏本,广东,湛江,1000.0,广州烽火数码商城
AI高能本华硕a豆14 Air 高性能AI超轻薄本笔记本电脑 AMD 锐龙 7 8845H处理器14英寸学生商务官方旗舰店,5299.0,5000-7000元,华硕,轻薄本,上海,未知,1000.0,adol官方旗舰店
Lenovo联想小新 高性能笔记本电脑2024年新款学生商务办公轻薄本,3099.0,3000-5000元,联想,轻薄本,广东,广州,5000.0,鑫源数码自营店
2024款英特尔酷睿i7轻薄便携32G金属笔记本电脑大学生超薄商务办公学习设计游戏本官方手提电脑全新,1095.0,3000元以下,其他品牌,轻薄本,浙江,杭州,800.0,国货甄选旗舰店
2021新款苹果笔记本女生款MacBook超薄air办公手提电脑游戏本Pro,1593.87,3000元以下,苹果,游戏本,广东,深圳,100.0,天悦数码科技
ReaimX笔记本电脑英特尔N95轻薄便携大学生超薄商务办公游戏手提,857.85,3000元以下,其他品牌,轻薄本,广东,深圳,200.0,ReaimX十年电脑城
2024新款英特尔笔记本电脑轻薄本超薄便携式电脑n95全面屏办公商务游戏156英寸学生家用系统旗舰版工作站,1106.0,3000元以下,其他品牌,轻薄本,浙江,杭州,100.0,国货甄选旗舰店
联想笔记本电脑 超薄大型游戏本i7四核学生高清办公商务手提电脑,832.0,3000元以下,联想,游戏本,广东,广州,300.0,淘划算数码
2024新品英特尔酷睿i9笔记本电脑戴睿25K超清IPS屏电脑轻薄商务办公学生网课设计电竞游戏本官方正品,998.0,3000元以下,其他品牌,轻薄本,广东,深圳,7000.0,dere戴睿旗舰店
Lenovo联想小新 Air14 Air15学生轻薄便携i7办公游戏商务笔记本,1898.0,3000元以下,联想,轻薄本,安徽,芜湖,1000.0,正品游戏本特卖店
2024新品首发联想ThinkBook1416 锐龙R78845H酷睿Ultra7 14英寸轻薄便携大学生游戏笔记本电脑官方,5499.0,5000-7000元,联想,轻薄本,福建,厦门,4000.0,thinkpad新启联专卖店
笔记本电脑轻薄便携156英寸办公商务学生手提游戏本女朗特 Q 16,1282.87,3000元以下,其他品牌,轻薄本,广东,深圳,700.0,英特电脑
Lenovo联想小新2024年高性能笔记本电脑新款学生商务办公轻薄本,2899.0,3000元以下,联想,轻薄本,广东,广州,100.0,电脑品牌专店
Lenovo联想 ThinkBook 15 酷睿i7i5锐龙八核便携轻薄笔记本电脑,2339.0,3000元以下,联想,轻薄本,广东,广州,200.0,Ienovo品牌线上店
Lenovo联想 小新 笔记本电脑游戏本轻薄家用商务办公学生手提i7,824.87,3000元以下,联想,轻薄本,广东,广州,100.0,华艺数码
全新惠普笔记本电脑商务办公轻薄便携超薄大学生网课游戏粉色紫色,1192.87,3000元以下,惠普,轻薄本,广东,深圳,97.0,云兴数码
Lenovo联想 小新 Pro14笔记本电脑轻薄商务办公设计Air14 15 16,1399.0,3000元以下,联想,轻薄本,北京,未知,100.0,Ultrabook建外soho线下体验店
英特尔Reaim X Book酷睿i7手提4K笔记本电脑学生商务办公电竞游戏,852.87,3000元以下,其他品牌,游戏本,广东,深圳,600.0,ReaimX数码科技
ReaimX新款笔记本电脑英特尔N95轻薄便携大学生超薄商务办公工作设计绘图高端电竞游戏官方正品独显手提,1268.96,3000元以下,其他品牌,轻薄本,浙江,杭州,500.0,天天特卖工厂店
顺丰速发中柏2024新款笔记本电脑轻薄本156英寸高性能超薄便携手提电脑学生网课游戏官方旗舰店正品,1073.87,3000元以下,其他品牌,轻薄本,广东,深圳,100.0,中柏电脑旗舰店
英特尔2024新款酷睿笔记本电脑戴睿25K超清屏电脑轻薄商务办公学,1698.0,3000元以下,其他品牌,轻薄本,广东,深圳,9000.0,dere戴睿旗舰店
方正2024新品笔记本电脑英特尔N100便携轻薄156寸IPS高清屏大学生商务办公工作设计师PS电竞游戏本官方正品,1999.0,3000元以下,其他品牌,轻薄本,广东,深圳,73.0,founder方正方德专卖店
2024新款英特尔笔记本电脑轻薄本超薄便携式电脑n95全面屏办公商务游戏156英寸学生家用系统电池工作站,1121.8,3000元以下,其他品牌,轻薄本,浙江,杭州,100.0,天天特卖工厂店
英特尔酷睿新款超薄笔记本电脑165英寸高清大屏幕多功能商务娱乐游戏工作电脑学生学习笔记本轻薄本办公科技,1068.4,3000元以下,其他品牌,轻薄本,浙江,杭州,100.0,国货甄选旗舰店
Lenovo联想 拯救者 联想y7000 Y7000P R7000吃鸡游戏 笔记本电脑,1595.4,3000元以下,联想,游戏本,福建,泉州,200.0,拯救者直销店
Apple苹果二手笔记本电脑MacBookPro Air超薄游戏独显办公学生本,654.87,3000元以下,苹果,游戏本,上海,未知,1000.0,凡型实业数码科技
机械革命蛟龙16pro 4070极光pro耀世15 4060学生游戏本笔记本电脑,5299.0,5000-7000元,机械革命,游戏本,上海,未知,500.0,机械革命专享店
联想笔记本电脑 超薄大型游戏本i7四核学生高清办公商务手提家用,842.87,3000元以下,联想,游戏本,广东,广州,71.0,八方圆数码科技
Asus华硕飞行堡垒FX i7笔记本电脑轻薄办公编程手提电脑学生游戏,1024.87,3000元以下,华硕,轻薄本,广东,广州,100.0,铠龙数码
2024新品酷睿i9笔记本电脑32G英特尔i7高配置13代电竞游戏大学生商务办公设计轻薄手提官方旗舰正品独显,907.24,3000元以下,其他品牌,轻薄本,广东,深圳,8000.0,HUAV裕腾专卖店
联想Thinkpad超薄笔记本电脑X390学生IPS商务本133寸280 X13 L13,1138.0,3000元以下,联想,其他类型,广东,广州,800.0,灵龙数码二手笔记本电脑
Apple苹果 MacBook Air 系列笔记本电脑133寸8核M1芯片2020款 笔记本电脑官方旗舰店4,7049.0,7000-9000元,苹果,其他类型,浙江,金华,34.0,苏宁易购官方旗舰店
Microsoft微软Surface Laptop Go 3商务轻薄笔记本电脑2学生Go3,3588.0,3000-5000元,微软,轻薄本,上海,未知,200.0,上海数码老周
未使用ThinkPad X270 X280 轻薄联想笔记本电脑超级本12寸办公i7,680.0,3000元以下,联想,轻薄本,广东,广州,10.0,lBM原装电脑正品店
联想小新Pro AI元启 2024新款 联想小新Pro16 锐龙2024 联想AIPC 16英寸轻薄本笔记本电脑,5999.0,5000-7000元,联想,轻薄本,北京,未知,18.0,联想联保专卖店
联想笔记本电脑小新品酷睿i3i512500H轻薄游戏本V14V156英寸手提电脑,3299.0,3000-5000元,联想,轻薄本,广东,广州,24.0,ThinkPad仁捷专卖店
百亿补贴华硕灵耀14  13代英特尔酷睿i7 Evo 28K OLED屏潮流高颜轻薄商务办公笔记本电脑官方旗舰店,6319.0,5000-7000元,华硕,轻薄本,上海,未知,2000.0,asus华硕官方旗舰店
Hasee神舟 战神系列 Z8D63Z7S8T8 PLUSE94 RTX4070独显游戏本,3986.0,3000-5000元,神舟,游戏本,北京,未知,97.0,神舟北京号
华为MateBook E 2023新款平板126英寸12代WIFI笔记本二合一电脑,3299.0,3000-5000元,华为,二合一笔记本,上海,未知,100.0,果果数码电商
2024爆款联想拯救者R7000 Y7000P Y9000P  R9000P  电竞游戏本笔记本电脑学生设计师旗舰正品店官方,7098.6,7000-9000元,联想,游戏本,广东,广州,300.0,联想爱特家专卖店
笔记本电脑联想ThinkPad T560 T570 T580 P52S156寸独显办公游戏,1080.0,3000元以下,联想,游戏本,广东,广州,100.0,广州粤新二手数码企业店
2023新品首发联想ThinkPad P16 Gen2 英特尔酷睿i7i9 16英寸3D绘图建模设计师图形工作站笔记本电脑独显,15399.0,10000-20000元,联想,其他类型,福建,厦门,20.0,thinkpad恒瀚专卖店
新品acer宏碁优跃16 12代酷睿i512450H 16英寸IPS高清屏高性能学生办公轻薄本设计师手提宏基笔记本电脑,3199.0,3000-5000元,宏碁,轻薄本,北京,未知,3.0,acer宏碁商用旗舰店
DELL戴尔G15 12代英特尔酷睿i7高刷游戏本3060笔记本电脑学生电竞,3489.0,3000-5000元,戴尔,游戏本,江西,南昌,42.0,锦诚笔记本商行
Microsoft微软 Surface Pro 5苏菲 办公 平板 二合一 笔记本电脑,928.0,3000元以下,微软,二合一笔记本,广东,广州,72.0,广州极奥(GL)笔记本企业店
Lenovo联想 拯救者 R9000P Y9000PR Y7000P游戏笔记本电脑2023,5388.0,5000-7000元,联想,游戏本,江西,南昌,200.0,新名人数码科技
荣耀MagicBookPro16笔记本电脑Ultra7黑悟空4060电竞轻薄游戏本16,5299.0,5000-7000元,荣耀,轻薄本,北京,未知,14.0,井宏科技
HP惠普暗影精灵9 学生游戏本13代处理器RTX4060电竞笔记本电脑,5488.0,5000-7000元,惠普,游戏本,安徽,合肥,51.0,笔记本电脑数码工厂店
2024新品英特尔13代酷睿i7笔记本电脑触控屏超清轻薄商务办公学生设计手提电竞独显游戏本官方正品旗舰店,1298.0,3000元以下,其他品牌,轻薄本,广东,深圳,10000.0,UIG旗舰店
acer宏碁EX21532 英特尔四核156英寸大屏学生学习商用办公轻薄笔记本电脑宏基官方正品,1899.0,3000元以下,宏碁,轻薄本,上海,未知,100.0,acer宏碁商用旗舰店
Acer宏碁 非凡 轻薄本非凡Go笔记本电脑OLED屏办公家用学生,2578.0,3000元以下,宏碁,轻薄本,北京,未知,900.0,宏碁acer电脑商城
Dell戴尔 i7 i5笔记本电脑 轻薄便携游戏本高清办公手提学生家用,1132.87,3000元以下,戴尔,轻薄本,广东,广州,76.0,八达通数码商行
华硕天选2345第13代i5i7学生4060显卡电竞游戏2024笔记本电脑,3089.0,3000-5000元,华硕,游戏本,江西,南昌,14.0,阳光数码科技品牌店
阿里自营联想小新Pro14 2023款小新1416 酷睿i5标压 商务办公出差学习便携轻薄笔记本电脑,4080.0,3000-5000元,联想,轻薄本,浙江,杭州,28.0,喵速达电器官方旗舰店
Hasee神舟 战神T8Z8D6S8G8D6Z7RTX4060RTX4050独显直连学生电竞游戏本办公电脑神州游戏笔记本电脑,4088.0,3000-5000元,神舟,游戏本,北京,未知,60.0,蕊蕊恒信数码专营店
12期免息联想ThinkPad X1 Nano 英特尔酷睿i7 13英寸超轻薄便携商务办公手提ibm笔记本电脑英特尔Evo认证,6399.0,5000-7000元,联想,轻薄本,福建,厦门,30.0,thinkpad恒瀚专卖店
Apple苹果13 14英寸笔记本电脑 MacBook Pro2022款M2设计办公M1,3992.37,3000-5000元,苹果,其他类型,广东,广州,100.0,麦克苹果科技
华硕天选5pro 2024新锐龙14代酷睿i9 4070独显学生游戏笔记本电脑,7068.0,7000-9000元,华硕,游戏本,四川,成都,32.0,时代数码电竞商城
全新笔记本电脑156寸轻薄便携女生款超薄手提电脑商务办公游戏本,517.37,3000元以下,其他品牌,轻薄本,广东,深圳,49.0,长江数码城007
Apple苹果 16英寸MacBook Pro笔记本电脑M3 ProMax,20499.0,20000元以上,苹果,其他类型,上海,未知,11.0,飞跃优品
Hasee神舟战神TX8R9 Z8 S8D6 25K RTX4060独显游戏本笔记本电脑,9999.0,9000-10000元,神舟,游戏本,河南,郑州,100.0,神船燕子神舟电脑电商中心
Thinkpad联想笔记本电脑超薄超级本T460s T480办公本14寸T470T460,1043.87,3000元以下,联想,其他类型,广东,佛山,100.0,四海纵横科技
苹果Apple超薄笔记本电脑Mac BookPro131516寸设计剪辑办公Air,1782.87,3000元以下,苹果,其他类型,浙江,杭州,63.0,跃然苹果
Dell戴尔灵越Pro锐龙R7全能笔记本电脑i7高配置i5轻薄本2023新款,3099.0,3000-5000元,戴尔,轻薄本,北京,未知,300.0,鑫源数码自营店
新款折叠屏笔记本电脑双屏学生YOGABOOK办公追剧娱乐书写炒股游戏,2593.87,3000元以下,其他品牌,游戏本,上海,未知,11.0,AICON数码专店
GPD win max2 2024新款掌上游戏本10寸触控高性能8840U笔记本电脑,5298.0,5000-7000元,其他品牌,游戏本,江苏,苏州,100.0,GPD掌机电脑
HP惠普战系列战66五代六代锐龙轻薄商务办公便携女生笔记本电脑,2293.87,3000元以下,惠普,轻薄本,上海,未知,600.0,上海皓堡科技品牌电脑店
联想二手笔记本电脑I7九成新14寸高配置学生轻便商务办公15游戏本,388.0,3000元以下,联想,游戏本,重庆,未知,81.0,惠多二手电脑
Geglovo格斐斯新款英特尔笔记本电脑轻薄本办公学生专用156英寸,1193.87,3000元以下,其他品牌,轻薄本,广东,深圳,4.0,华锋数码易购
二手苹果笔记本电脑Apple苹果MacBook Air Pro超薄i7独显手提本,925.0,3000元以下,苹果,其他类型,重庆,未知,19.0,惠多二手电脑
联想华硕戴尔惠普宏基二手笔记本电脑高配置I7轻便商务办公游戏本,388.0,3000元以下,联想,游戏本,重庆,未知,44.0,惠多二手电脑
16g1024g全新2024新款平板电脑护眼官方正品ipadpro游戏画画办公二合一全网通5g笔记本学习机骁龙智能新品,266.4,3000元以下,其他品牌,游戏本,浙江,杭州,100.0,天天特卖工厂店
华硕二手笔记本电脑九成新正品1415寸商务办公I7I5高配置游戏本,388.0,3000元以下,华硕,游戏本,重庆,未知,4.0,京迈二手笔记本
Lenovo联想笔记本电脑轻薄办公学生设计编程高配i7四核电竞游戏本,993.87,3000元以下,联想,轻薄本,广东,广州,200.0,Ienovo电脑营业店
联想笔记本电脑 i7轻薄商务办公设计 直播学生家用网课手提游戏本,880.0,3000元以下,联想,轻薄本,广东,汕尾,38.0,硕星数码坊
联想笔记本电脑 轻薄便携办公 家用学习 大型游戏电竞笔记本电脑,1224.87,3000元以下,联想,轻薄本,广东,广州,74.0,棋瑞数码
二手联想笔记本电脑 I7 四核吃鸡游戏本 I5超轻薄商务办公便携本,550.0,3000元以下,联想,轻薄本,湖南,长沙,600.0,赛格笔记本电脑批发
双屏笔记本电脑156寸32G英特尔商务办公游戏设计学生触屏上网本,1763.87,3000元以下,其他品牌,游戏本,广东,深圳,83.0,鑫科派电子科技数码
Asus华硕飞行堡垒 i7笔记本电脑轻薄办公学生设计手提电脑游戏本,1014.87,3000元以下,华硕,轻薄本,广东,广州,7.0,天恒数码科技
雷神911MTPro暗杀星ZERO笔记本电脑i5i7星战3060独显电竞Air游戏,1088.0,3000元以下,雷神,游戏本,广东,广州,11.0,小哆来咪科技
顺丰速发华为MateBook D14D16 2024年新款笔记本电脑办公i5i7轻薄本学生手提官方旗舰店官网款SE正品,4749.0,3000-5000元,华为,轻薄本,河南,郑州,72.0,华为盛世通乾专卖店
华为MateBook D16 i513500H 高能版 16英寸轻薄办公笔记本电脑,5299.0,5000-7000元,华为,轻薄本,河南,郑州,82.0,d[s61774345]
Apple苹果MacBookPro苹果笔记本电脑超薄Air i5办公商务本i7游戏,1050.0,3000元以下,苹果,游戏本,江苏,苏州,8.0,优选严选笔记本数码
笔记本电脑酷睿i7轻薄Pro办公学生家用剪辑Apple苹果MacBook Air,877.0,3000元以下,苹果,轻薄本,广东,广州,8.0,小油柑数码
苹果笔记本电脑Mac Book Air133寸办公商务轻薄游戏商务手提本,788.0,3000元以下,苹果,轻薄本,广东,佛山,14.0,随风数码电脑
华硕二手笔记本电脑联想四核独显游戏本cad办公ps编程LOL网课炒股,393.87,3000元以下,联想,游戏本,湖南,长沙,4.0,常利数码
Apple苹果MacBook Air超薄Pro酷睿i7品牌折扣高配独显笔记本电脑,1088.0,3000元以下,苹果,其他类型,广东,广州,200.0,小油柑数码
Huawei华为 MateBook 14新款酷睿笔记本电脑触控手写屏轻薄便携,3682.87,3000-5000元,华为,轻薄本,广东,深圳,15.0,果粉笔记本中心
二手笔记本电脑联想Thinkpad超薄i7四核独显游戏本I5网课商务手提,474.87,3000元以下,联想,游戏本,广东,广州,1000.0,飞梦电脑数码
Huawei华为 MateBook 14笔记本电脑 银丨I51340P 16G 1T,5999.0,5000-7000元,华为,其他类型,河南,郑州,100.0,d[s61774345]
二手笔记本电脑i3 i5 i7办公游戏笔记本上网课品牌手提办公笔记本,559.0,3000元以下,其他品牌,游戏本,湖南,长沙,100.0,阳光百里数码
Hasee神舟战神z8游戏笔记本电脑i5 10200H RTX3060全能本,3400.0,3000-5000元,神舟,游戏本,山东,济南,5.0,乐同电脑笔记本精品
156寸超薄四核笔记本电脑商务办公手提电脑轻薄便携女手提电脑粉,544.87,3000元以下,其他品牌,轻薄本,广东,深圳,43.0,百品惠
Apple苹果笔记本电脑MacBookProAir超轻薄i5i7办公设计女学生游戏,1487.87,3000元以下,苹果,轻薄本,广东,广州,30.0,信诚数码苹果电脑老店
Lenovo 联想轻薄游戏高清办公手提电脑i7学生便携家用笔记本电脑,1580.0,3000元以下,联想,轻薄本,广东,广州,200.0,鸿嘉数码商行
2024新品英特尔笔记本电脑轻薄本156英寸大学生便携商务办公绘图设计高配置游戏本官方正品适用,835.2,3000元以下,其他品牌,轻薄本,浙江,杭州,11.0,天天特卖工厂店
IBM 联想IThinkPad 笔记本电脑 X200 x200S 12寸 上网本 包邮,288.0,3000元以下,联想,其他类型,广东,广州,400.0,恒博科技2006
Apple苹果 A2141 19款16寸Pro设计办公笔记本电脑渲染AdobePSC4D,5099.0,5000-7000元,苹果,其他类型,广东,广州,52.0,小洋数码优选
联想小新air14二手笔记本电脑正品学生轻薄商务办公PS超级本air15,1347.87,3000元以下,联想,轻薄本,贵州,贵阳,300.0,鹏彭数码
联想ThinkPad T490S 新款i7高配轻薄便携超级本ibm四核笔记本电脑,1182.87,3000元以下,联想,轻薄本,广东,深圳,15.0,果粉笔记本中心
笔记本电脑酷睿i7轻薄Pro学生商务手提便携Apple苹果MacBook Air,877.0,3000元以下,苹果,轻薄本,广东,广州,14.0,小油柑数码
MECHREVO机械革命旷世G16 16英寸游戏本 13代酷睿笔记本电脑,5699.0,5000-7000元,机械革命,游戏本,上海,未知,100.0,机械革命笔记本数码店
X220tX230tX240X250T420T430旋转屏触摸写笔记本电脑联想ThinkPad,488.0,3000元以下,联想,其他类型,广东,广州,400.0,金玉笔记本电脑
酷睿i7独显2024笔记本电脑新款全新25K护眼屏商务出差办公学习网课轻薄手提电竞游戏本官方旗舰正品女款,1628.0,3000元以下,其他品牌,轻薄本,广东,深圳,9000.0,hipaa海鲅旗舰店
机械革命 极光Pro 蛟龙16K 蛟龙16pro 4070 耀世15游戏本电脑,5249.0,5000-7000元,机械革命,游戏本,上海,未知,400.0,机械革命专享店
松下笔记本电脑SV8高性能商务办公游戏汽修户外直播便携迷你手提,786.72,3000元以下,其他品牌,游戏本,广东,广州,32.0,伊能幸福
2024新品现货联想拯救者Y9000P 16英寸 14代酷睿i9 RTX4060显卡 240Hz刷新率游戏电竞设计笔记本电脑,10598.9,10000-20000元,联想,游戏本,北京,未知,75.0,联想联保专卖店
ThinkPad X1 Nano i5 X1 Carbon 2024新款I7轻薄 办公 笔记本电脑,5745.0,5000-7000元,联想,轻薄本,上海,未知,100.0,上海仁商实业有限公司
Xiaomi小米 RedmiBook 13 Air 13 笔记本电脑超薄便携办公商务,2272.87,3000元以下,小米,其他类型,广东,深圳,200.0,米立严选数码店
联想小新Air15Air14旗舰大学生设计办公官方手提轻薄笔记本电脑,3499.0,3000-5000元,联想,轻薄本,上海,未知,200.0,联想电脑正品自营店
HP惠普 惠普星系列 青春版星book1415锐龙女学生办公笔记本电脑,1592.87,3000元以下,惠普,其他类型,上海,未知,100.0,上海皓堡科技品牌电脑店
陈大克推荐大学生笔记本电脑MacBook AirPro新款苹果笔记本电脑,1888.0,3000元以下,苹果,其他类型,广东,广州,400.0,陈大克推荐数码产品店
Lenovo联想笔记本电脑小新大学生商务办公设计编程i7游戏本超薄,1048.0,3000元以下,联想,游戏本,广东,广州,25.0,盛德提科技
Acer宏碁墨舞EX215笔记本电脑 156英寸轻薄本办公本学生本英特尔四核N5100 高清炒股手提宏基笔记本电脑,1949.0,3000元以下,宏碁,轻薄本,北京,未知,49.0,宏碁神州想联专卖店
HP惠普星14青春版笔记本电脑商务办公 女学生12代酷睿i3i5轻薄本,1558.0,3000元以下,惠普,轻薄本,北京,未知,100.0,赤心优品数码商城
Lenovo联想拯救者 Y9000PY7000P酷睿i9标压学生便携游戏笔记本,3497.0,3000-5000元,联想,游戏本,江西,南昌,23.0,锦诚笔记本商行
618返场机械革命极光旷世G16耀世15Pro 4060游戏本笔记本电脑,4999.0,3000-5000元,机械革命,游戏本,广东,广州,81.0,机革电脑商城
华硕顽石超强四核N6000办公笔记本电脑14英寸,2099.0,3000元以下,华硕,其他类型,上海,未知,11.0,天猫超市
华为MateBook14笔记本电脑酷睿Ultra7触控28k办公轻薄本2024新款,4898.0,3000-5000元,华为,轻薄本,上海,未知,99.0,超冠电商
微软Surface book1 2 3 增强版 i5 i7平板  15寸笔记本135寸电脑,1370.0,3000元以下,微软,其他类型,广东,广州,100.0,微软surface尚品
九针串口Dell戴尔 Latitude D630笔记本电脑游戏直播网店学习网,326.0,3000元以下,戴尔,游戏本,广东,佛山,200.0,广州朝阳数码科技
ROG玩家国度幻14Air 2024 14英寸设计师轻薄高性能游戏笔记本电脑,10288.0,10000-20000元,玩家国度,轻薄本,北京,未知,7.0,北京电竞商城
Dell戴尔轻薄本酷睿I5超薄I7商务办公手提笔记本电脑学生网课,982.87,3000元以下,戴尔,轻薄本,广东,惠州,100.0,果粉笔记本中心
ThinkPad T480 T480S联想商务办公T460P T470490S商务笔记本电脑,1038.0,3000元以下,联想,其他类型,广东,广州,100.0,木森科技港二手笔记本电脑
Asus华硕2024无畏Pro15 Pro16办公学生13代i9游戏笔记本电脑4060,4348.99,3000-5000元,华硕,游戏本,广东,广州,18.0,华硕正品商城
Dell戴尔 Alienware外星人 ALWA51M M17 M15 X17 ROG笔记本电脑,3200.0,3000-5000元,戴尔,其他类型,江苏,南京,100.0,蒙奇奇游戏本
Huawei华为MateBook 13S14S 全面屏商务轻薄便携笔记本电脑新品,4528.0,3000-5000元,华为,轻薄本,上海,未知,400.0,甄选数码综合店
Apple苹果 MacBook Air 136英寸 笔记本电脑 M3芯片,10499.0,10000-20000元,苹果,其他类型,浙江,金华,12.0,浩酷3C数码
玫瑰故事中的同品牌电脑VAIO SX14超薄笔记本电脑14英寸i7512G16G 12代轻薄便携办公日本原装进口,9488.0,9000-10000元,其他品牌,轻薄本,上海,未知,9.0,VAIO旗舰店
Apple苹果 MacBook Pro 13寸学生笔记本电脑超薄便携办公本15寸,1394.22,3000元以下,苹果,其他类型,广东,广州,200.0,乐途本本
2023新款联想YOGA Pro14s 13代酷睿i5 i7 145英寸3K屏笔记本电脑便携办公学习轻薄本,5699.75,5000-7000元,联想,轻薄本,北京,未知,800.0,联想联保专卖店
ThinkPad T14 2022款Gen3工程师T系列锐龙R7轻薄本联想笔记本电脑,3098.0,3000-5000元,联想,轻薄本,湖南,长沙,100.0,EINHORN的本本
ROG玩家国度枪神7Plus全能游戏本4090满血i9华硕游戏笔记本电脑,5679.0,5000-7000元,华硕,游戏本,江西,南昌,28.0,众鑫电子产品科技
百亿补贴机械革命无界14ProXS锐龙版R7 8845HS轻薄笔记本电脑,3999.0,3000-5000元,机械革命,轻薄本,江苏,无锡,100.0,机械革命电脑店
未来人类AMD 蓝天NH55VP 57VR游戏本准系统R5 5600X RTX3060 3070,3434.87,3000-5000元,其他品牌,游戏本,上海,未知,79.0,游戏本电脑精品店
Panasonic松下 商务坚固型 CFSZ6SZ5  笔记本电脑汽修培训办公,493.0,3000元以下,其他品牌,其他类型,广东,广州,200.0,星河 科技
华硕灵耀X 双屏 Pro 双触摸屏设计师轻薄触控笔记本电脑手提独显,3999.0,3000-5000元,华硕,轻薄本,江苏,南京,200.0,官企笔记本电脑商城
热销Acer宏碁 优跃air全新一代N100笔记本电脑14英寸 四核处理器轻薄商务学生学习办公手提笔记本便携,1879.0,3000元以下,宏碁,轻薄本,上海,未知,300.0,acer宏碁商用旗舰店
2024新品Pro17LG gram pro 17AI酷睿Ultra57 25K LG原厂高清屏防眩光高刷笔记本电脑商务办公轻薄本32G,10093.37,10000-20000元,其他品牌,轻薄本,上海,未知,18.0,LG笔记本旗舰店
LG gram pro17英寸AI轻薄本evo Ultra7笔记本电脑电脑2024新款RTX3050高性能高端游戏本设计师本女学生笔记本,12193.07,10000-20000元,其他品牌,轻薄本,北京,未知,16.0,LG天恩志兴专卖店
新品原东芝Toshibadynabook Portege X40LM UItra5 125HUItra7 155H笔记本电脑14英寸轻薄商务办公,11893.87,10000-20000元,其他品牌,轻薄本,浙江,杭州,4.0,dynabook旗舰店
Apple苹果电脑笔记本MacBookAir超薄便携女生款商务办公本133寸,1499.0,3000元以下,苹果,其他类型,上海,未知,27.0,壹心数码科技
联想Thinkpad Ｔ510 W510酷睿ｉ5ｉ7笔记本电脑156寸大屏办公本,500.0,3000元以下,联想,其他类型,广东,广州,35.0,路得科技电子数码店
可选32G大内存LG gram17 原厂屏 25K防眩光酷睿i7笔记本电脑轻薄便携轻薄人脸识别防偷窥双雷电4Evo认证,11593.42,10000-20000元,其他品牌,轻薄本,上海,未知,14.0,LG笔记本旗舰店
富士通轻薄学生便携炒股笔记本电脑手提i5i7固态商务办公游戏本,409.87,3000元以下,其他品牌,轻薄本,广东,广州,15.0,蓉宝宝数码
玫瑰故事的同品牌电脑VAIO SX14 日本原装进口轻薄笔记本电脑14英寸i5i7 1t 4K屏便携源自索尼,12487.0,10000-20000元,其他品牌,轻薄本,上海,未知,28.0,VAIO旗舰店
Lenovo联想 拯救者 R9000PY7000游戏笔记本电脑iXK独显设计轻薄,2198.7,3000元以下,联想,轻薄本,北京,未知,400.0,北京拯救者智酷体验中心店
Lenovo联想拯救者Y9000P2024超能电竞游戏笔记本电脑RTX4090独显,9698.0,9000-10000元,联想,游戏本,江苏,南京,200.0,鸿程电脑企业店
阿里官方自营2023联想拯救者Y9000P 13代酷睿 16英寸游戏本笔记本电脑 设计师ps联想游戏电竞本,10298.65,10000-20000元,联想,游戏本,浙江,杭州,300.0,喵速达电器官方旗舰店
雷神猎刃15猎刃16游戏本i7学生14代i9绘图4060设计4070笔记本电脑,5899.0,5000-7000元,雷神,游戏本,江西,南昌,100.0,雷神直销店
HONOR荣耀MagicBook Pro 16 英特尔酷睿Ultra5 AI轻薄性能本笔记本电脑 3K原色护眼屏 空间音频官方旗舰店,5999.0,5000-7000元,荣耀,轻薄本,广东,深圳,61.0,荣耀宏百纳专卖店
ROG玩家国度枪神78 魔霸7Plus 新锐2023 电竞游戏笔记本电脑4060,5793.87,5000-7000元,玩家国度,游戏本,江西,南昌,13.0,京夕数码店
Xiaomi小米RedmiG游戏本XMG2003AJ I7全新未拆封笔记本电脑,2993.87,3000元以下,小米,游戏本,江西,南昌,300.0,小米华南数码科技
七彩虹橘宝R15 R78845HS 4060独显学生设计剪辑游戏笔记本电脑,4699.0,3000-5000元,其他品牌,游戏本,广东,深圳,25.0,雷神ThundeRobot深圳铂金店
2024新款 苹果Apple 15英寸MacBook Air M3 M2笔记本电脑国行定制,7300.0,7000-9000元,苹果,其他类型,江苏,南京,47.0,囧人数码
英特尔2024新款戴睿笔记本电脑官方旗舰店R16Pro手提商务办公学生设计游戏专用轻薄本超薄高配置官网正品,1628.0,3000元以下,其他品牌,轻薄本,广东,深圳,600.0,dere戴睿旗舰店
24期免息联想ThinkPad X1 Nano 新款酷睿i7 13英寸便携商务办公旗舰笔记本电脑苏宁易购官方旗舰店865,6699.0,5000-7000元,联想,其他类型,江苏,南京,31.0,苏宁易购官方旗舰店
Dell戴尔2022款 G15游匣i7游戏本3060学生电竞笔记本电脑,3570.0,3000-5000元,戴尔,游戏本,河南,郑州,20.0,芯力品牌电脑商城
华为 MateBook D16 24新款锐炬全面屏轻薄便携官方正品笔记本电脑,3527.0,3000-5000元,华为,轻薄本,广东,广州,71.0,九州通讯数码
CHUWI驰为Corebook X Pro156英寸 英特尔第12代酷睿i5高性能游戏笔记本电脑学生办公笔记本 2024夏季新品,2499.0,3000元以下,其他品牌,游戏本,广东,深圳,94.0,驰为旗舰店
Asus华硕灵耀14 2024全新Ultra9 Ultra7 AI办公商务笔记本电脑,5328.0,5000-7000元,华硕,其他类型,四川,成都,34.0,时代数码电竞商城
Lenovo联想小新笔记本电脑轻薄便携学生办公设计编程i7电竞游戏,908.0,3000元以下,联想,轻薄本,广东,广州,41.0,联华电脑营业店
ThinkPad X1 CARBON Nano 2024 3ACD 01CD 02CD I7笔记本电脑2023,5448.0,5000-7000元,联想,其他类型,上海,未知,79.0,ThinkPad徐汇品牌店
ROG玩家国度 魔霸新锐 枪神78Plus 2024电竞4060游戏笔记本电脑,5799.0,5000-7000元,玩家国度,游戏本,重庆,未知,57.0,朝天门电脑数码
Asus华硕 天选 天选5Pro 2024新款锐龙版4070电竞游戏笔记本电脑,6799.0,5000-7000元,华硕,游戏本,重庆,未知,24.0,拯救者商行
微软Surface Laptop543超薄笔记本电脑触摸屏时尚商务学生办公,3399.0,3000-5000元,微软,其他类型,浙江,杭州,100.0,百年微软数码港
华为MateBook 16s 2023新款 25k触屏商务设计轻薄笔记本电脑13代,5798.0,5000-7000元,华为,轻薄本,广东,广州,100.0,超冠电商
2024款现货GPD win mini 2024新款AMD8840U 7英寸掌上笔记本电脑翻盖掌机120Hz高刷屏便捷迷你PC游戏本,5298.0,5000-7000元,其他品牌,游戏本,广东,深圳,83.0,华融数码专营店
Asus华硕天选3游戏本CAD制图剪辑设计本3050独显高性能高配置大屏大学生吃鸡建模渲染电竞游戏笔记本电脑,5644.0,5000-7000元,华硕,游戏本,四川,成都,17.0,华硕九鑫专卖店
GPD pocket3掌上迷你笔记本电脑小型便携运维游戏办公8英寸触屏,5199.0,5000-7000元,其他品牌,游戏本,上海,未知,200.0,GPD上海店
DELL戴尔 灵越1416Pro 5420 5620 i5i7轻薄办公设计笔记本电脑,3199.0,3000-5000元,戴尔,轻薄本,北京,未知,83.0,品牌电脑之家
DELL戴尔笔记本电脑灵越14 Plus 14英寸英特尔酷睿i5i7标压电脑笔记本7420学生商务办公专用轻薄本女生轻便,3299.0,3000-5000元,戴尔,轻薄本,北京,未知,100.0,戴尔神鹿专卖店
ThinkPad笔记本电脑P53图形工作站独显六核联想i7标压P1隐士P15,2888.0,3000元以下,联想,其他类型,广东,广州,76.0,灵龙数码二手笔记本电脑
Asus华硕天选23飞行堡垒9代i7i5笔记本电脑游戏设计全能本3060,1787.87,3000元以下,华硕,游戏本,广东,湛江,52.0,艾克数码商城
雷神猎刃16电竞游戏笔记本电脑14代i9满血RTX4060便携办公16英寸,4888.0,3000-5000元,雷神,游戏本,上海,未知,30.0,翔空数码港
小米笔记本电脑Redmi Book 14 12代酷睿标压 28K屏 高性能轻薄本,3399.0,3000-5000元,小米,轻薄本,上海,未知,19.0,天猫超市
Colorful七彩虹 X15 AT 23将星P16P15高端电竞游戏笔记本电脑,3552.0,3000-5000元,其他品牌,游戏本,重庆,未知,75.0,拯救者商行
正品华为MateBook D16高能版款标压学生游戏16英寸屏笔记本电脑,3945.0,3000-5000元,华为,游戏本,上海,未知,100.0,12年诚信老店
机械革命无界14pro14X 8845HS 780m 学生办公设计轻薄笔记本电脑,4274.05,3000-5000元,机械革命,轻薄本,湖北,武汉,400.0,武汉港边商贸游戏本
Apple苹果 MacBook Air 13寸 2020 2022款M1 M2笔记本电脑官翻机,4618.0,3000-5000元,苹果,其他类型,山东,淄博,100.0,摩集电商企业店
MSI微星雷影17雷影15游戏本雷鸟笔记本电脑R97945HX 满血RTX4060,7349.0,7000-9000元,其他品牌,游戏本,北京,未知,8.0,MSl电竞游戏本商城
正品华为MateBook E Go 2023款性能版平板笔记本电脑二合一便携,4029.0,3000-5000元,华为,二合一笔记本,上海,未知,200.0,12年诚信老店
Dell戴尔全新M7740 7540 17寸笔记本电脑7530M7730 4k移动工作站,7200.0,7000-9000元,戴尔,其他类型,上海,未知,57.0,锦程项目管理中心
联想thinkbook X 2024新款 AI旗舰轻薄商务 Ultra9标压笔记本电脑,6958.0,5000-7000元,联想,轻薄本,上海,未知,12.0,ThinkPad国行平价店
稀缺新品火影T5K T6A 酷睿i7 RTX4060独显25K电竞屏便携式电竞笔记本 游戏笔记本电脑 官方旗舰店正品热卖,6799.0,5000-7000元,其他品牌,游戏本,江苏,苏州,90.0,火影旗舰店
ThinkPad P53 i7 P52 P15 P1隐士移动 图形工作站 游戏独显I7P73,2909.61,3000元以下,联想,游戏本,广东,广州,34.0,木森科技港二手笔记本电脑
热销爆款华硕灵耀14 英特尔酷睿i5 28K OLED高颜值超轻薄潮流轻薄商务办公AI笔记本电脑官方旗舰店,6499.0,5000-7000元,华硕,轻薄本,上海,未知,100.0,asus华硕官方旗舰店
Hasee神舟 战神 Z7Z8D6S8G8T8RTX4060神州游戏笔记本电脑,3599.0,3000-5000元,神舟,游戏本,北京,未知,100.0,神舟电脑战神店
CHUWI驰为 笔记本 MiniBook X 105寸 12代N100处理器笔记本电脑,2349.0,3000元以下,其他品牌,其他类型,广东,广州,100.0,广州清莉数码
清仓特价优品95新ROG玩家国度幻魔霸枪神官翻机笔记本电脑,9799.0,9000-10000元,玩家国度,其他类型,浙江,金华,100.0,ROG官翻商城
外星人高端游戏本吃鸡电竞1417英寸笔记本电脑独显办公设计i7新款,2180.0,3000元以下,外星人,游戏本,广东,广州,100.0,精英数码二手笔记本电脑
Asus华硕 天选5 Pro 天选4 学生电竞高端游戏笔记本电脑25K满血,5799.0,5000-7000元,华硕,游戏本,江西,南昌,8.0,星星电脑品牌优惠店
Lenovo联想 小新 Pro16Pro14 2024款全系列商务轻薄笔记本电脑,4029.0,3000-5000元,联想,轻薄本,山东,济南,64.0,赵好人的店
小米RedmiBook Pro 15 2024锐龙13代标压R77840HS红米笔记本电脑,4799.0,3000-5000元,小米,其他类型,浙江,杭州,700.0,米粉数码科技
2024款惠普精灵暗影9Pro光影精灵9新款暗影精灵10游戏笔记本,4000.0,3000-5000元,惠普,游戏本,安徽,亳州,50.0,芯力品牌电脑商城
荣耀MagicBook1415锐龙版学生设计办公游戏商务华为笔记本电脑,1799.0,3000元以下,华为,游戏本,江西,南昌,200.0,华商科技品牌电脑
HP惠普星Bookpro16酷睿24轻薄25K120HzEVO笔记本RTX4050标压电脑,4499.0,3000-5000元,惠普,轻薄本,上海,未知,100.0,惠普品牌直销店
2024爆款华硕a豆14 Pro级13代标压i5 高性能轻薄本笔记本电脑,3249.0,3000-5000元,华硕,轻薄本,江苏,南京,900.0,官企笔记本电脑商城
联想ThinkPad X280笔记本电脑12寸超薄X390商务办公X270超极本X13,2088.0,3000元以下,联想,其他类型,广东,广州,400.0,千度数码联想Thinkpad笔记本
ThinkBook 14联想国行U5R7轻薄Ai 14寸i5i7笔记本电脑28K高清,3658.0,3000-5000元,联想,轻薄本,山东,济南,12.0,恒兴电脑科技济南店
联想thinkbook 16 2024 AIPC定制升级U975笔记本电脑酷睿锐龙7,5085.0,5000-7000元,联想,其他类型,上海,未知,20.0,ThinkPad国行平价店
Asus华硕 无畏pro15 2024 无畏16学生笔记本 轻薄本高性能游戏本,3548.0,3000-5000元,华硕,轻薄本,北京,未知,400.0,薇薇娜数码商城
小米Xiaomi Book 12寸二合一平板笔记本触屏电脑Air,2650.0,3000元以下,小米,二合一笔记本,广东,广州,200.0,广州花城科技
新款折叠屏笔记本电脑双屏学生商务办公炒股盯盘游戏便携14寸32G,2899.0,3000元以下,其他品牌,游戏本,浙江,杭州,27.0,AICON数码专店
HP惠普光影精灵10 9Victus14代4070酷睿轻薄电竞游戏本笔记本电脑,4599.0,3000-5000元,惠普,轻薄本,上海,未知,29.0,惠普品牌直销店
HP惠普轻薄笔记本电脑13代酷睿i5 25K高清屏商务办公学生网课,4299.0,3000-5000元,惠普,轻薄本,上海,未知,9.0,天猫超市
苏宁自营华为HUAWEI MateBook 14 1213代 14英寸2K触控全面屏超级终端笔记本电脑轻薄本新品 3577,5199.0,5000-7000元,华为,轻薄本,江苏,南京,18.0,苏宁易购官方旗舰店
荣耀MagicBook Pro 16 X16 Plus AI轻薄3K高刷独显游戏笔记本电脑,3099.0,3000-5000元,荣耀,轻薄本,北京,未知,37.0,欣欣然数码科技
立减200小米RedmiBook 14寸13代i513500H办公轻薄笔记本电脑,4599.0,3000-5000元,小米,轻薄本,湖北,武汉,1000.0,米粉数码科技
华硕天选3 RTX3060电竞满血版独显正品笔记本电脑学生高配游戏本,4289.0,3000-5000元,华硕,游戏本,湖北,武汉,68.0,锦诚笔记本商行
21款联想拯救者R9000PR7000P电脑16英寸酷睿i7游戏笔记本正品,3570.0,3000-5000元,联想,游戏本,安徽,合肥,37.0,笔记本电脑数码工厂店
Lenovo联想小新笔记本电脑轻薄学生办公设计编程i7四核游戏本,1700.0,3000元以下,联想,轻薄本,广东,广州,8.0,Ienovo小新数码城
AppleMacBookPro Air苹果笔记本电脑超薄款办公视频剪辑制图游戏,888.0,3000元以下,苹果,游戏本,广东,广州,98.0,MacBooK Air Pro盛翊科技店
Panasonic松下商务坚固型CFSZ6 SV7笔记本电脑12寸蓝牙无线包邮,874.87,3000元以下,其他品牌,其他类型,广东,广州,45.0,火炬数码商城
机械革命蛟龙5极光Z3Pro游戏本深海幽灵Z2Air钛钽3060笔记本电脑,1373.22,3000元以下,机械革命,游戏本,广东,广州,65.0,广州烽火数码商城
2019Apple苹果 12 英寸 MacBook 512GB超轻薄i7笔记本电脑13Air,2311.36,3000元以下,苹果,轻薄本,广东,广州,200.0,MacFans倶楽部 苹果原装笔记本电脑
Panasonic松下 商务坚固型 CFSZ6 i5 i7笔记本电脑办公汽修轻薄,582.87,3000元以下,其他品牌,轻薄本,广西,贺州,300.0,勇缘本本
NEC VK23TG翻转触屏PC平板二合一超级本HZ550轻薄手提笔记本电脑,793.87,3000元以下,其他品牌,轻薄本,广东,广州,200.0,广电数码商城
Lenovo联想 Thinkbook 14 G2触屏笔记本电脑办公商务本金属本i7,2400.0,3000元以下,联想,其他类型,广东,广州,28.0,百星奇数码
HP惠普i7轻薄便携学生上网课女生办公商务本游戏独显笔记本电脑,558.0,3000元以下,惠普,轻薄本,广东,广州,25.0,奇峰电脑商城
酷睿i7双屏 设计师专用笔记本电脑cad绘图3d渲染建模ps视频剪辑游戏本适用于华硕灵耀x联想华为Pro鼠标,4212.87,3000-5000元,联想,游戏本,广东,深圳,55.0,家友数码通讯专营店
Xiaomi小米 笔记本 AIR133寸125寸轻薄便携学生工作游戏本电脑,1744.87,3000元以下,小米,轻薄本,广东,广州,100.0,小米笔记本电脑商行
Sony索尼VAIO I5 116寸windows轻薄便携商务办公游戏笔记本电脑,1589.0,3000元以下,其他品牌,轻薄本,广东,佛山,66.0,数码一号店
ThinkPadT470i77500U联想笔记本电脑T440P商务T490T480T430T460,988.0,3000元以下,联想,其他类型,广东,广州,200.0,Win Win数码二手笔记本电脑
HP惠普 暗影精灵光影精灵34567学生办公暗夜游戏笔记本电脑,1999.0,3000元以下,惠普,游戏本,上海,未知,200.0,品牌电竞本店
联想ThinkPad E14 AI 2024 i5 13500H BRCD 0ACD酷睿笔记本电脑I7,4028.0,3000-5000元,联想,其他类型,上海,未知,42.0,ThinkPad官方悦立店
DeeQ HL140C 14寸玫瑰金笔记本电脑J4105轻薄便携式手提商务办公,860.0,3000元以下,其他品牌,轻薄本,上海,未知,9.0,鸿泰电子科技
Lenovo联想小新Pro16学生 小新Pro14设计剪辑办公2023笔记本电脑,3018.0,3000-5000元,联想,其他类型,福建,厦门,1000.0,3C数码正品科技
Huawei华为 笔记本电脑 Matebook D1616S 最新款全面屏轻薄商务,3769.0,3000-5000元,华为,轻薄本,上海,未知,28.0,HUAWEI商城
Samsung三星 笔记本电脑BOOK GO 5G插卡版学生商务轻薄办公14寸,1550.0,3000元以下,其他品牌,轻薄本,广东,深圳,79.0,盈信数码科技
联想ThinkPad Thinkbook14 16 2024款AIPC电脑Ultra7联想笔记本,4799.0,3000-5000元,联想,其他类型,北京,未知,46.0,Thinkpad品牌平价店
联想ThinkPad E16 2024款 AI PC AYCD 02CD I5笔记本电脑I7 03CD,4490.0,3000-5000元,联想,其他类型,上海,未知,33.0,ThinkPad官方悦立店
华硕无双无畏1415pro无畏16笔记本电脑无畏pro14独显3050游戏本,2281.87,3000元以下,华硕,游戏本,湖北,武汉,100.0,鑫宇科技数码品牌店
联想小新Pro16 笔记本酷睿i5设计独显学生办公锐龙版旗舰轻薄电脑,3118.0,3000-5000元,联想,轻薄本,福建,厦门,32.0,3C数码正品科技
火影T6AT5A13代17RTX40604050满血独显直连电竞游戏笔记本电脑,3879.0,3000-5000元,其他品牌,游戏本,上海,未知,12.0,博创科技数码品牌店
HP惠普 暗影精灵暗影9Pro光影精灵8pro锐龙电竞游戏本笔记本电脑,3800.0,3000-5000元,惠普,游戏本,安徽,合肥,75.0,华中无双数码
2024年新款156英寸笔记本电脑官方正品英特尔轻薄办公手提商务便携学生超薄4K全新游戏本女生绘图设计,698.0,3000元以下,其他品牌,轻薄本,浙江,杭州,5.0,天天特卖工厂店
机械革命极光Pro旷世G16蛟龙16K独显4060满血游戏笔记本电脑,4593.87,3000-5000元,机械革命,游戏本,江苏,南京,33.0,扬帆电脑科技
ASUS华硕金属高档小型13英寸很轻i5i7数字键盘发光办公用商务小屏长续航全能超轻薄便携笔记本电脑超极本推荐,4536.0,3000-5000元,华硕,轻薄本,四川,成都,87.0,华开云享电脑专营店
MECHREVO机械革命蛟龙16PRO RTX4070电竞游戏本笔记本电脑25k屏,6849.0,5000-7000元,机械革命,游戏本,上海,未知,200.0,德翔数码
MECHREVO机械革命蛟龙15K翼龙15pro16K锐龙R7高性能游戏本电脑,4188.0,3000-5000元,机械革命,游戏本,河南,郑州,200.0,百补游戏本直销店
华硕无畏15i 无畏Pro1516独显高性能轻薄游戏办公手提笔记本电脑,3049.0,3000-5000元,华硕,轻薄本,江苏,南京,75.0,电脑正品商城
笔记本电脑联想ThinkPad T460 T470 T480 T480S T490S 轻薄本14寸,980.0,3000元以下,联想,轻薄本,广东,广州,70.0,广州粤新二手数码企业店
ThinkPad 联想 E490超薄E14E15办公E590E580笔记本E570电脑E480,2400.0,3000元以下,联想,其他类型,安徽,合肥,200.0,华南科技直销店
Asus华硕 笔记本电脑轻薄便捷办公编程手提电脑学生i7大型游戏本,798.0,3000元以下,华硕,轻薄本,广东,广州,15.0,竞宇数码科技
联想ThinkPad X13 2024 2GCD AI PC I5 1340P笔记本电脑R7 7840U,4598.0,3000-5000元,联想,其他类型,上海,未知,28.0,ThinkPad官方悦立店
英特尔酷睿新款超薄笔记本电脑165英寸高清大屏幕多功能商务娱乐游戏工作电脑学生学习笔记本轻薄系统便携,1106.0,3000元以下,其他品牌,轻薄本,浙江,杭州,25.0,天天特卖工厂店
联想拯救者R7000P R7 6800H酷睿Y9000P游戏本2022款笔记本电脑,3598.0,3000-5000元,联想,游戏本,湖南,长沙,98.0,EINHORN的本本
戴影酷睿i71165G7四核轻薄办公笔记本电脑游戏设计手提电脑,2788.0,3000元以下,其他品牌,轻薄本,广东,深圳,100.0,戴影笔记本店
官翻机ROG玩家国度魔霸新锐2023魔霸7Plus 6Plus游戏笔记本电脑,5693.87,5000-7000元,玩家国度,游戏本,北京,未知,63.0,ROG玩家国度数码商城
HP惠普星14青春版12代英特尔酷睿i5笔记本轻薄疾速电脑学生办公,4799.0,3000-5000元,惠普,轻薄本,上海,未知,100.0,天猫超市
华为matebook 14 酷睿Ultra触控手写笔28K屏新品24款笔记本电脑,4935.0,3000-5000元,华为,其他类型,上海,未知,88.0,锦程正品数码店
ThinkPad P50 i7联想W540 W541 P51i7游戏图形显笔记本电脑工作站,1350.0,3000元以下,联想,游戏本,广东,广州,200.0,原装高端笔记本电脑批发分销中心
xiaomi小米笔记本电脑商务办公大学生i7吃鸡游戏本剪辑设计便携,898.0,3000元以下,小米,游戏本,浙江,杭州,600.0,芷卉数码科技
ThinkPad T15联想笔记本电脑156寸i7商务办公轻薄本E580独显T590,1788.0,3000元以下,联想,轻薄本,广东,广州,45.0,灵龙数码二手笔记本电脑
联想thinkpad笔记本电脑x220t旋转x230t手写笔触摸屏平板剪辑办公,840.0,3000元以下,联想,其他类型,广东,广州,44.0,金玉笔记本电脑
honor荣耀 MagicBook 14 NblLWFP9HN商务学生轻薄笔记本电脑i5,1699.0,3000元以下,荣耀,轻薄本,上海,未知,22.0,上海臣胜数码科技
Asus华硕 游戏笔记本 飞行堡垒8代9代FX506电脑i7天选 2学生3060,2180.0,3000元以下,华硕,游戏本,广东,深圳,100.0,品牌笔记本直销店
ThinkPad E 商务本X390X13 yoga380T490S联想笔记本电脑二合一T14,940.0,3000元以下,联想,二合一笔记本,广东,广州,200.0,铭兴数码二手笔记本电脑
Microsoft微软 surface pro 4pro7笔记本电脑办公二合一win1,914.87,3000元以下,微软,二合一笔记本,广东,佛山,900.0,正品微软1号
ReaimX新款笔记本电脑英特尔N95轻薄便携高清大学生超薄商务办公工作设计绘图高端电竞游戏官方正品独显,1312.22,3000元以下,其他品牌,轻薄本,浙江,杭州,100.0,国货甄选旗舰店
富士通Fujitsu H760 移动图形工作站 2G独显 15寸屏 笔记本电脑,1124.87,3000元以下,其他品牌,其他类型,广东,广州,81.0,黄陈数码
2024款机械革命蛟龙16k 蛟龙16pro独显40604070游戏本笔记本电脑,5498.1,5000-7000元,机械革命,游戏本,湖北,武汉,1000.0,武汉港边商贸游戏本
Huawei华为 MateBook X Pro 2023款超薄触屏笔记本电脑官网正品,2193.87,3000元以下,华为,其他类型,四川,成都,200.0,诚欣数码商城
Lenovo联想 拯救者Y7000 i5电竞学生游戏本 R7000吃鸡笔记本电脑,2343.87,3000元以下,联想,游戏本,湖南,长沙,58.0,华星数码电子科技
Lenovo联想 拯救者R9000PY9000P 2023款 学生电竞i7笔记本电脑,4270.0,3000-5000元,联想,其他类型,江西,南昌,500.0,品牌电脑商行top店
联想笔记本电脑IBM正品ThinkPad X250超薄便携12寸i5商务办公提i7,558.0,3000元以下,联想,其他类型,广东,广州,22.0,汇通数码科技商行
CHUWI驰为 笔记本 MiniBook X 105寸N100迷你笔记本电脑二合一,2329.0,3000元以下,其他品牌,二合一笔记本,广东,广州,18.0,ALLDOCUBE CHUWI直销店
Hasee神舟 战神TX9 i5游戏本RTX3070电竞笔记本电脑i7八核高刷屏,3190.0,3000-5000元,神舟,游戏本,广东,广州,100.0,新锐数码商城
Asus华硕笔记本电脑i7游戏本轻薄便携大学生商务办公设计i5高配,599.0,3000元以下,华硕,轻薄本,广东,广州,2000.0,盼芙商城
ThinkPad联想X260笔记本电脑12寸X250办公X240超薄I7商务x270280,699.0,3000元以下,联想,其他类型,广东,广州,100.0,信诚数码二手笔记本电脑
ThinkPad E14系列 i5联想E15 E490 E480 L15办公商务笔记本电脑,1600.0,3000元以下,联想,其他类型,上海,未知,100.0,青青笔记本电脑
小米RedmiBookPro1415锐龙12代轻薄办公学生2022红米笔记本电脑,2389.0,3000元以下,小米,轻薄本,北京,未知,100.0,海威数码科技品牌店
笔记本电脑X250联想Thinkpad超轻薄商务本12寸i7ibm学生办公手提,672.87,3000元以下,联想,轻薄本,广东,广州,17.0,腾云数码二手笔记本电脑
Lenovo联想笔记本电脑办公学生设计家用轻薄手提电脑i7大型游戏本,894.87,3000元以下,联想,轻薄本,广东,广州,100.0,铠龙数码
Lenovo联想拯救者Y9000P16寸3060大屏狂飙满血性能游戏笔记本电脑,3735.0,3000-5000元,联想,游戏本,湖北,武汉,26.0,锦诚笔记本商行
Huawei华为笔记本电脑i7游戏本商务办公轻薄本超薄大学生手提便携,496.0,3000元以下,华为,轻薄本,广东,广州,2.0,平和数码科技
Microsoft微软 Surface Laptop 3 i5 8G 256G 123 go笔记本电脑,1794.87,3000元以下,微软,其他类型,广东,深圳,68.0,surface千鸟数码
联想ThinkPad E16 AI PC 2024 Ultra5酷睿I5 13500H笔记本电脑I7,3898.0,3000-5000元,联想,其他类型,上海,未知,68.0,ThinkPad品牌店
全新库存机DELL戴尔i7笔记本电脑 7740 7730 7540 7720图形工作站,4250.0,3000-5000元,戴尔,其他类型,上海,未知,68.0,锦程项目管理中心
Asus华硕笔记本电脑轻薄便携学生办公用商务笔记本电脑女生超薄,1492.54,3000元以下,华硕,轻薄本,广东,广州,100.0,实干电脑
Microsoft微软 微软 surface Surface Go 23办公平板笔记本电脑,779.87,3000元以下,微软,其他类型,北京,未知,300.0,京中关
ThinkPad 联想 2023 24款X1 Carbon Nano T14P16VE14笔记本电脑,4999.0,3000-5000元,联想,其他类型,北京,未知,100.0,顺风电脑专赢店
Dell戴尔 i7 i7rugged 全坚固5420 5424三防7424汽修笔记本电脑,2569.0,3000元以下,戴尔,其他类型,广东,广州,100.0,麦可本本
DELL戴尔笔记本电脑i7大学生吃鸡游戏轻薄办公商务专业制图手提本,478.0,3000元以下,戴尔,轻薄本,广东,广州,20.0,齐锋电脑商城
Hasee神舟 战神系列 Z8游戏本 TX8酷睿i5i7 RTX40604050 独显,4999.0,3000-5000元,神舟,游戏本,浙江,杭州,22.0,神船大副
Apple苹果 Macbook 12 英寸笔记本电脑轻薄便携女生彩色办公设计,1814.87,3000元以下,苹果,轻薄本,北京,未知,29.0,信诚数码苹果电脑老店
Apple苹果笔记本电脑i7电竞吃鸡游戏商务办公大学生轻薄便携手提,780.0,3000元以下,苹果,轻薄本,广东,广州,35.0,奋明电脑商城
二手HP惠普 HP 173寸游戏本酷睿四程线独立显卡轻薄笔记本电脑,582.87,3000元以下,惠普,轻薄本,广东,广州,86.0,卓圣数码科技二手笔记本电脑
Hasee神舟 战神 Z8游戏本TX9电竞本Z7独显卡3060笔记本电脑3070,1102.0,3000元以下,神舟,游戏本,广东,广州,300.0,百创数码科技
DeeQ A7 A7 7寸金属触屏四核笔记本电脑商务办公学生轻薄便携本,1190.0,3000元以下,其他品牌,轻薄本,上海,未知,42.0,鸿泰电子科技
Huawei华为 MateBook D 14 轻薄便捷2K商务办公学习笔记本电脑,1699.0,3000元以下,华为,轻薄本,湖北,武汉,38.0,华艺数码商行
ThinkPad X1 Yoga 390超薄商务本联想380笔记本电脑13寸轻薄本i7,1350.0,3000元以下,联想,轻薄本,广东,广州,200.0,百星奇数码
惠普EliteBook 830 G8 G9 G10 840 850 860 G8 G9 G10 笔记本电脑,2868.0,3000元以下,惠普,其他类型,上海,未知,100.0,好好学习天天向上之成长
ASUS华硕高端商务办公i7触控折叠4K屏OLED屏EVO认证手写触摸屏360翻转旋转133英寸小屏幕超轻超薄笔记本变形,4893.9,3000-5000元,华硕,其他类型,四川,成都,200.0,华开云享电脑专营店
Xiaomi小米RedmiBook1416Pro轻薄Ultra57办公学生游戏笔记本电脑,2689.0,3000元以下,小米,轻薄本,江西,南昌,83.0,阳光数码科技品牌店
Dell戴尔 笔记本电脑 G3 超薄大型游戏本学生办公i7家用手提电脑,1152.87,3000元以下,戴尔,游戏本,广东,广州,100.0,汇盈数码
Huawei华为轻薄便携商务办公学生i7游戏本设计网课手提笔记本电脑,998.0,3000元以下,华为,轻薄本,广东,广州,10.0,戴尔电脑直销店
Lenovo联想 拯救者Y9000P2023 13代酷睿i9标压游戏本笔记本电脑,6399.0,5000-7000元,联想,游戏本,江西,南昌,21.0,南昌圣飞数码科技有限公司
Apple苹果136 寸MacBook Air M2苹果笔记本电脑 办公长续航便携,9999.0,9000-10000元,苹果,其他类型,上海,未知,100.0,天猫超市
Thinkpad X260 X270高分触摸IPS125寸便携商务办公联想笔记本电,628.0,3000元以下,联想,其他类型,北京,未知,30.0,中鼎数码二手笔记本电脑
Dell戴尔 i7 7490笔记本电脑7400触屏5400手提5491游戏7410促销,944.87,3000元以下,戴尔,游戏本,广东,广州,66.0,佳美润数码
松下笔记本电脑CFMX3MX4MX5便携轻薄12寸超级本触摸屏非联想华为,457.6,3000元以下,联想,轻薄本,广东,广州,51.0,星河 科技
8寸触摸屏7寸笔记本电脑迷你电脑口袋本手写掌上电脑商务办公炒股,1099.0,3000元以下,其他品牌,其他类型,广东,深圳,60.0,执与ZLOVE电脑官方店
机械师曙光1516Air AMD R78845HS 笔记本电脑,2000.0,3000元以下,机械革命,其他类型,广东,广州,28.0,机械师电脑店
HP惠普笔记本电脑大学生办公商务吃鸡电竞轻薄便携i7高配游戏本,699.0,3000元以下,惠普,轻薄本,浙江,杭州,7.0,芷卉数码科技
Honor荣耀 MagicBook V14轻薄本 25K 90Hz触控屏笔记本电脑,3899.0,3000-5000元,荣耀,轻薄本,上海,未知,78.0,红绿灯数码店
Apple苹果 MacBook Air超薄手提学生商务办公游戏13寸电脑笔记本,1070.87,3000元以下,苹果,游戏本,北京,未知,400.0,信诚数码苹果电脑老店
Xiaomi小米 笔记本 AIR12寸13寸Pro15寸商务学习游戏轻薄电脑,1302.0,3000元以下,小米,轻薄本,湖北,武汉,21.0,金诚优品笔记本电脑商行
松下笔记本电脑 SV8办公设计学习游戏商用汽修轻便迷你笔记本电脑,747.12,3000元以下,其他品牌,游戏本,广东,广州,34.0,伊能幸福
2021款苹果笔记本电脑macbook超薄air学生办公女生款pro办公手提,1593.87,3000元以下,苹果,其他类型,广东,深圳,200.0,伟盛电脑
ThinkPad X1 Carbon Yoga P14S T14S 2024６ 龙 X13 笔记本电脑,3080.0,3000-5000元,联想,其他类型,广东,深圳,200.0,深圳本本之家
Colorful七彩虹隐星P15同款P16将星4070独显16寸办公游戏笔记本,4999.0,3000-5000元,其他品牌,游戏本,湖北,武汉,7.0,武汉1916电脑铂金店
IBM 联想IThinkPad 笔记本电脑 X201 X201S 12寸 i5 i7上网本包邮,318.0,3000元以下,联想,其他类型,广东,广州,100.0,恒博科技2006
华硕灵耀14双屏2024 酷睿Ultra9 触摸AI超轻薄商务办公笔记本电脑,14398.0,10000-20000元,华硕,轻薄本,北京,未知,1.0,贝克汉虎 电竞商城
Lenovo联想 小新 310笔记本电脑14156英寸i7轻薄商务办公学生,868.0,3000元以下,联想,轻薄本,广东,广州,7.0,翼峰笔记本电脑批发
松下笔记本电脑酷睿i5轻薄便携超长待机商务办公学生学习全国包邮,474.05,3000元以下,其他品牌,轻薄本,广东,广州,45.0,馨蓉数码
HP惠普星14s青春版独显14寸i5办公家用轻薄本学生设计笔记本电脑,1532.87,3000元以下,惠普,轻薄本,湖北,武汉,200.0,飞跃正品数码商行
Lenovo联想小新Pro16锐龙版大屏办公设计酷睿游戏轻薄笔记本电脑,3598.0,3000-5000元,联想,轻薄本,湖北,武汉,20.0,笔记本电脑商店
Apple苹果笔记本电脑i7视网膜游戏办公设计air剪辑超薄学生手提本,592.0,3000元以下,苹果,游戏本,广东,广州,11.0,奋明电脑商城
联想ThinkBook14 新24款U7i5原装家用办公14寸22K屏笔记本电脑,3498.0,3000-5000元,联想,其他类型,山东,济南,20.0,恒兴电脑科技济南店
苹果笔记本电脑i7学生Macbook办公学生游戏Pro超薄i5轻薄便携Air,1050.0,3000元以下,苹果,轻薄本,江苏,苏州,700.0,上乘数码港
ThinkPad联想X13笔记本电脑X390轻薄X280商务办公12133寸手提本,1050.0,3000元以下,联想,轻薄本,广东,广州,100.0,信沃数码二手笔记本
Dell戴尔 灵越 INS14Pro 5420 5620轻薄22K金属全屏笔记本电脑,3100.0,3000-5000元,戴尔,轻薄本,安徽,合肥,3.0,瑜瑾信息
HP惠普 星系列 星14book2023轻薄商务游戏网课青春版笔记本电脑,1693.87,3000元以下,惠普,轻薄本,江西,南昌,200.0,国产之光笔记本产品经营店
Dell戴尔3511 3520 轻薄办公商务笔记本电脑15寸独显 i5 i7,2599.0,3000元以下,戴尔,轻薄本,广东,广州,69.0,文康数码笔记本
Huawei华为MateBook D14 NbDWFH9i5学习触屏办公新款笔记本电脑,1793.87,3000元以下,华为,其他类型,广东,广州,47.0,倾心科技品牌电脑
松下笔记本电脑 SX3 SX4 NX2 NX3高配轻薄便携学生商务办公游戏本,328.0,3000元以下,其他品牌,轻薄本,广东,广州,100.0,星河 科技
156英寸大屏轻薄款笔记本电脑 商务办公学习 大学生手提 畅玩LOL,499.0,3000元以下,其他品牌,轻薄本,广东,广州,9.0,小玟彦数码
ThinkPad X系列 X办公商务游戏本笔记本电脑X220X230X240X250T420,540.0,3000元以下,联想,游戏本,广东,广州,14.0,宏业电脑科技
Asus华硕天选4 156英寸 高性能游戏笔记本电脑 百亿补贴正品,6399.0,5000-7000元,华硕,游戏本,北京,未知,3000.0,笔记本官企业自销
机械革命极光Pro24极光15耀世15pro耀世16pro官方新品4060游戏本,4736.7,3000-5000元,机械革命,游戏本,山东,济南,53.0,梦匠电竞机械革命电脑店
Apple苹果 MacBook Pro13英寸笔记本电脑办公手提剪辑设计笔记本,965.87,3000元以下,苹果,其他类型,北京,未知,200.0,信诚数码苹果电脑老店
Razer雷蛇 笔记本电脑 灵刃15精英灵刃16灵刃18新品上市,22999.0,20000元以上,其他品牌,其他类型,四川,成都,7.0,刘航小兵全球购
全新库存 戴尔Latitude系列企业级高端商务笔记本电脑平板二合一,1800.0,3000元以下,戴尔,二合一笔记本,河南,洛阳,100.0,兆辉科技
Lenovo联想小新Pro14pro16轻薄设计学生便携办公游戏笔记本电脑,2848.0,3000元以下,联想,轻薄本,上海,未知,16.0,鑫鑫正品数码商行
笔记本电脑富士通15寸i5轻薄便携学生手提 游戏本 畅玩LOL CF DNF,393.87,3000元以下,其他品牌,轻薄本,广东,广州,37.0,卓美数码二手笔记本
ThinkPad联想T470s商务轻薄办公笔记本电脑14游戏i7,998.0,3000元以下,联想,轻薄本,广东,广州,36.0,广艺数码
ThinkPad T490s笔记本电脑超极本ibm14寸i7四核轻薄超薄便携手提,1388.0,3000元以下,联想,轻薄本,浙江,杭州,8.0,笔记本电脑专店
Thinkpad W530四核I7独显图形工作站520游戏本笔记本电脑T430联想,608.0,3000元以下,联想,游戏本,广东,广州,25.0,高品格得店
Xiaomi小米 小米Pro笔记本RedmiBookPro1415轻薄学生商务游戏本,1893.87,3000元以下,小米,轻薄本,湖北,武汉,54.0,笔记本数码商行
21款联想拯救者R7000PY7000P电脑英寸酷睿i7游戏笔记本,3700.0,3000-5000元,联想,游戏本,安徽,合肥,59.0,华中无双数码
ThinkPad X13 Gen3酷睿I71260P轻薄便携商务X390联想笔记本电脑,1450.0,3000元以下,联想,轻薄本,湖南,长沙,94.0,EINHORN的本本
Lenovo联想笔记本电脑酷睿学生i5i7高配轻薄办公家用游戏本手提,992.87,3000元以下,联想,轻薄本,广东,广州,62.0,晨晨笔记本电脑
Asus华硕天选5pro英特尔14代i9学生办公设计4060游戏笔记本电脑,5999.0,5000-7000元,华硕,游戏本,广东,广州,37.0,华硕正品商城
联想ThinkPad笔记本电脑 L440 L450 L460 L470学生办公上网游戏本,550.0,3000元以下,联想,游戏本,北京,未知,9.0,恒丰电器店二手笔记本电脑
Thinkpad T430商务I7独显四核游戏本手提S笔记本电脑530 14寸540P,579.0,3000元以下,联想,游戏本,广东,广州,16.0,高品格得店
ROG幻X 2024 4060 幻13 华硕二合一平板游戏本4090显卡笔记本电脑,4949.0,3000-5000元,华硕,游戏本,北京,未知,200.0,华硕天选自营店
Microsoft微软 Surface Laptop 5 135英寸12代酷睿i5 触控屏微软新款笔记本电脑,7982.87,7000-9000元,微软,其他类型,江苏,苏州,7.0,微软中国官方旗舰店
HP惠普 星15Plus 13代酷睿i5i7轻薄便携学生学习网课女生商务办公游戏156英寸笔记本电脑旗舰官方官网正品,2984.0,3000元以下,惠普,轻薄本,山东,青岛,600.0,惠普酷灏专卖店
HP惠普笔记本电脑高配办公商务i7吃鸡电竞游戏本轻薄便携大学生,699.0,3000元以下,惠普,轻薄本,广东,广州,35.0,奋明电脑商城
Lenovo联想 拯救者 拯救者 Y7000P 2021款 学生游戏笔记本电脑,3650.0,3000-5000元,联想,游戏本,江西,南昌,24.0,笔记本优品电脑商行
Xiaomi小米 RedmiBook Pro1415轻薄学习锐龙游戏红米笔记本电脑,2750.0,3000元以下,小米,轻薄本,广东,深圳,16.0,叮咚数码2018
Dell戴尔 Latitude 7270 E7270 7280笔记本电脑125寸双核高分,650.0,3000元以下,戴尔,其他类型,广东,广州,5.0,金本电脑
Huawei华为笔记本电脑i7轻薄学生电竞游戏本超薄商务办公便携手提,568.0,3000元以下,华为,轻薄本,广东,广州,24.0,戴尔电脑直销店
Hasee 神舟战神T8D93T8 Plus E94T8Pro D64 RTX4070游戏笔记本,5881.0,5000-7000元,神舟,游戏本,北京,未知,77.0,神舟小吴店
ThinkPad X1 Carbon联想X1 yoga 2016笔记本电脑14寸轻薄商务办公,1050.0,3000元以下,联想,轻薄本,广东,广州,100.0,信沃数码二手笔记本
ASUS华硕i5酷睿i7制图绘图数字小键盘轻薄本156英寸PS剪辑商务财务办公设计学生编程专用CAD手提笔记本电脑,3598.8,3000-5000元,华硕,轻薄本,四川,成都,87.0,华开云享电脑专营店
松下笔记本电脑16G内存14寸CFLX5轻薄500G固态LX4超长待机i5汽修,544.87,3000元以下,其他品牌,轻薄本,广东,广州,11.0,二本万利 数码港
ROG幻16air 幻14air酷睿Ultra9星云屏4060轻薄商务设计笔记本电脑,9593.87,9000-10000元,玩家国度,轻薄本,北京,未知,18.0,ROG玩家国度数码商城
机械革命耀世旷世16Super 14代i9 游戏本4080液金水冷笔记本电脑,15199.0,10000-20000元,机械革命,游戏本,河南,郑州,5.0,机械革命华中店
2024新款联想 ThinkPad X1 Yoga 英特尔酷睿Ultra7 14英寸翻转触控屏笔记本电脑轻薄商务办公官方正品865,10299.0,10000-20000元,联想,轻薄本,福建,厦门,1.0,苏宁易购官方旗舰店
酷睿i7英特尔笔记本电脑轻薄便携超薄商务办公游戏设计剪辑全能本,1582.87,3000元以下,其他品牌,轻薄本,广东,深圳,1000.0,天宇网购商城
门店同售Apple 15 英寸 MacBook Air M3 芯片 配备 8 核中央处理器 10 核图形处理器笔记本电脑,9799.0,9000-10000元,苹果,其他类型,北京,未知,22.0,天猫校园教育官方旗舰店
ROG幻x二合一幻13华硕2024新款玩家国度4090轻薄设计笔记本电脑,4949.0,3000-5000元,华硕,轻薄本,上海,未知,60.0,上海电竞自营店
12期免息ROG枪神8Plus i914900HX 星云屏学生吃鸡电竞游戏本笔记本电脑RTX40604070独显玩家国度,13369.0,10000-20000元,玩家国度,游戏本,广东,广州,11.0,ROG玩家国度金硕专卖店
新品上市ROG枪神8 Plus 超竞版全新14代酷睿i9处理器 18英寸 星云屏 游戏笔记本电脑 114,19999.0,10000-20000元,玩家国度,游戏本,江苏,南京,4.0,苏宁易购官方旗舰店
ROG玩家国度 枪神7Plus超竞版2023 13代i9 4080电竞笔记本官翻机,10499.0,10000-20000元,玩家国度,其他类型,江苏,南京,37.0,戴尔官翻微星折扣店1
24期免息分期联想拯救者Y9000P 2023款13代酷睿i9标压游戏本笔记本电脑RTX4060显卡16英寸大屏电竞本电脑,11599.0,10000-20000元,联想,游戏本,天津,未知,100.0,联想通恒本厚专卖店
x260i56200六代联想Thinkpad笔记本电脑修车软件视频剪辑pscad,580.0,3000元以下,联想,其他类型,上海,未知,50.0,知金电脑
LG gram pro16英寸AI轻薄本evo Ultra7笔记本电脑2024新款RTX3050高性能超轻薄本高端游戏本设计师本女学生本,11793.12,10000-20000元,其他品牌,轻薄本,北京,未知,15.0,LG天恩志兴专卖店
ReaimX新款笔记本电脑英特尔N95轻薄便携大学生超薄商务办公工作设计绘图高端电竞游戏官方正品独显手提7,1297.8,3000元以下,其他品牌,轻薄本,浙江,杭州,34.0,国货甄选旗舰店
机械革命耀世16Super 酷睿14代i9 RTX4080满血独显游戏笔记本电脑,12382.87,10000-20000元,机械革命,游戏本,浙江,杭州,7.0,华东Gamecomputer铂金店
Apple苹果 MacBook Air 13英寸笔记本电脑M1芯片学生学习办公,6929.0,5000-7000元,苹果,其他类型,上海,未知,100.0,富源甄选优品
新品现货联想小新Pro14小新Pro16锐龙R7 8845H AI超能本 1416英寸轻薄本笔记本电脑 学生学习商务办公,5398.0,5000-7000元,联想,轻薄本,江苏,南京,37.0,联想严选专卖店
Razer雷蛇 笔记本电脑 灵刃15精英16 18RTX4060 70 80 90 14锐龙,12882.87,10000-20000元,其他品牌,其他类型,上海,未知,94.0,雷蛇电竞馆
AI PC新品联想ThinkPad ThinkBook1416英特尔Evo酷睿Ultra标压固态游戏轻薄学生笔记本电脑旗舰正品,5999.0,5000-7000元,联想,轻薄本,江苏,无锡,43.0,thinkpad中硕专卖店
ROG幻系列 幻14幻15全能轻薄本手提设计师办公学生游戏笔记本电脑玩家国度官方,7999.0,7000-9000元,玩家国度,轻薄本,浙江,宁波,41.0,ASUS华硕旗舰店
Apple苹果MacBook Air 13英寸笔记本电脑M2芯片,7999.0,7000-9000元,苹果,其他类型,上海,未知,100.0,极客优选正品店
12期免息联想Thinkpad X1 Carbon 2024 英特尔酷睿Ultra7 14英寸轻薄便携商务旗舰办公手提IBM笔记本电脑,7999.0,7000-9000元,联想,轻薄本,福建,厦门,25.0,thinkpad恒瀚专卖店
门店同售Apple MacBook Pro 16 英寸笔记本电脑 M3 Pro 芯片配备 12 核中央处理器和 18 核图形处理器,18899.0,10000-20000元,苹果,其他类型,北京,未知,31.0,天猫校园教育官方旗舰店
ThinkPad T 440P联想笔记本电脑T530L570商务T450L540T420ST430S,599.0,3000元以下,联想,其他类型,广东,广州,48.0,铭兴数码二手笔记本电脑
UIG官方旗舰店2024热销英特尔酷睿i7笔记本电脑双屏办公便携高配置触摸屏手提电脑商务办公学习大学生,2299.0,3000元以下,其他品牌,其他类型,广东,深圳,100.0,UIG旗舰店
华硕灵耀X双屏Pro 13代酷睿i9 RTX4060显卡28K 145英寸双触控屏高性能设计笔记本电脑,13999.0,10000-20000元,华硕,其他类型,浙江,宁波,76.0,ASUS华硕旗舰店
新店开业钜惠ROG幻14 Air AMD R98945HS14英寸星云屏高刷设计RTX4060学习轻薄高性能电竞游戏笔记本电脑,12969.0,10000-20000元,玩家国度,轻薄本,江苏,南京,6.0,ROG玩家国度爱速斯专卖店
Lenovo联想 Y430P ATIFI独显轻薄便携学生办公游戏笔记本电脑,560.0,3000元以下,联想,轻薄本,北京,未知,13.0,恒丰电器店二手笔记本电脑
新款Apple苹果笔记本电脑MacBookPro办公设计Air超薄i7学生游戏M1,1493.42,3000元以下,苹果,游戏本,广东,深圳,1000.0,15年老店品优数码商城 苹 果笔记本电脑
2024新款英特尔酷睿N95笔记本电脑轻薄本便携式电脑全面屏办公商务游戏笔记本电脑14英寸学生家用电脑,969.0,3000元以下,其他品牌,轻薄本,浙江,杭州,40.0,天天特卖工厂店
Alienware外星人X16 M16 M18高端游戏笔记本电脑国行优品官翻,12499.0,10000-20000元,外星人,游戏本,江苏,南京,5.0,戴尔官翻瑞铭扬折扣店
reaimx新款笔记本电脑英特尔n95轻薄便携大学生超薄商务办公工作设计绘图高端电竞游戏官方正品独显手提系统,1260.06,3000元以下,其他品牌,轻薄本,浙江,杭州,90.0,天天特卖工厂店
DELL戴尔笔记本电脑2023年新款大学生专业制图办公吃鸡游戏轻薄本,599.0,3000元以下,戴尔,轻薄本,广东,广州,43.0,奋明电脑商城
2024新品首发联想ThinkPad T14p超轻薄酷睿表压Ultra商务办公高性能独显设计娱乐笔记本电脑旗舰正品,6699.0,5000-7000元,联想,轻薄本,江苏,无锡,11.0,thinkpad中硕专卖店
小米RedmiBookpro145锐龙版2023学生游戏办公轻薄红米笔记本电脑,2689.0,3000元以下,小米,轻薄本,北京,未知,200.0,阳光数码科技品牌店
ThinkPad X1 Yoga 2019 平板手提YOGA390商务笔记本电脑2018联想,1720.0,3000元以下,联想,其他类型,广东,广州,400.0,木森科技港二手笔记本电脑
Lenovo联想小新 Pro16锐龙版小新16酷睿轻薄学生办公笔记本电脑,3078.0,3000-5000元,联想,轻薄本,上海,未知,100.0,鑫鑫正品数码商行
HP惠普 HP EliteBook840 G5 G6 G7 850 笔记本电脑 IPS I7 手触,1388.0,3000元以下,惠普,其他类型,广东,广州,19.0,永创科技cqy
二手笔记本电脑 ThinkPad p15 图形工作站 办公156寸游戏高配P17,1996.82,3000元以下,联想,游戏本,广东,广州,200.0,猛猪祥云二手笔记本电脑
HP惠普暗影精灵9678pro 光影学生办公设计电竞游戏本笔记本电脑,2150.0,3000元以下,惠普,游戏本,北京,未知,100.0,赤心优品数码商城
联想拯救者y7000 r9000p r7000游戏本电竞本二手笔记本电脑2021新,1670.62,3000元以下,联想,游戏本,广东,广州,500.0,猛猪祥云二手笔记本电脑
ThinkPad  X380 X390 yoga联想笔记本电脑X13平板翻转手触屏370,1208.0,3000元以下,联想,其他类型,广东,广州,100.0,广艺数码
官方正品全新新款笔记本电脑156英寸英特尔n95轻薄学生商务办公设计绘图高端电竞游戏官方正品手提炒股,1316.0,3000元以下,其他品牌,轻薄本,浙江,杭州,200.0,天天特卖工厂店
二手笔记本电脑17寸Dell戴尔Precision7730独显3D图形工作站7720,1949.8,3000元以下,戴尔,其他类型,广东,广州,300.0,广州珍品电脑商城
Dell戴尔 i7 i7酷睿四核强劲游戏本156寸高清E5520办公数字键盘,393.87,3000元以下,戴尔,游戏本,广东,广州,12.0,卓圣数码科技二手笔记本电脑
Lenovo联想小新14酷睿版小新16锐龙大屏学生办公设计笔记本电脑,2498.0,3000元以下,联想,其他类型,上海,未知,100.0,鑫鑫正品数码商行
Lenovo联想拯救者Y9000KY7000P游戏本笔记本Y9000P电脑锐龙2022,1998.0,3000元以下,联想,游戏本,湖南,长沙,52.0,phobe科技直销店
Huawei华为笔记本电脑i7商务办公轻薄本学生吃鸡游戏超薄本2023款,898.0,3000元以下,华为,轻薄本,广东,广州,9.0,黄天数码科技
联想ThinkPad笔记本电脑X220 X230 X240 X250 X260 X270 X280办公,350.0,3000元以下,联想,其他类型,北京,未知,20.0,聚丰汇电器店二手笔记本电脑
价保618Lenovo联想 拯救者 Y7000P 游戏显卡RTX4070 24款Y9000P,7099.0,7000-9000元,联想,游戏本,浙江,杭州,100.0,珊姐评测
二手笔记本电脑九成新 联想ThinkPadT14 轻薄办公14寸锐龙商务,2016.62,3000元以下,联想,轻薄本,广东,广州,100.0,猛猪祥云二手笔记本电脑
156全新超薄笔记本电脑商务办公游戏本轻薄便携本学生手提电脑,539.0,3000元以下,其他品牌,轻薄本,广东,深圳,21.0,长宏数码商店数码企业店
笔记本电脑 IBM 联想IThinkPad  X220  X230  X240  12寸 办公本,388.0,3000元以下,联想,其他类型,广东,广州,76.0,恒博科技2006
Dell戴尔E7390 E7389 E5289笔记本电脑平板PC二合一触摸商务本,1050.0,3000元以下,戴尔,二合一笔记本,广东,广州,57.0,信沃数码二手笔记本
24期免息联想小新14小新15小新16笔记本电脑轻薄本13代酷睿标压i5 学生直播学习游戏办公官方旗舰405,4299.0,3000-5000元,联想,轻薄本,江苏,南京,44.0,苏宁易购官方旗舰店
笔记本电脑办公学习直播网课游戏上网轻薄便携手提电脑,299.0,3000元以下,其他品牌,轻薄本,山东,临沂,20.0,韶华科技2手笔记本
8G运行内存 500G硬盘 笔记本电脑 上网 游戏 看电视 办公学生本,299.0,3000元以下,其他品牌,游戏本,山东,临沂,100.0,韶华科技2手笔记本
二手14寸联想笔记本电脑T450S ThinkPad i7四核独显 游戏学生轻簿,584.8,3000元以下,联想,游戏本,广东,广州,12.0,广州珍品电脑商城
ThinkPad X60 X61联想笔记本电脑 顶配T9550轻薄XP办公炒股学习,320.0,3000元以下,联想,轻薄本,广东,广州,54.0,德安科技数码
HP惠普 EliteBook 840 G4850G5830X360 1040G6笔记本电脑二手,1700.0,3000元以下,惠普,其他类型,广东,广州,300.0,乐心企业 二手笔记本
2024新品新战纪V1611代酷睿i7英特尔156英寸25K高清165Hz高刷屏轻薄便携学生网课办公用游戏笔记本电脑,2278.1,3000元以下,其他品牌,轻薄本,浙江,杭州,8.0,天天特卖工厂店
ASUS华硕笔记本电脑正品华硕 i5 i7轻薄 16G 1TB独显上课办公游戏,678.0,3000元以下,华硕,轻薄本,广东,广州,9.0,翼峰笔记本电脑批发
156寸笔记本电脑 办公制图 学生学习 看电影听歌 娱乐畅玩游戏本,293.87,3000元以下,其他品牌,游戏本,山东,临沂,100.0,四季达康科技
新品首发联想ThinkPad X1 Carbon 2024新款英特尔酷睿Ultra7 14英寸轻薄商务办公笔记本电脑苏宁易购865,11399.0,10000-20000元,联想,轻薄本,福建,厦门,7.0,苏宁易购官方旗舰店
2024酷睿i9独显6G笔记本电脑13代英特尔i7高配置电竞游戏本大学生商务办公超薄手提2024新品官方旗舰正品,1555.02,3000元以下,其他品牌,游戏本,广东,深圳,2000.0,HUAV裕腾专卖店
2024新品英特尔酷睿i9笔记本电脑轻薄便携办公商务超薄大学生网课游戏本高配手提电脑女生款官方正品独显,932.12,3000元以下,其他品牌,轻薄本,广东,深圳,1000.0,摆渡者风控专卖店
Lenovo联想 Y9000X 英特尔酷睿 2024款AI元启轻薄游戏笔记本电脑,9099.0,9000-10000元,联想,轻薄本,广东,广州,20.0,联想拯救者实体店
2024新品139寸3k英特尔触摸屏笔记本电脑平板pc二合一金属版工作站商务办公轻薄便携学生网课学习触屏系统,1297.7,3000元以下,其他品牌,轻薄本,浙江,杭州,12.0,国货甄选旗舰店
24期免息机械师曙光16Pro RTX4060满血 i713650HX学生笔记本电脑16英寸25K 240HZ2804,7099.0,7000-9000元,机械革命,其他类型,福建,厦门,20.0,苏宁易购官方旗舰店
Dell戴尔 笔记本电脑 G3超薄大型游戏本学生办公i7四核手提电脑,944.87,3000元以下,戴尔,游戏本,广东,广州,100.0,速购数码科技企业店
联想Thinkpad笔记本电脑T420 T430 T440 T440S T440P办公游戏本,450.0,3000元以下,联想,游戏本,北京,未知,3.0,宁丰电器店二手笔记本电脑
2024新款联想ThinkBook16P 14代英特尔酷睿i7i9 16英寸RTX4060独显8G设计游戏本笔记本电脑轻薄官方旗舰,9999.0,9000-10000元,联想,轻薄本,福建,厦门,9.0,thinkpad新启联专卖店
ThinkPad T430酷睿i7标压14寸商务办公工程师系列联想笔记本电脑,583.0,3000元以下,联想,其他类型,北京,未知,7.0,中鼎数码二手笔记本电脑
联想ThinkPad T14 T490S笔记本电脑i7酷睿L14 T490 T480S商务本i5,1441.67,3000元以下,联想,其他类型,广东,广州,13.0,梓达通数码
机械革命2024耀世16super14代i9独显40804090水冷游戏笔记本电脑,20698.1,20000元以上,机械革命,游戏本,湖北,武汉,35.0,武汉港边商贸游戏本
当天发货华为matebook1414s 2023年新品13代酷睿i5i7笔记本电脑触摸屏手提电脑轻薄本官方旗舰店官网,3799.0,3000-5000元,华为,轻薄本,北京,未知,94.0,华为盛世通乾专卖店
联想ThinkPad T460 i56200u笔记本电脑办公视频剪辑编程网课ps,798.0,3000元以下,联想,其他类型,上海,未知,100.0,知金电脑
新品Lenovo联想 小新 Air 14 Air15学生轻薄办公全能24款笔记本,1998.0,3000元以下,联想,轻薄本,上海,未知,51.0,正品游戏本特卖店
ThinkBook 16P 2024 14代i9 RTX4060 游戏设计画图笔记本电脑联想,9688.0,9000-10000元,联想,游戏本,上海,未知,8.0,上海thinkpad直销实体店
Asus华硕a豆14 2024轻薄本酷睿i51335U商务办公学生笔记本电脑,4099.0,3000-5000元,华硕,轻薄本,北京,未知,13.0,笔记本官企业自销
二手笔记本电脑HP惠普 840 G3 W8G54PP i7 轻薄便携独显手提14寸,697.0,3000元以下,惠普,轻薄本,广东,广州,48.0,广州珍品电脑商城
Lenovo联想 小新 Pro14商务设计手提轻薄本办公笔记本电脑大学生,3032.87,3000-5000元,联想,轻薄本,广东,深圳,68.0,联想笔记本销售部
Apple苹果 Mac Book Pro  2023款  14英寸 M2 系列芯片 笔记本电脑官方正品官方女生学习绘图设计 3526,14599.0,10000-20000元,苹果,其他类型,北京,未知,1.0,苏宁易购官方旗舰店
24期免息微软Surface Laptop Studio 2 i7 144英寸笔记本电脑高端商务设计师触屏电脑高性能,17269.1,10000-20000元,微软,其他类型,上海,未知,3.0,微软乐映专卖店
14代新品首发微星MSI 绝影1416 Studio笔记本英特尔酷睿13代i913900HRTX4060轻薄游戏本电脑,10196.05,10000-20000元,其他品牌,轻薄本,上海,未知,31.0,微星懿达专卖店
顺丰现货速发Apple苹果 Mac Book Air 15英寸 M3芯片 笔记本电脑 专业设计剪辑视频 2024新款3526,11999.0,10000-20000元,苹果,其他类型,北京,未知,3.0,苏宁易购官方旗舰店
标压新品联想ThinkBook1416 13代标压i5i7R7 全能本商务办公1416英寸超轻薄学习游戏本笔记本电脑,4299.0,3000-5000元,联想,轻薄本,江苏,无锡,51.0,thinkpad中硕专卖店
华硕ASUS灵耀X双屏Pro 酷睿i7i5 14英寸双屏创意轻薄笔记本,8798.0,7000-9000元,华硕,轻薄本,湖北,武汉,3.0,华中华硕电脑商城
ALIENWARE外星人笔记本游戏本电脑m15 r7 x14 x15 x17r1 r2电竞本,16999.0,10000-20000元,外星人,游戏本,上海,未知,48.0,讯飞数码外设
ThinkPadL480X230x250t420笔记本电脑270L580商务办公联想460X280,490.0,3000元以下,联想,其他类型,广东,广州,800.0,铭兴数码二手笔记本电脑
Lenovo联想 拯救者 Y9000X冰魄白2024游戏电竞笔记本电脑16英寸,11999.0,10000-20000元,联想,游戏本,上海,未知,18.0,联想电脑正品自营店
华硕ASUS灵耀X双屏酷睿i7i5 14英寸双屏创意设计轻薄笔记本电脑十一代酷睿大屏官方正品,4993.87,3000-5000元,华硕,轻薄本,浙江,杭州,300.0,华硕星爱硕专卖店
Lenovo联想 小新 air14 新品手提轻薄本女士笔记本电脑学生粉色,2009.0,3000元以下,联想,轻薄本,广东,广州,51.0,电脑数码城
Microsoft微软Surface Laptop 5 i5 i7 16G 512G 笔记本电脑商务办公轻薄13515英寸Laptop5,5888.0,5000-7000元,微软,轻薄本,上海,未知,37.0,微软乐映专卖店
6期免息联想ThinkBook141516 标压酷睿Ultra57 2024新款游戏笔记本电脑轻薄便携学生ThinkPad官方旗舰,3699.0,3000-5000元,联想,轻薄本,福建,厦门,100.0,thinkpad恒瀚专卖店
联想拯救者Y9000P R9000P 2024 Y7000P 4060学生游戏笔记本电脑,6498.0,5000-7000元,联想,游戏本,北京,未知,81.0,薇薇娜数码商城
Dell戴尔G15 5530酷睿i5独显3050游戏本CAD制图剪辑游戏电竞学生设计ug编程156英寸大屏官方正品笔记本电脑,6199.0,5000-7000元,戴尔,游戏本,江苏,南京,12.0,戴尔新圆梦专卖店
热销推荐lenovo联想笔记本电脑扬天V14V15 英特尔Intel 8G 256G 轻薄商务办公学生本网课官方旗舰店,2199.0,3000元以下,联想,轻薄本,北京,未知,100.0,Lenovo联想商用旗舰店
华为笔记本电脑MateBook14 D16SE轻薄本办公学习ps电竞游戏超极本,1139.0,3000元以下,华为,轻薄本,广东,深圳,9.0,远航数码商城
酷睿i9i78G独立显卡RTX3070高端新品16英寸性能高刷游戏本金属笔记本电脑轻薄商务办公学生电竞直播本,3198.0,3000-5000元,其他品牌,轻薄本,广东,深圳,6.0,iru旗舰店
顺丰速发Apple苹果 MacBook Pro 14英寸 M3 Max 芯片 2023款 笔记本电脑设计绘图办公官方正品3526,25699.0,20000元以上,苹果,其他类型,北京,未知,4.0,苏宁易购官方旗舰店
Lenovo联想笔记本电脑轻薄办公制图设计i7四核学生游戏手提电脑,1262.87,3000元以下,联想,轻薄本,广东,广州,50.0,联硕笔记本特卖店
msi微星官方旗舰店正品绝影1416游戏笔记本电脑1416英寸240HZ25K屏40604070独显i9处理器,10299.9,10000-20000元,其他品牌,游戏本,浙江,杭州,4.0,微星旗舰店
电脑Apple苹果 MacBook Pro笔记本电脑M1芯片Air超薄商务,5999.0,5000-7000元,苹果,其他类型,天津,未知,22.0,东洋倒爷家 专注苹果全球代购
Xiaomi小米 RedmiBook 14 Pro学生游戏本新款办公红米笔记本电脑,1843.87,3000元以下,小米,游戏本,江西,南昌,700.0,笔记本数码商行
ROG幻16 第13代酷睿i9 RTX4070显卡25K屏240Hz 16英寸星云屏设计师轻薄电竞游戏笔记本电脑玩家国度,12469.0,10000-20000元,玩家国度,轻薄本,浙江,宁波,67.0,ROG玩家国度网硕专卖店
ThinkPad联想X1carbon超薄笔记本电脑X1yoga2020 2019商务办公本,1769.0,3000元以下,联想,其他类型,广东,广州,300.0,奕新优品二手笔记本电脑
ThinkPad 联想 L390L460L470L540L570L580笔记本电脑轻薄办公商务,829.0,3000元以下,联想,轻薄本,广东,广州,100.0,冠奕二手数码科技
二手笔记本电脑Dell戴尔M6800 独显7720 17寸7710图形工作站7520,1115.92,3000元以下,戴尔,其他类型,广东,广州,100.0,广州珍品电脑商城
Lenovo联想小新16 2024款锐龙AI高能本办公学生笔记本电脑轻薄本,4299.0,3000-5000元,联想,轻薄本,河南,许昌,5.0,品牌笔记本电脑自营店
宏碁acer非凡Go笔记本电脑14英寸轻薄本办公笔记本电脑,2699.0,3000元以下,宏碁,轻薄本,上海,未知,4.0,天猫超市
特价笔记本电脑办公学习直播网课小游戏上网轻薄便携手提商务本,299.0,3000元以下,其他品牌,轻薄本,山东,临沂,1.0,华光科技2手电脑
24期分期免息ASUS华硕VivoBook15 酷睿I5商务办公游戏本学生笔记本电脑苏宁易购官方旗舰店1634,2999.0,3000元以下,华硕,游戏本,江苏,南京,400.0,苏宁易购官方旗舰店
英特尔新款超薄笔记本电脑办公游戏娱乐工作设计绘画多功能电脑156英寸高清大屏学生轻薄本便携,1106.0,3000元以下,其他品牌,轻薄本,浙江,杭州,22.0,国货甄选旗舰店
14寸笔记本电脑游戏本商务办公手提电脑轻薄便携学生女15寸,544.87,3000元以下,其他品牌,轻薄本,广东,广州,16.0,长宏数码商店
联想小新Pro16Air14笔记本电脑新款YOGA14s便携商务轻薄办公学生,2599.0,3000元以下,联想,轻薄本,重庆,未知,100.0,墨蓝优品数码商城
Asus华硕天选天选432酷睿i9新4060独显学生电竞游戏笔记本电脑,3078.0,3000-5000元,华硕,游戏本,广东,深圳,2.0,品牌游戏本直销店
星14s青春版英特尔酷睿14寸i5办公家用轻薄本学生设计笔记本电脑,1553.87,3000元以下,其他品牌,轻薄本,北京,未知,10.0,赤心优品数码商城
Apple苹果133英寸MacBook Air笔记本电脑M1芯片 办公便携长续航,9999.0,9000-10000元,苹果,其他类型,上海,未知,300.0,天猫超市
Huawei华为i5固态独显i7 16G四核薄游戏本适合剪辑办公笔记本电脑,599.0,3000元以下,华为,游戏本,广东,佛山,15.0,奋明电脑商城
MFQBW 156全新正品英特尔粉色轻便超薄手提电脑轻薄便携女生商务办公学习游戏学生大学生笔记本电脑设计追剧,1093.77,3000元以下,其他品牌,轻薄本,广东,深圳,100.0,mfqbw旗舰店
联想小新14小新16 酷睿i5笔记本电脑大学生学习商务办公便携本,2193.87,3000元以下,联想,其他类型,广东,广州,81.0,壹铖购数码
Apple苹果 MacBook air 133英寸 M1芯片 笔记本电脑,9999.0,9000-10000元,苹果,其他类型,北京,未知,10.0,百亿品牌精选
至高减600联想拯救者Y9000PY 2023游戏本RTX4060独显16英寸25K大屏电竞笔记本电脑官方旗舰正品,10998.85,10000-20000元,联想,游戏本,湖北,武汉,1000.0,联想蓝之新专卖店
2023Apple苹果 MacBook Pro 142寸笔记本电脑M3定制16寸M3Pro,11208.0,10000-20000元,苹果,其他类型,江苏,南京,25.0,皇家机行
东田加固三防笔记本电脑酷睿13代IP53防护人脸识别航空航天,19108.0,10000-20000元,其他品牌,其他类型,浙江,杭州,0.0,东田工控
HP惠普 光影 暗影精灵6电竞I7学生游戏RTX3060游戏笔记本电脑,1242.08,3000元以下,惠普,游戏本,广东,广州,49.0,百创数码科技
2021款苹果笔记本电脑MacBook超薄air手提M1办公女生款Pro游戏i7,1493.87,3000元以下,苹果,游戏本,广东,深圳,500.0,伟盛电脑
联想ThinkPad T490s 酷睿i7超薄商务办公学习笔记本电脑设计剪辑,982.87,3000元以下,联想,其他类型,广东,惠州,21.0,果粉笔记本中心
Acer宏碁 i913900HXRTX4060掠夺者擎neo游戏本笔记本电脑,7799.0,7000-9000元,宏碁,游戏本,北京,未知,6.0,宏碁acer电脑商城
笔记本电脑thinkpad X1yoga联想thinkpad手触屏ips pc平板二合一,1658.0,3000元以下,联想,二合一笔记本,广东,广州,100.0,灵龙数码二手笔记本电脑
Apple苹果笔记本电脑MacBookPro i7办公设计Air超薄学生办公学习,994.87,3000元以下,苹果,其他类型,江苏,苏州,100.0,MBook俱乐部数码
HP惠普光影精灵9 13代i5独显RTX4050 156寸144Hz游戏笔记本电脑,5999.0,5000-7000元,惠普,游戏本,四川,成都,30.0,云锦百亿数码商城
NEC VK23TG翻转触屏PC平板二合一超极本 超薄便携商务笔记本电脑,902.87,3000元以下,其他品牌,二合一笔记本,河南,郑州,30.0,视佳数码科技
新品首发ALIENWARE外星人M18M16 X14X15X16 2024款游戏笔记本电脑,10599.0,10000-20000元,外星人,游戏本,江苏,南京,53.0,电竞游戏本自营店
2024年新款锐龙笔记本电脑官方正品电竞独显显卡全新高配置游戏本轻薄女生办公手提超薄商务便携学生绘图设计,1098.0,3000元以下,其他品牌,轻薄本,浙江,杭州,7.0,天天特卖工厂店
联想笔记本电脑thinkpad x200 x201 x220 x230 x240 x250x260办公,368.0,3000元以下,联想,其他类型,广东,广州,81.0,凤太后笔记本电脑
华为笔记本电脑HUAWEI MateBook14学生轻薄办公全面屏触屏i5新款,2292.87,3000元以下,华为,轻薄本,湖北,武汉,23.0,华商科技品牌电脑
Lenovo联想 小新 Pro14 小新Pro16 2024高性能超轻薄笔记本,5199.0,5000-7000元,联想,轻薄本,河南,郑州,67.0,电脑数码超值购企业店
Apple苹果 Macbook air 13英寸笔记本电脑 M1芯片8G256G,7199.0,7000-9000元,苹果,其他类型,上海,未知,100.0,飞跃优品
Lenovo联想 小新 Pro14超级IA智能U5i9轻薄14寸28K笔记本电脑,3898.0,3000-5000元,联想,轻薄本,山东,济南,18.0,恒兴电脑科技济南店
honor荣耀笔记本电脑 X1614 锐龙版 2024新款轻薄学生便携本,3199.0,3000-5000元,荣耀,轻薄本,广东,深圳,85.0,品牌数码百亿商城
原装正品 Huawei华为MateBook 16s i713700H轻薄笔记本电脑,9999.0,9000-10000元,华为,轻薄本,湖北,武汉,22.0,思睿志诚电脑特卖店
设计首选联想ThinkPad P1隐士 Gen6 16英寸专业设计渲染移动图形工作站笔记本电脑苏宁易购官方旗舰店865,15799.0,10000-20000元,联想,其他类型,福建,厦门,7.0,苏宁易购官方旗舰店
2024爆款HP惠普 暗影精灵109slim 暗影精灵9 14代酷睿i9可选RTX4060学生办公设计电竞游戏本笔记本电脑,8599.0,7000-9000元,惠普,游戏本,山东,青岛,3.0,惠普酷灏专卖店
Lenovo联想学生电竞游戏本办公家用学习笔记本电脑女轻薄智能i7i5,1390.0,3000元以下,联想,轻薄本,广东,广州,19.0,深圳恒达电脑科技贸易
ROG玩家国度 枪神8 plus超竞版 4060 4090独显直连电竞笔记本电脑,10793.87,10000-20000元,玩家国度,其他类型,广东,广州,28.0,电竞笔记本商城
12期免息联想ThinkPad P16v 2024款酷睿Ultra7 16英寸3D建模渲染设计师移动图形工作站独显笔记本电脑865,9999.0,9000-10000元,联想,其他类型,福建,厦门,24.0,苏宁易购官方旗舰店
联想ThinkPad T490S i7高配轻薄便携学生商务办公游戏笔记本电脑,982.87,3000元以下,联想,轻薄本,广东,深圳,3.0,果粉笔记本中心
2024款新品华为MateBook XPro酷睿Ultra142英寸超轻薄31K柔性OLED原色触控屏商务办公典藏版笔记本电脑,11199.0,10000-20000元,华为,轻薄本,福建,厦门,6.0,华为美好向往专卖店
联想拯救者Y9000P冰魄白 R9000P KX游戏笔记本电脑新官方旗舰2024,9599.0,9000-10000元,联想,游戏本,北京,未知,54.0,拯救者甄选商城
honor荣耀 MagicBook X 14 FRIF56 12代酷睿芯商务笔记本电脑,3299.0,3000-5000元,荣耀,其他类型,广东,广州,1000.0,品牌电脑数码店
华硕无畏Pro15 无畏Pro16 高性能独显游戏轻薄手提办公笔记本电脑,3049.0,3000-5000元,华硕,轻薄本,江苏,南京,100.0,官企笔记本电脑商城
全新16寸酷睿i7独显笔记本电脑高性能游戏轻薄本商务办公学生设计便携,3980.0,3000-5000元,其他品牌,轻薄本,浙江,杭州,1.0,天天特卖工厂店
新店钜惠ROG玩家国度枪神8 Plus 14代酷睿i914900HX 4070独显18英寸星云屏学生电竞吃鸡游戏笔记本电脑,14469.0,10000-20000元,玩家国度,游戏本,江苏,南京,2.0,ROG玩家国度爱速斯专卖店
ThinkPad X1 Yoga Gen9 2024 AIPC 翻转触控屏手写笔记本电脑联想,15888.0,10000-20000元,联想,其他类型,上海,未知,0.0,上海thinkpad直销实体店
24期分期免息联想拯救者R7000R9000PY7000P 锐龙酷睿处理器 RTX4060显卡 游戏电竞设计笔记本电脑,8286.0,7000-9000元,联想,游戏本,北京,未知,50.0,来酷智生活旗舰店
DELL戴尔Latitude5420 14英寸游戏本网课商务办公手提学生笔记本电脑官方旗舰店官网正品同款,3593.87,3000-5000元,戴尔,游戏本,江苏,南京,97.0,地升数码专营店
联想Thinkpad X1 T490s I7高配轻薄便携吃鸡游戏设计笔记本电脑,982.87,3000元以下,联想,轻薄本,广东,深圳,19.0,果粉笔记本中心
联想拯救者Y9000K2024 Y9000P至尊版游戏电竞笔记本电脑官方旗舰,10749.0,10000-20000元,联想,游戏本,北京,未知,42.0,联想拯救者游戏本商城
新品现货联想ThinkPad P16v 2024新款酷睿Ultra7 16英寸3D建模渲染设计师移动图形工作站独显笔记本电脑,9659.0,9000-10000元,联想,其他类型,福建,厦门,19.0,thinkpad恒瀚专卖店
自营RazerBlade雷蛇灵刃147代AMD水银锐龙R97940HS电竞游戏便携笔记本电脑RTX4070超清14英寸屏幕,19999.0,10000-20000元,其他品牌,游戏本,浙江,杭州,1.0,天猫国际自营全球超级店
自营RazerBlade雷蛇灵刃14粉晶AMD锐龙R96900HX游戏办公女生轻薄笔记本电脑RTX3070Ti超清14英寸2K屏,9999.0,9000-10000元,其他品牌,轻薄本,浙江,杭州,18.0,天猫国际自营全球超级店
华硕天选5Pro13代酷睿i7电竞游戏本4060显卡锐龙版学生笔记本电脑,2960.0,3000元以下,华硕,游戏本,江西,南昌,13.0,品牌游戏本直销店
惠普新156英寸超薄笔记本电脑网课商务办公轻薄便携学生紫色粉色,1192.87,3000元以下,惠普,轻薄本,广东,深圳,4.0,惠美数码
新品华为MateBook X Pro酷睿Ultra 微绒典藏版笔记本电脑980克超轻薄 柔性OLED原色屏商务轻薄办公本1943,11599.0,10000-20000元,华为,轻薄本,北京,未知,14.0,苏宁易购官方旗舰店
苹果笔记本电脑macbook超薄air女生款手提M1办公Pro游戏本2021款,1593.87,3000元以下,苹果,游戏本,广东,广州,100.0,十年老店 果品数码
联想笔记本电脑thinkpad  x220 x230i x240 x250 x260 x260s 办公,849.0,3000元以下,联想,其他类型,广东,广州,100.0,四海纵横科技
新品爆款HP惠普星BookPro14笔记本电脑 星14Pro轻薄本13代酷睿i5 28k屏便携女大学生办公本官方旗舰店,3598.56,3000-5000元,惠普,轻薄本,河南,郑州,54.0,惠普同伟专卖店
2024新款中柏EZbook X8 156英寸i512450H标压笔记本电脑轻薄便携学生商务办公游戏官方旗舰店正品超薄,2499.0,3000元以下,其他品牌,轻薄本,广东,深圳,21.0,中柏电脑旗舰店
雷蛇灵刃16寸14代4090 4080电竞4kminiled游戏笔记本电脑oled,16993.87,10000-20000元,其他品牌,游戏本,广东,广州,10.0,北京金唐七七
Huawei华为Matebook14S笔记本电脑14英寸护眼触控旗舰轻薄本,6399.0,5000-7000元,华为,轻薄本,广东,深圳,1000.0,品牌数码百亿商城
2024新品酷睿i9英伟达独立显卡笔记本电脑商务办公设计绘图英特尔酷睿i7高配置手提大学生高端电竞超级游戏本,2277.72,3000元以下,其他品牌,游戏本,广东,深圳,18.0,奈我旗舰店
中柏490EZbook S7 Hi 156英寸笔记本电脑轻薄本便携学生超薄女生商务办公用手提电脑上网本官方旗舰店,999.0,3000元以下,其他品牌,轻薄本,江苏,南京,14.0,苏宁易购官方旗舰店
联想小新pro16锐龙版pro14酷睿学生办公轻薄笔记本电脑2024年新款,2912.87,3000元以下,联想,轻薄本,江西,南昌,41.0,飞扬电脑科技
惠普156英寸超薄笔记本电脑网课商务办公轻薄便携大学生紫色粉色,1192.87,3000元以下,惠普,轻薄本,广东,深圳,7.0,惠美数码
156英寸25K屏i7笔记本电脑2024新款手提商务办公学生设计游戏用轻薄本超薄长续航全金属独显笔记本电脑,1492.87,3000元以下,其他品牌,轻薄本,广东,深圳,100.0,新战纪旗舰店
ThinkPad thinkbook book 16 酷睿 23款联想笔记本电脑,4899.0,3000-5000元,联想,其他类型,江苏,南京,100.0,ThinkPad润亿景店
未来人类X811 14代酷睿i914900HX RTX4060 140W 173英寸25K 240Hz游戏笔记本电脑 2024新品,11789.0,10000-20000元,其他品牌,游戏本,江苏,苏州,8.0,未来人类旗舰店
Dell戴尔D630笔记本xp工控电脑RS232通讯COM9针串口PLC编程BD9,328.0,3000元以下,戴尔,其他类型,广东,广州,100.0,润信笔记本电脑
Teclast台电笔记本156寸高清大屏金属机身笔记本电脑商务办公,714.42,3000元以下,其他品牌,其他类型,广东,深圳,16.0,深圳市易天电脑
重磅上市华硕Zenbook轻薄设计手提二合一触屏商务学生办公设计师笔记本电脑官网官方旗舰店正品,4193.87,3000-5000元,华硕,轻薄本,江苏,南京,45.0,华硕点个赞专卖店
新品上市2024年英特尔139英寸可360度旋转3K高清触摸控屏商务办公用手提轻薄便携平板二合一笔记本电脑,1992.87,3000元以下,其他品牌,轻薄本,广东,深圳,5.0,新战纪旗舰店
ALIENWARE外星人笔记本电脑i7商务办公学生本电竞吃鸡游戏手提本,890.0,3000元以下,外星人,游戏本,广东,佛山,18.0,戴尔电脑直销店
2024爆款联想ThinkBook14 SE 英特尔酷睿标压i5 14英寸超轻薄便携笔记本电脑大学生学习商务办公官方旗舰,3999.0,3000-5000元,联想,轻薄本,福建,厦门,11.0,thinkpad新启联专卖店
人气爆款华为MateBook D1616s 2024新款笔记本电脑轻薄商务,2793.87,3000元以下,华为,轻薄本,四川,成都,17.0,诚欣数码商城
爆款推荐联想ThinkBook14 SE 英特尔酷睿标压i5 14英寸超轻薄便携游戏笔记本电脑大学生商务办公官方旗舰,3999.0,3000-5000元,联想,轻薄本,福建,厦门,5.0,thinkpad恒瀚专卖店
联想ThinkPad P14sP16s 2023款13代酷睿i5i7 14英寸3D绘图CAD设计办公移动图形工作站IBM笔记本电脑独显4G,6959.0,5000-7000元,联想,其他类型,福建,厦门,31.0,thinkpad恒瀚专卖店
618狂欢华为MateBook D16  D14 2024款新品上市 笔记本电脑办公轻薄本学生官方旗舰店官网2023款,3499.0,3000-5000元,华为,轻薄本,浙江,杭州,200.0,华为衡跃专卖店
雷蛇灵刃16 RTX4090水银色14代i9电竞游戏笔记本电脑7代AMD灵刃14,16799.0,10000-20000元,其他品牌,游戏本,上海,未知,96.0,雷小蛇键鼠音频展示中心
微软Surface Laptop Studio 高性能设计师笔记本电脑游戏本商用版,11775.0,10000-20000元,微软,游戏本,江苏,苏州,8.0,Microsoft微软官翻机企业店
十三代i7RazerBlade雷蛇灵刃15轻薄电竞游戏笔记本电脑DDR5内存1TB固态2K屏240Hz高刷IPS屏幕,18947.0,10000-20000元,其他品牌,轻薄本,江苏,苏州,8.0,雷蛇官方旗舰店
ThinkPad X1carbon笔记本电脑联想超极本14寸隐士新款2018年19 20,1618.0,3000元以下,联想,其他类型,广东,广州,8.0,粤信科技二手笔记本电脑
雷蛇灵刃1618寸2024款2k oled4k miniled笔记本40804090水银版,23899.0,20000元以上,其他品牌,其他类型,广东,广州,51.0,PlayNext数码科技
华硕天选2345第13代i5i7学生4060满血电竞游戏2024笔记本电脑,3089.0,3000-5000元,华硕,游戏本,北京,未知,6.0,海威数码科技品牌店
Huawei华为 matebook14 I51340P轻薄办公商务笔记本电脑,6699.0,5000-7000元,华为,轻薄本,上海,未知,16.0,机械革命笔记本数码店
2024新款Apple苹果MacBook Air 153英寸笔记本电脑 M3芯片,11499.0,10000-20000元,苹果,其他类型,广东,深圳,2.0,飞跃优品
7寸笔记本电脑商办公务学生轻薄迷你便携高清手写触摸屏掌上电脑,1244.87,3000元以下,其他品牌,轻薄本,广东,深圳,100.0,深圳德祥越数码店
咨询有礼联想ThinkPad P16 13代英特尔酷睿i7 16英寸3D绘图建模专业设计师移动图形工作站笔记本电脑独显,14499.0,10000-20000元,联想,其他类型,福建,厦门,20.0,thinkpad恒瀚专卖店
苹果笔记本电脑i9超薄手提电脑正品MacbookPro剪辑m2办公设计本16,2490.0,3000元以下,苹果,其他类型,浙江,杭州,31.0,杭州瞰瞰数码macbook实体店
ThinkPad  E550 E560 15寸高清酷睿i7独显E560联想游戏笔记本电脑,788.0,3000元以下,联想,游戏本,北京,未知,0.0,优汇数码二手笔记本电脑
新品现货联想ThinkBook1416 锐龙R78845H 14英寸轻薄商务便携办公大学生游戏笔记本电脑官方旗舰正品,4499.0,3000-5000元,联想,轻薄本,福建,厦门,59.0,thinkpad新启联专卖店
华为笔记本电脑MateBook14D16SE商务办公轻薄本电竞游戏本超极本,1133.87,3000元以下,华为,轻薄本,广东,深圳,13.0,正品数码产品直售店
Lenovo联想 邵阳E46笔记本XP工控电脑编程PLC9针串口COM数控机床,326.0,3000元以下,联想,其他类型,广东,广州,33.0,润信笔记本电脑
新款联想ThinkPad P14s 酷睿i7 12代设计师渲染建模电脑14英寸画图视频移动工作站笔记本办公IBM,6956.0,5000-7000元,联想,其他类型,江苏,无锡,5.0,thinkpad中硕专卖店
Colorful七彩虹 将星X17PRO X17PRO i914900hx 4080游戏笔记本,14588.0,10000-20000元,其他品牌,游戏本,四川,成都,61.0,成都678数码商城
ThinkPad T480 thinkpad X270X280X390便携超薄笔记本电脑4核游戏,850.0,3000元以下,联想,游戏本,广东,广州,98.0,原装高端笔记本电脑批发分销中心
联想ThinkPad P16 Gen2 酷睿i7i9 16英寸3D绘图建模设计师图形工作站笔记本电脑16G独显苏宁易购官方旗舰865,15399.0,10000-20000元,联想,其他类型,福建,厦门,4.0,苏宁易购官方旗舰店
全新英特尔超薄笔记本电脑4K高刷屏156英寸学习办公电竞高清轻便,680.0,3000元以下,其他品牌,其他类型,广东,东莞,19.0,开心网购达人9827
联想Thinkbook141516 轻薄办公学习设计画图编程游戏笔记本电脑,3299.0,3000-5000元,联想,轻薄本,浙江,杭州,75.0,优惠数码商城
十三代i9RazerBlade雷蛇灵刃16轻薄电竞游戏笔记本电脑DDR5内存RTX4080显卡1TB固态2K屏240Hz高刷IPS屏幕,19999.0,10000-20000元,其他品牌,轻薄本,江苏,苏州,21.0,雷蛇官方旗舰店
微软Surface Laptop Studio 2 i7 144寸笔记本电脑独显高性能win,12988.0,10000-20000元,微软,其他类型,北京,未知,19.0,北京中关村数码商城
Dell戴尔XPS 16 9640 163英寸4KOLED触控屏酷睿Ultra9笔记本电脑,21300.0,20000元以上,戴尔,其他类型,上海,未知,2.0,上海徐家汇电脑商城
华为 MateBook14 i51340P集显深空灰触控屏14英寸笔记本电脑,5999.0,5000-7000元,华为,其他类型,上海,未知,68.0,机革游戏本店
LG gram 16英寸25K屏办公笔记本电脑英特尔EVO酷睿Ultra7155H轻薄笔记本电脑便携商务轻薄本学生手提轻薄本,9593.67,9000-10000元,其他品牌,轻薄本,北京,未知,25.0,LG天恩志兴专卖店
百亿补贴华硕天选4 14代英特尔酷睿i7 16英寸高性能游戏本手提笔记本电脑RTX4060独显官网正品,6999.0,5000-7000元,华硕,游戏本,江苏,南京,30.0,Asus华硕爱速斯专卖店
HP惠普 星bookpro 14e 星book15轻薄便携学生办公笔记本电脑,2999.0,3000元以下,惠普,轻薄本,河南,郑州,300.0,笔记本电脑数码品牌店
2024年新款英特尔笔记本电脑大学女生女士粉色高颜值轻薄本i7商务办公学习触摸屏便携156寸手提分期免息,1598.0,3000元以下,其他品牌,轻薄本,广东,深圳,500.0,甘冠旗舰店
Acer宏碁 掠夺者擎Neo高端游戏本电竟办公学生笔记本电脑,7599.0,7000-9000元,宏碁,游戏本,广东,广州,52.0,百亿秀美企业店
华硕14代顽石 英特尔四核N6000办公学生办公轻薄笔记本电脑苏宁易购官方旗舰店1634,1999.0,3000元以下,华硕,轻薄本,江苏,南京,8.0,苏宁易购官方旗舰店
Lenovo联想 拯救者Y7000P 2024 14代i7学生电竞游戏笔记本电脑,7599.0,7000-9000元,联想,游戏本,河南,许昌,500.0,品牌笔记本电脑自营店
双屏笔记本电脑2024全新超轻薄触摸屏64G英特尔酷睿i7高配置平板二合一360度翻转折叠商务办公游戏设计手提本,1555.02,3000元以下,其他品牌,轻薄本,广东,深圳,5000.0,HUAV裕腾专卖店
华为笔记本电脑Matebook14 D16SE轻薄本学习办公电竞i7独显超极本,1139.0,3000元以下,华为,轻薄本,广东,深圳,17.0,捷达数码科技
Hasee神舟z8游戏z7战神i7i5笔记本电脑tx89神州3060全能本4060,1187.87,3000元以下,神舟,游戏本,广东,深圳,500.0,银河数码商城
Apple苹果MacBook Pro轻薄学生 15寸手提办公游戏笔记本电脑i7,2699.0,3000元以下,苹果,轻薄本,广东,广州,96.0,博艺数码
华为MateBookD16SE 13代 i513240H 16英寸轻薄办公笔记本电脑,4499.0,3000-5000元,华为,轻薄本,河南,郑州,100.0,d[s61774345]
Panasonic松下 商务坚固型 CFSX4笔记本电脑10寸CFRZ4RZ5RZ6,893.87,3000元以下,其他品牌,其他类型,广东,广州,15.0,二本万利 数码港
Huawei华为matebook D14笔记本电脑14英寸轻薄便携护眼轻薄本,3999.0,3000-5000元,华为,轻薄本,广东,广州,1000.0,品牌数码百亿商城
2024新品酷睿i7笔记本电脑英特尔轻薄便携大学生超薄商务办公工作设计绘图高端电竞游戏官方正品手提新款,1120.0,3000元以下,其他品牌,轻薄本,浙江,杭州,10.0,国货甄选旗舰店
ASUS华硕vivobook英特尔学生学习设计女士轻薄便携商务办公游戏笔记本电脑触摸屏官方旗舰店官网1634,1999.0,3000元以下,华硕,轻薄本,江苏,南京,49.0,苏宁易购官方旗舰店
Apple苹果 MacBook Air 133英寸 M1芯片 学习笔记本电脑2020款,7199.0,7000-9000元,苹果,其他类型,北京,未知,500.0,起浪科技数码
2024新款酷睿i7笔记本电脑轻薄本16英寸便携超清高性能指纹解锁商务办公绘图设计电竞游戏官方正品手提,1428.0,3000元以下,其他品牌,轻薄本,浙江,杭州,200.0,天天特卖工厂店
Lenovo联想 小新 14 酷睿i5轻薄学生办公设计笔记本电脑Air系列,2548.0,3000元以下,联想,轻薄本,湖北,武汉,75.0,联想品牌笔记本电脑
爆款推荐联想ThinkBook X AI英特尔酷睿Ultra59 135英寸轻薄商务办公2024触控屏笔记本电脑官方旗舰,7299.0,7000-9000元,联想,轻薄本,上海,未知,40.0,ThinkPad志旋专卖店
ReaimX新款笔记本电脑156英寸英特尔N95轻薄便携大学生商务办公工作设计绘图高端电竞游戏官方正品手提,1297.8,3000元以下,其他品牌,轻薄本,浙江,杭州,200.0,国货甄选旗舰店
联想ThinkBook 14 14 16 16 15 X 英特尔Ultra5 7 新笔记本电脑,2900.0,3000元以下,联想,其他类型,安徽,合肥,15.0,安心精品笔记本电脑
2023高颜值新品 16英寸大视角屏中柏EZbook S5 Max笔记本电脑轻便携学生商务办公手提上网本网课官方旗舰,1499.0,3000元以下,其他品牌,其他类型,浙江,杭州,33.0,喵速达电器官方旗舰店
Asus华硕 全系列 办公游戏轻薄 无畏pro14 学生 独显 笔记本电脑,2989.0,3000元以下,华硕,轻薄本,江西,南昌,100.0,品牌电脑商行top店
戴尔DELL灵越3520 12代i5办公i7学生独显网课便携轻薄笔记本电脑,2749.0,3000元以下,戴尔,轻薄本,四川,成都,62.0,正品电脑商城
24期免息 顺丰包邮惠普HP战66六代七代2023酷睿156英寸轻薄笔记本电脑英特尔高色域商务办公学生275,4599.0,3000-5000元,惠普,轻薄本,江苏,南京,44.0,苏宁易购官方旗舰店
Lenovo联想 拯救者 R7000锐龙R7游戏设计学生学习电竞笔记本电脑,6999.0,5000-7000元,联想,游戏本,北京,未知,34.0,数码品质智选店
2023新款M2芯片 Apple苹果 MacBook Air 15英寸笔记本电脑,9999.0,9000-10000元,苹果,其他类型,上海,未知,46.0,星途优选店
2024英特尔14代灵耀笔记本电脑156英寸4k超清高刷高性能指纹解锁商务办公设计学生游戏手提电脑无畏轻薄本,218.5,3000元以下,其他品牌,轻薄本,浙江,杭州,100.0,天天特卖工厂店
全新正品Redmi Book 15E小米笔记本电脑英特尔酷睿处理器商务办公大学生便携本156英寸2063,3149.0,3000-5000元,小米,其他类型,北京,未知,78.0,苏宁易购官方旗舰店
人气爆款联想拯救者R9000PR9000X可选 16英寸笔记本 游戏电竞本ps设计笔记本电脑 联想官方旗舰店,10499.0,10000-20000元,联想,游戏本,江苏,苏州,15.0,联想官方旗舰店
Lenovo联想拯救者Y7000PR7000P游戏本R9000P学生设计笔记本电脑,3893.87,3000-5000元,联想,游戏本,江苏,淮安,30.0,联创梵想正品数码商行
2024新款21代英特尔n95笔记本电脑英特轻薄炒股商务办公学生画图设计电竞游戏高配置官方旗舰正品便携性价比,864.0,3000元以下,其他品牌,轻薄本,浙江,杭州,2.0,天天特卖工厂店
Lenovo联想 小新数字系列14 15 16英寸轻薄笔记本电脑超薄学生本,4099.0,3000-5000元,联想,轻薄本,北京,未知,2.0,笔记本电脑铺子
Lenovo联想 小新pro1614 2023学生轻薄游戏 学生商务笔记本电脑,3230.0,3000-5000元,联想,轻薄本,江西,南昌,400.0,品牌电脑商行top店
Lenovo联想 YOGA Pro16s AI元启 英特尔酷睿Ultra9 联想AIPC 16英寸轻薄本笔记本电脑559,13999.0,10000-20000元,联想,轻薄本,江苏,南京,3.0,苏宁易购官方旗舰店
特价3060华硕游戏本电脑笔记本天选i7飞行堡垒玩家国度吃鸡R7联想,2198.0,3000元以下,联想,游戏本,广东,深圳,100.0,品牌游戏本直销店
吾空 空妖X Pro Max 173寸4060 14代i9HX学生设计游戏笔记本电脑,13699.0,10000-20000元,其他品牌,游戏本,广东,深圳,2.0,雷神ThundeRobot深圳铂金店
联想拯救者Y9000P 202324款i9笔记本电脑电竞游戏本RTX4060独显,9999.0,9000-10000元,联想,游戏本,北京,未知,18.0,笔记本电脑铺子
荣耀magicbook14X14X16Pro轻薄办公2023新款13代酷睿笔记本电脑,2379.0,3000元以下,荣耀,轻薄本,江西,南昌,200.0,海威数码科技品牌店
机械革命 极光系列 极光E 极光15 电竞游戏笔记本电脑,5499.0,5000-7000元,机械革命,游戏本,江苏,南京,17.0,华东电竞数码商城
ReaimX2024新品笔记本电脑轻薄本161英寸大学生便携商务办公绘图设计高配置游戏本官方正品适用华为鼠标,1297.8,3000元以下,华为,轻薄本,浙江,杭州,14.0,天天特卖工厂店
联想 ThinkPad E14 AMD锐龙R5R7 14英寸超轻薄便携商务办公大学生学习手提笔记本电脑苏宁易购官方旗舰店865,4199.0,3000-5000元,联想,轻薄本,福建,厦门,7.0,苏宁易购官方旗舰店
新款触摸双屏笔记本电脑商务轻薄高性能办公学生设计便捷手提电脑,1292.87,3000元以下,其他品牌,轻薄本,广东,广州,200.0,广州极客数码
Asus华硕 天选5 Pro i914900HXRTX4070 锐龙版游戏笔记本电脑,7299.0,7000-9000元,华硕,游戏本,江西,南昌,400.0,东南电脑数码大卖场
Hasee神舟 战神 Z7游戏本Z8独显6G吃鸡3060笔记本电脑i7 RTX4060,1102.0,3000元以下,神舟,游戏本,北京,未知,300.0,百创数码科技
特价秒杀华硕天选4 锐龙酷睿4060独显3060电竞游戏笔记本电脑联想,2398.0,3000元以下,联想,游戏本,广东,深圳,8.0,品牌游戏本直销店
reaimx新款笔记本电脑156英寸英特尔n95轻薄便携大学生商务办公工作设计绘图高端电竞游戏官方正品手提炒股,2.6,3000元以下,其他品牌,轻薄本,浙江,杭州,7.0,天天特卖工厂店
HP惠普星Book plus16锐龙8000系R5R7处理器笔记本电脑轻薄高性能办公本手提电脑惠普官方旗舰店官网1938,4299.0,3000-5000元,惠普,轻薄本,江苏,南京,1.0,苏宁易购官方旗舰店
2024新款热销设计师本英特尔酷睿i9 i7游戏本高端电竞笔记本 电脑RTX3060设计建模剪辑直播大学生轻薄本,3333.87,3000-5000元,其他品牌,轻薄本,广东,深圳,79.0,pwb旗舰店
咨询有礼华为笔记本电脑MateBookD14D16 2024新款轻薄笔记本电脑i5i7学生手提电脑官方旗舰店官网正品,3299.0,3000-5000元,华为,轻薄本,北京,未知,100.0,华为盛世通乾专卖店
华为MateBook 14s超轻薄I5笔记本电脑2024新款14寸办公便携学生手提官方授权店旗舰正品,5999.0,5000-7000元,华为,轻薄本,广东,深圳,7.0,华为智慧生活专卖店
Huawei华为 MateBook X Pro新款高配超薄便携轻薄触屏笔记本电脑,3082.87,3000-5000元,华为,轻薄本,广东,惠州,7.0,果粉笔记本中心
联想 ThinkPad E15 12代酷睿i5 156英寸网课学生学习商务办公本手提本笔记本电脑苏宁易购官方旗舰店865,4399.0,3000-5000元,联想,其他类型,江苏,南京,4.0,苏宁易购官方旗舰店
联想Thinkbook14 16 13代i5i7 锐龙办公设计游戏轻薄笔记本电脑,3349.0,3000-5000元,联想,轻薄本,四川,成都,10.0,正品电脑商城
神舟S8战神Z8游戏本3060独显i5笔记本电脑4060吃鸡3070联想拯救者,2272.0,3000元以下,联想,游戏本,广东,深圳,0.0,品牌游戏本直销店
新款神舟S8战神Z8游戏本3060独显i9笔记本电脑4060吃鸡3070联想i7,2272.0,3000元以下,联想,游戏本,广东,深圳,0.0,品牌游戏本直销店
Apple苹果 MacBook Pro  2022款133寸 14寸 M2国行笔记本电脑,18888.0,10000-20000元,苹果,其他类型,湖北,武汉,7.0,武汉钓鱼数码
Lenovo联想小新Pro13酷睿Pro14独显女生Pro16轻薄锐龙笔记本电脑,2649.0,3000元以下,联想,轻薄本,江苏,南京,91.0,新起点笔记本数码店
联想 thinkpad X1 carbon X1C 2023 22 21 20 19Nano款笔记本电脑,2388.0,3000元以下,联想,其他类型,安徽,合肥,28.0,信达优品笔记本电脑
爆款推荐HP惠普星14 英特尔版可选13代酷睿i5i7笔记本电脑学生轻薄便携女生办公电脑官方旗舰店官网正品,2798.0,3000元以下,惠普,轻薄本,山东,青岛,100.0,惠普酷灏专卖店
Acer宏碁 掠夺者 战斧1618 24款1618英寸14代i9游戏笔记本电脑,16479.0,10000-20000元,宏碁,游戏本,湖南,长沙,16.0,宏碁电脑商城
机械革命旷世15Pro 13代i7游戏本4060独显25K电竟游戏笔记本电脑,6099.0,5000-7000元,机械革命,游戏本,广东,广州,34.0,正达笔记本数码
官方正品英特尔酷睿N95笔记本电脑轻薄本便携超薄商务办公游戏设计剪辑全能本学生学习笔记本电脑游戏本,20.0,3000元以下,其他品牌,轻薄本,浙江,杭州,0.0,天天特卖工厂店
2024新品双屏款速卡龙G5Max 双屏超薄触控笔记本电脑1567英寸高配轻薄便携学生手提游戏办公网课电脑,1693.87,3000元以下,其他品牌,轻薄本,广东,深圳,100.0,deeq旗舰店
酷睿i7中柏笔记本电脑2024全新款14英寸轻薄本便携学生官方旗舰店正品超薄手提电脑商务办公游戏上网本,1393.87,3000元以下,其他品牌,轻薄本,广东,深圳,15.0,中柏电脑旗舰店
2020新款Apple苹果  MacBook Pro笔记本电脑133 英寸武汉送货,11199.0,10000-20000元,苹果,其他类型,湖北,武汉,16.0,iOS数码港
Lenovo联想笔记本电脑 超薄大型游戏本学生高清手提电脑轻薄办公,850.0,3000元以下,联想,轻薄本,广东,广州,17.0,联达数码 科技
特价神舟S8战神Z8游戏本3060独显i9笔记本电脑4060吃鸡3070联想i7,2272.0,3000元以下,联想,游戏本,广东,深圳,0.0,品牌游戏本直销店
高配双屏笔记本浩拉笔记本触控笔记本电脑学习办公娱乐游戏本,5030.0,5000-7000元,其他品牌,游戏本,广东,深圳,4.0,浩拉笔记本电脑品牌店
Huawei华为 Matebook D14 13代酷睿 护眼全面屏商务办公笔记本,4199.0,3000-5000元,华为,其他类型,北京,未知,100.0,迪通通讯数码
顺丰速发华为MateBook 14 2024年新款笔记本电脑酷睿Ultra 57手提电脑轻薄本官方旗舰店官网正品高配置,5249.0,5000-7000元,华为,轻薄本,广东,广州,100.0,华为上乘专卖店
Huawei华为 笔记本电脑 Matebook 16S 23新款 25K高色准触控屏,6999.0,5000-7000元,华为,其他类型,北京,未知,100.0,迪通通讯数码
Asus华硕 天选5Pro 锐龙版16英寸电竞游戏笔记本电脑R9RTX4060,7799.0,7000-9000元,华硕,游戏本,浙江,湖州,900.0,嘉华数码商城
Sony索尼 P132 SVP13217SC VGPG11八代轻薄笔记本电脑商务超级本,1193.87,3000元以下,其他品牌,轻薄本,广东,广州,55.0,广电数码商城
MSI微星 GP76 GP76 魔影15 GS66GS65 G75GF63 游戏笔记本电脑,2600.0,3000元以下,其他品牌,游戏本,江苏,南京,100.0,蒙奇奇游戏本
Lenovo拯救者Y7000P Y7000 2024游戏笔记本电脑RTX40504060,7399.0,7000-9000元,联想,游戏本,北京,未知,2000.0,天天联想店
神舟战神Z7Z8S8TX8G8R9满血RTX406050学生游戏i7笔记本2024,3590.0,3000-5000元,神舟,游戏本,江西,南昌,32.0,海威数码科技品牌店
Asus华硕 天选游戏本3天选4高端独显4060酷睿游戏本学生设计电脑,3729.0,3000-5000元,华硕,游戏本,江西,南昌,18.0,天天天选商城
华为MateBookD14 13代酷睿 i51340P 14英寸轻薄办公笔记本电脑,4599.0,3000-5000元,华为,轻薄本,河南,郑州,58.0,d[s61774345]
Lenovo联想 ideapad 15锐龙版轻薄游戏笔记本电脑156英寸大屏学生商务办公学习官方正品非小新AIR14 2023款,2649.0,3000元以下,联想,轻薄本,天津,未知,200.0,联想通恒本厚专卖店
Lenovo 联想笔记本电脑 超薄大型游戏本i7四核 办公手提 学生家用,864.87,3000元以下,联想,游戏本,广东,广州,300.0,mooer摩尔
官方正品迷你笔记本电脑触屏便携小尺寸商务办公本出差平板二合一折叠12英寸轻薄本儿童学生绘画设计专用,1763.87,3000元以下,其他品牌,轻薄本,广东,深圳,43.0,天业来数码专营店
新品上市机械师创物者15N AMD 锐龙 R7 7735H八核笔记本电脑核显 156英寸轻薄本 商务办公学生手提,3699.0,3000-5000元,机械革命,轻薄本,广东,广州,3.0,machenike旗舰店
小米笔记本电脑RedmiBook 14 2024 13代酷睿 28K120hz高刷屏轻薄,4399.0,3000-5000元,小米,轻薄本,上海,未知,16.0,天猫超市
2024新款Apple苹果MacBook Air 136英寸笔记本电脑 M3芯片,9999.0,9000-10000元,苹果,其他类型,上海,未知,100.0,星途优选店
松下笔记本电脑CFSZ5 SZ6六代酷睿i5军工品质IPS屏12寸超长待机,744.87,3000元以下,其他品牌,其他类型,广东,广州,24.0,二本万利 数码港
机械革命无界14X 120Hz 28K 高色域轻薄本办公商务本笔记本电脑,4399.0,3000-5000元,机械革命,轻薄本,江苏,南京,32.0,华东电竞数码商城
Hasee神舟 战神 TX9游戏本Z7Z8电竞独显RTX4060笔记本电脑3060,1258.15,3000元以下,神舟,游戏本,广东,广州,98.0,臻选数码优品
联想ThinkBook14 13代酷睿i5 14英寸轻薄商务办公笔记本电脑,4899.0,3000-5000元,联想,轻薄本,福建,厦门,100.0,ThinkBook企业店
Apple苹果MacBookPro苹果笔记本电脑Air超薄便捷i5 i7办公商务本,889.87,3000元以下,苹果,其他类型,广东,广州,100.0,蓝鑫星期五商铺
联想拯救者Y7000P 2024 16英寸电竞游戏本笔记本电脑 月蚀灰,7488.0,7000-9000元,联想,游戏本,河南,郑州,1000.0,华中电脑商城
全新10寸迷你口袋本双屏触控笔记本电脑游戏办公手提网课上网本,2149.89,3000元以下,其他品牌,游戏本,广东,深圳,20.0,深圳德祥越数码店
2024新款英特尔笔记本电脑轻薄本超薄便携式电脑N95全面屏办公商务游戏笔记本电脑156英寸学生家用电脑,1185.0,3000元以下,其他品牌,轻薄本,浙江,杭州,19.0,天天特卖工厂店
新品华为MateBook D14 2024款笔记本电脑护眼全面屏12代英特尔酷睿i5处理器轻薄学生办公,3789.0,3000-5000元,华为,轻薄本,福建,厦门,93.0,华为美好向往专卖店
64G内存16寸英特尔酷睿i9笔记本电脑6G独显设计办公学生游戏,3576.87,3000-5000元,其他品牌,游戏本,广东,深圳,69.0,榕厦电脑店
Apple苹果 13寸 MacBook Air  M1超薄笔记本电脑  学生办公设计,7999.0,7000-9000元,苹果,其他类型,河北,石家庄,300.0,三上三数码
Lenovo联想小新1614笔记本电脑轻薄本学生商务办公本14英寸2024款13代酷睿i5苏宁易购3598,3088.0,3000-5000元,联想,轻薄本,江苏,南京,2.0,苏宁易购官方旗舰店
联想ThinkPad E16 AMD锐龙R5R7 16英寸轻薄便携商务办公大学生学习手提笔记本电脑苏宁易购官方旗舰店865,4199.0,3000-5000元,联想,轻薄本,福建,厦门,10.0,苏宁易购官方旗舰店
ThinkPad E490 I5联想 E14 E15 E480 E470 E580 E570笔记本电脑I7,910.1,3000元以下,联想,其他类型,安徽,合肥,8.0,铭轩数码商城
lenovo联想R7拯救者Y7000P游戏本i7i5R9000P便携3060笔记本电脑,2684.87,3000元以下,联想,游戏本,广东,深圳,400.0,银河数码商城
联想拯救者Y7000P 游戏电竞娱乐影音笔记本,8999.0,7000-9000元,联想,游戏本,北京,未知,1000.0,拯救者电子商城
新品酷睿i913代笔记本电脑官方旗舰店正品4K高清笔记本轻薄便携商务办公锐龙独显手提电脑男女款游戏本,1283.0,3000元以下,其他品牌,轻薄本,广东,深圳,100.0,hipaa海鲅旗舰店
Huawei华为 MateBook 14 酷睿Ultra 2024学生办公笔记本电脑,5999.0,5000-7000元,华为,其他类型,北京,未知,1.0,北京启航商贸
HP惠普 暗影精灵 暗影10酷睿i914900HX 4060学生游戏笔记本电脑,6288.0,5000-7000元,惠普,游戏本,四川,成都,7.0,成都678数码商城
Acer宏碁 掠夺者擎 NEO 24款4060游戏笔记本电脑14代新品,6099.0,5000-7000元,宏碁,游戏本,山东,烟台,23.0,范范数码商城
UNIS紫光 UltiBook14英寸笔记本电脑英特尔12代i3i5i7商务办公小轻薄本全新手提学生学习本轻薄便携笔记本,1858.1,3000元以下,其他品牌,轻薄本,北京,未知,100.0,紫光天恩志兴专卖店
HP惠普 暗影精灵10 百亿补贴供货链接,6999.0,5000-7000元,惠普,其他类型,河南,郑州,20.0,笔记本电脑体验推广中心
华硕无畏15 全新13代酷四核156英寸学生商务办公轻薄大屏办公学生笔记本电脑官方期间店正品官网1634,1999.0,3000元以下,华硕,轻薄本,江苏,南京,8.0,苏宁易购官方旗舰店
二手HP惠普 HP 156寸6550B带九针口四核i7笔记本电脑游戏6570B,382.87,3000元以下,惠普,游戏本,广东,广州,19.0,卓圣数码科技二手笔记本电脑
雷神911 3060星战6G独显高配i7暗杀星二学生电竞游戏笔记本电脑,1699.0,3000元以下,雷神,游戏本,山东,济南,40.0,云链数码
HP惠普 星Book17 173英寸大屏笔记本电脑 i5i7酷睿大学生游戏设计手提商务办公惠普笔记本电脑官方正品官网,4699.0,3000-5000元,惠普,游戏本,山东,青岛,59.0,惠普酷灏专卖店
MECHREVO机械革命 蛟龙16K R77435HRTX4060电竞游戏笔记本电脑,5499.0,5000-7000元,机械革命,游戏本,北京,未知,55.0,电竞游戏本电脑店
2024新品高配独显13代酷睿i7笔记本电脑英特尔轻薄便携大学生商务办公设计手提超薄独显电竞游戏官方正品,1268.0,3000元以下,其他品牌,轻薄本,广东,深圳,100.0,依据数码专营店
Lenovo联想 拯救者Y7000P 2024 i714700HXRTX4060笔记本电脑,7999.0,7000-9000元,联想,其他类型,江西,南昌,700.0,跃高百亿数码商城
联想拯救者Y7000P 2024款 酷睿i7 高刷高分屏电竞游戏笔记本电脑,7699.0,7000-9000元,联想,游戏本,江西,南昌,100.0,百亿数码线上店
MECHREVO机械革命 极光pro i713650HX4060 电竞游戏笔记本电脑,6499.0,5000-7000元,机械革命,游戏本,北京,未知,91.0,电竞游戏本电脑店
Lenovo联想 拯救者Y7000P 2024 i714650HXRTX4060电竞游戏本,7349.0,7000-9000元,联想,游戏本,江西,南昌,1000.0,联想电脑数码商城
官翻联想 Thinkpad T14 Gen234 酷睿i7 办公游戏笔记本电脑,3799.0,3000-5000元,联想,游戏本,安徽,合肥,100.0,联想官翻机授权企业店
MECHREVO机械革命 极光Pro i512450HRTX4050旷世16pro高性能,4899.0,3000-5000元,机械革命,其他类型,河南,郑州,100.0,百补笔记本旗官店
2023新款英特尔手提笔记本电脑轻薄便携学生商务办公设计指纹解锁,802.87,3000元以下,其他品牌,轻薄本,广东,深圳,39.0,ReaimX笔记本电脑正品店
Hasee神舟战神S8D6Z8D6Z7 D6G9R9 RTX4060RTX4070 独显笔记本,3988.0,3000-5000元,神舟,其他类型,北京,未知,15.0,神舟静鑫恒晟专卖店
联想开天N4620ZN80ZN60ZN4720Z国产化笔记本电脑麒麟统信系统,4300.0,3000-5000元,联想,其他类型,江苏,南京,37.0,国产信创企采购
联想拯救者y7000pr7000p全新原装正品电竞游戏笔记本电脑2024款,6499.0,5000-7000元,联想,游戏本,浙江,杭州,1000.0,联想拯救者商城
2024新品酷睿i7笔记本电脑双屏幕13代英特尔64G高配置平板二合一360度翻转折叠大学生商务官方旗舰正品,1599.0,3000元以下,其他品牌,二合一笔记本,广东,深圳,6.0,UAGR旗舰店
Apple苹果 Macbook 12 英寸笔记本电脑轻薄便携女生商务办公设计,2182.87,3000元以下,苹果,轻薄本,北京,未知,100.0,13年老店麦克布苹果电脑
Apple苹果MacBook Air 13英寸笔记本电脑M1芯片,6999.0,5000-7000元,苹果,其他类型,上海,未知,83.0,极客优选正品店
Lenovo联想 小新 14 小新16 2023款大屏高性能超轻薄笔记本电脑,3399.0,3000-5000元,联想,轻薄本,河南,郑州,200.0,电脑数码超值购企业店
重磅新品联想ThinkBook 14 2024 AI全能本英特尔酷睿Ultra57 145英寸轻薄商务办公游戏笔记本电脑官方,5299.0,5000-7000元,联想,轻薄本,福建,厦门,100.0,thinkpad恒瀚专卖店
Apple苹果MacBookAir苹果笔记本电脑i5办公手提游戏本i7Pro学生,1050.0,3000元以下,苹果,游戏本,上海,未知,38.0,优选严选笔记本数码
2024新品AI本HP惠普星BookPro14 英特尔Evo酷睿Ultra5 28k屏Al超能笔记本电脑轻薄办公本旗舰店1938,4099.0,3000-5000元,惠普,轻薄本,江苏,南京,18.0,苏宁易购官方旗舰店
HP惠普星bookpro14笔记本电脑星14学生办公轻薄设计本,5399.0,5000-7000元,惠普,轻薄本,上海,未知,200.0,天猫超市
Acer宏碁 掠夺者擎Neo 2024款 百亿补贴供货链接,8599.0,7000-9000元,宏碁,其他类型,北京,未知,79.0,笔记本电脑体验推广中心
联想笔记本电脑 2023小新品旗舰八核锐龙R7超轻薄本V14V15 156英寸学生游戏办公设计本官方旗舰店正品官网,2599.0,3000元以下,联想,轻薄本,福建,厦门,85.0,thinkpad新启联专卖店
12期免息联想ThinkPad T14 2023新款13代酷睿i5i7 14英寸编程设计商务办公超轻薄手提ibm笔记本电脑官方,5999.0,5000-7000元,联想,轻薄本,福建,厦门,75.0,thinkpad恒瀚专卖店
联想 ThinkPad S2 YOGA 13代酷睿i7 133英寸360度翻转触摸二合一笔记本电脑商务办公轻薄便携手提本旗舰正品,5499.0,5000-7000元,联想,轻薄本,福建,厦门,60.0,thinkpad恒瀚专卖店
Dell戴尔游匣G15 5530 156英寸13代英特尔酷睿游戏本笔记本电脑,6099.0,5000-7000元,戴尔,游戏本,湖北,武汉,21.0,鼎刚数码
官方正品旗舰店2024酷睿i9笔记本电脑英特尔轻薄便携大学生新款手提超薄商务办公工作游戏本独显notebook,898.0,3000元以下,其他品牌,轻薄本,广东,深圳,21.0,卫识旗舰店
2023款Apple苹果 MacBook Air 15英寸M2芯片笔记本电脑,9999.0,9000-10000元,苹果,其他类型,上海,未知,100.0,未来科技优选
2024款英特尔酷睿i7 RTX3070独显全新高性能笔记本电脑大学生PS设计师本高端电竞游戏本满血25K 8G独显,3673.87,3000-5000元,其他品牌,游戏本,广东,深圳,100.0,pwb旗舰店
英特尔酷睿i7双屏笔记本电脑设计师高端商务办公便携手提超轻薄金属本游戏本适用于华硕灵耀x联想华为Pro鼠标,1234.05,3000元以下,联想,轻薄本,浙江,杭州,28.0,天天特卖工厂店
荣耀笔记本 X16锐龙版 R5高性能高清护眼屏16英寸轻薄笔记本电脑,3299.0,3000-5000元,荣耀,轻薄本,浙江,湖州,46.0,嘉华数码商城
独显轻薄本2024全新英特尔笔记本电脑官方正品旗舰店156寸便捷商务办公工作设计绘图电竞游戏大学生手提,1198.0,3000元以下,其他品牌,轻薄本,广东,深圳,600.0,帕米仕旗舰店
Huawei华为MateBook16s13代酷睿 i513500H轻薄办公笔记本电脑,6499.0,5000-7000元,华为,轻薄本,河南,郑州,59.0,d[s61774345]
华为 MateBookD14SE 酷睿版i5 14寸轻薄学生商务办公笔记本电脑,3899.0,3000-5000元,华为,轻薄本,河南,郑州,92.0,d[s61774345]
Asus华硕 天选55PRO游戏本RTX40504060独显25K学生笔记本电脑,7499.0,7000-9000元,华硕,游戏本,四川,成都,600.0,云锦百亿数码商城
2024新款HP惠普战系列七代16英寸酷睿Ultra处理器轻薄笔记本电脑商务办公25K高色域120Hz独显学生275,4399.0,3000-5000元,惠普,轻薄本,江苏,南京,4.0,苏宁易购官方旗舰店
HP惠普光影精灵9 161 156英寸办公游戏笔记本电脑,5699.0,5000-7000元,惠普,游戏本,北京,未知,63.0,笔记本电脑体验推广中心
ThinkPad X380 yoga联想二合一370 X390 L380触摸屏L13笔记本电脑,1150.0,3000元以下,联想,二合一笔记本,广东,广州,35.0,友信猫数码二手笔记本
Huawei华为MateBook XPro新款酷睿触摸全面屏商务办公笔记本电脑,3082.87,3000-5000元,华为,其他类型,广东,深圳,4.0,果粉笔记本中心
华为笔记本电脑Matebook14 D16SE轻薄本办公学习电竞独显i7超极本,1139.0,3000元以下,华为,轻薄本,广东,深圳,8.0,鑫鑫数码电脑城
机械革命旷世16 i713620H RTX4060 240HZ高刷电竞游戏笔记本电脑,6499.0,5000-7000元,机械革命,游戏本,河南,郑州,100.0,电脑数码超值购企业店
旗舰推荐机械师曙光15英特尔13代酷睿i713620H游戏本RTX4050 4060笔记本电脑165Hz电竞屏办公学生便携,5499.0,5000-7000元,机械革命,游戏本,广东,广州,17.0,machenike旗舰店
百亿补贴机械革命旷世16 RTX4060电竞商务大屏游戏笔记本电脑,6399.0,5000-7000元,机械革命,游戏本,上海,未知,42.0,机械革命笔记本数码店
英特尔酷睿新款超薄笔记本电脑165英寸高清大屏幕笔记本电脑多功能商务娱乐游戏工作电脑学生学习笔记本,1366.9,3000元以下,其他品牌,游戏本,浙江,杭州,0.0,天天特卖工厂店
Huawei华为 Matebook D16  16英寸轻薄商务办公护眼全面屏,4999.0,3000-5000元,华为,轻薄本,北京,未知,200.0,迪通通讯数码
Huawei华为 笔记本电脑 Matebook 14 2K触控全面屏办公学习轻薄,5099.0,5000-7000元,华为,轻薄本,福建,漳州,100.0,一行电脑
咨询有礼联想ThinkPad T14 英特尔酷睿i7 14英寸专业商务办公轻薄设计笔记本电脑苏宁易购官方旗舰店865,6299.0,5000-7000元,联想,轻薄本,江苏,南京,11.0,苏宁易购官方旗舰店
华硕天选5学生高性能156英寸游戏本笔记本电脑,7089.0,7000-9000元,华硕,游戏本,北京,未知,14.0,华硕域航专卖店
NEC VK23VKT25VKT16二合一windows133寸触摸屏旋转笔记本电脑,1042.87,3000元以下,其他品牌,二合一笔记本,广东,广州,10.0,蠢蠢数码
Huawei华为 笔记本电脑 Matebook E Go平板笔记本电脑二合一2023,9999.0,9000-10000元,华为,二合一笔记本,山西,太原,70.0,长江小土豆
状元赋新款笔记本电脑英特尔N95轻薄便携大学生超薄商务办公工作设计绘图高端电竞游戏官方正品手提电脑,1288.0,3000元以下,其他品牌,轻薄本,浙江,杭州,1.0,天天特卖工厂店
专业办公联想ThinkPad T14英特尔酷睿Ultra5Ultra7 32G1T工程师轻薄商务办公游戏笔记本电脑官方旗舰店,8999.0,7000-9000元,联想,轻薄本,北京,未知,9.0,ThinkPad官方旗舰店
Apple苹果 MacBook Pro 13寸学生笔记本电脑超薄便携办公本Air,1050.0,3000元以下,苹果,其他类型,上海,未知,23.0,上乘数码港
12期免息HP惠普星BookPro14 13代英特尔酷睿i5笔记本电脑28k屏轻薄学生办公本惠普官方旗舰店官网1938,4699.0,3000-5000元,惠普,轻薄本,江苏,南京,1.0,苏宁易购官方旗舰店
2024新品英特尔笔记本电脑轻薄本156英寸大学生便携商务办公绘图设计高配置游戏本官方正品适用华为鼠标,2450.0,3000元以下,华为,轻薄本,浙江,杭州,3.0,天天特卖工厂店
新品上市机械师曙光16Air AMD 锐龙 R7 8845HS八核轻薄本25K 120Hz屏笔记本电脑 商务办公学生便携手提,4499.0,3000-5000元,机械革命,轻薄本,广东,广州,46.0,machenike旗舰店
联想拯救者R7000 R77840H 4060爆款学生设计游戏电竞笔记本电脑,6899.0,5000-7000元,联想,游戏本,河南,郑州,200.0,华信3C数码
Huawei华为笔记本电脑i7游戏本商务办公轻薄便携大学生网课手提本,598.0,3000元以下,华为,轻薄本,广东,佛山,24.0,随风数码电脑
联想 ThinkPad S2 YOGA 13代酷睿i7 360度翻转触摸二合一笔记本电脑商务办公轻薄便携苏宁易购官方旗舰店865,5499.0,5000-7000元,联想,轻薄本,福建,厦门,29.0,苏宁易购官方旗舰店
2024新品首发联想ThinkBook X  英特尔Evo酷睿Ultra9 AI全能本 135英寸28K屏超轻薄商务办公笔记本电脑,7499.0,7000-9000元,联想,轻薄本,福建,厦门,13.0,thinkpad新启联专卖店
2023新款HP惠普星Bookplus,6199.0,5000-7000元,惠普,其他类型,上海,未知,84.0,天猫超市
雷神911airpro设计师i7i5笔记本电脑mt星战3060游戏黑武士本plus,1587.87,3000元以下,雷神,游戏本,广东,湛江,1000.0,银河数码商城
ThinkPad T570 i77500UT580560联想P53S商务P52S笔记本电脑P53s,1048.88,3000元以下,联想,其他类型,广东,广州,68.0,木森科技港二手笔记本电脑
联想 ThinkPad T490S i7 大屏轻薄本商务办公四核独显笔记本电脑,982.87,3000元以下,联想,轻薄本,广东,深圳,33.0,果粉笔记本中心
Xiaomi小米 RedmiBook Pro 14办公学习设计23新款小米笔记本电脑,1893.87,3000元以下,小米,其他类型,湖北,武汉,69.0,小米之家电脑商城
Huawei华为笔记本电脑i7办公商务轻薄便携大学生吃鸡游戏本手提,638.0,3000元以下,华为,轻薄本,广东,佛山,26.0,多承电脑商城
2024新款英特尔酷睿n95笔记本电脑轻薄本便携式电脑全面屏办公商务游戏14英寸学生家用系统大屏,979.2,3000元以下,其他品牌,轻薄本,浙江,杭州,10.0,天天特卖工厂店
特价华硕3060游戏本笔记本电脑i7玩家国度ROG天选4060联想拯救者,2180.0,3000元以下,联想,游戏本,广东,深圳,0.0,品牌游戏本直销店
Acer宏碁 笔记本电脑游戏本暗影骑士擎龙4060学生3060电竞i7联想,2687.0,3000元以下,联想,游戏本,广东,深圳,0.0,品牌游戏本直销店
顺丰现货速发Apple苹果 Mac Book Air 13 英寸 M3芯片 笔记本电脑 专业设计剪辑视频 2024新款3526,9199.0,9000-10000元,苹果,其他类型,北京,未知,1.0,苏宁易购官方旗舰店
Lenovo联想笔记本电脑i7独显4G高清156寸设计绘图游戏学生轻薄,1293.87,3000元以下,联想,轻薄本,广东,广州,10.0,逸楠数码科技
苹果MacBook笔记本电脑新款Air超薄办公便携商务女生Pro游戏设计,1699.0,3000元以下,苹果,游戏本,广东,广州,55.0,博艺数码
新品上市微星MSI 星影1517Ai 锐龙R78845HS RTX4060显卡 156英寸25K 办公学习笔记本电脑官方旗舰店,6999.0,5000-7000元,其他品牌,其他类型,上海,未知,14.0,微星游戏本旗舰店
官方小尺寸轻薄本jumper中柏EZbook S5 GO 116英寸笔记本电脑女生款超便携迷你学生商务办公上网本490,769.0,3000元以下,其他品牌,轻薄本,广东,深圳,200.0,苏宁易购官方旗舰店
MECHREVO机械革命蛟龙2023款Z3Pro满血3070电竞屏游戏笔记本电脑,3799.0,3000-5000元,机械革命,游戏本,江西,南昌,300.0,品牌电脑商行top店
联想ThinkPad X1 CARBON AI 2024 旗舰笔记本电脑Ultra 28K120HZ,10468.0,10000-20000元,联想,其他类型,上海,未知,21.0,ThinkPad徐汇品牌店
DELL戴尔灵越13Pro Ultra57轻薄办公剪辑制图编程学生笔记本电脑,3399.0,3000-5000元,戴尔,轻薄本,北京,未知,37.0,品牌电脑之家
机械革命 蛟龙15K R77435HRTX4060游戏电竞学生笔记本电脑游戏,5799.0,5000-7000元,机械革命,游戏本,江苏,南京,36.0,华东电竞数码商城
联想小新air14plus 2023款Air15学生办公i5轻薄笔记本电脑游戏本,1692.87,3000元以下,联想,轻薄本,湖南,长沙,47.0,飞扬电脑科技
小新Pro16超能本英特尔酷睿i5 16英寸轻薄笔记本电脑,4749.0,3000-5000元,联想,轻薄本,河南,郑州,3.0,龙之源拯救者数码商城企业店
Lenovo联想小新2023款轻薄便携高配置超薄游戏独显笔记本电脑,882.87,3000元以下,联想,轻薄本,广东,惠州,72.0,果粉笔记本中心
ROG玩家国度枪神87PLUS超竞版2024款14代酷睿RTX4090笔记本电脑,11339.0,10000-20000元,玩家国度,其他类型,陕西,西安,28.0,华硕电脑自营商城
Lenovo联想小新1416轻薄笔记本电脑学生商务办公游戏超薄本,3499.0,3000-5000元,联想,轻薄本,北京,未知,100.0,天天联想店
2024新款热销笔记本电脑英特尔156英寸轻薄便携大学生官方正品指纹解锁商务办公工作设计绘图游戏全能本,1582.87,3000元以下,其他品牌,轻薄本,广东,深圳,100.0,卡其兔旗舰店
联想Thinkbook1415新款酷睿轻薄商务办公156女生锐龙笔记本电脑,2650.0,3000元以下,联想,轻薄本,江苏,南京,100.0,新起点笔记本数码店
联想小新笔记本电脑Pro16 Air14 Air15学生办公PS专用独显轻薄本,2893.87,3000元以下,联想,轻薄本,上海,未知,58.0,联想笔记本电脑科技
华为MateBook 16S 23款25K触屏商务办公轻薄笔记本电脑13代酷睿,5729.0,5000-7000元,华为,轻薄本,广东,广州,100.0,九州通讯数码
华硕a豆14 14pro2024新款13代酷睿i5 i7性能轻薄本学生笔记本电脑,2589.0,3000元以下,华硕,轻薄本,上海,未知,26.0,博创科技数码品牌店
办公本ASUS华硕破晓Pro15笔记本第11代酷睿i5商务办公学生娱乐轻薄本商用笔记本电脑官方旗舰店1634,1999.0,3000元以下,华硕,轻薄本,江苏,南京,100.0,苏宁易购官方旗舰店
酷睿i72024新款笔记本电脑156英寸轻薄便携商务超薄学生手提办公高配置游戏本女生官方正品独显手提,932.12,3000元以下,其他品牌,轻薄本,广东,深圳,35.0,摆渡者风控专卖店
华硕天选3新款酷睿学生RTX3060商务设计玩家国度i7游戏笔记本电脑,4288.0,3000-5000元,华硕,游戏本,重庆,未知,400.0,墨蓝优品数码商城
Apple苹果笔记本电脑MacBook Air轻薄13寸15寸Pro酷睿i7学生手提,1580.0,3000元以下,苹果,轻薄本,广东,广州,5.0,小油柑数码
2023款Apple苹果 MacBook Pro 16英寸M3Pro笔记本电脑定制M3Max,16499.0,10000-20000元,苹果,其他类型,山东,济南,31.0,九佳正品(Apple)放心店
全新英特尔14代笔记本电脑游戏超薄手提学生办公轻薄便携设计音乐,993.87,3000元以下,其他品牌,轻薄本,广东,深圳,3.0,志成笔记本直销店
Acer宏碁笔记本电脑游戏本i7暗影骑士擎龙4060独显3060学生联想,2687.0,3000元以下,联想,游戏本,广东,深圳,0.0,品牌游戏本直销店
4060独显机械革命极光ProE旷世G16正品学生游戏笔记本电脑i7,3515.0,3000-5000元,机械革命,游戏本,广东,深圳,6.0,品牌游戏本直销店
Lenovo联想小新Air14新款Plus2022酷睿air15轻薄锐龙笔记本电脑,2379.0,3000元以下,联想,轻薄本,江苏,南京,74.0,新起点笔记本数码店
联想ThinkPad X13 X390 X280轻薄便携商务133寸125寸笔记本电脑,1388.0,3000元以下,联想,轻薄本,安徽,合肥,100.0,信达优品笔记本电脑
华硕笔记本电脑独显满血游戏本LOL英雄联盟专用笔记本华硕天选45,5499.0,5000-7000元,华硕,游戏本,广东,广州,7.0,华硕笔记本自营店
Huawei华为 MateBook X Pro新品2024款酷睿 Ultra笔记本电脑,10468.0,10000-20000元,华为,其他类型,北京,未知,2.0,鼎立数码电商
Hasee神舟 战神系列 游戏本TX8Z813代酷睿RTX4060独显游戏电,4499.0,3000-5000元,神舟,游戏本,河南,郑州,100.0,百补笔记本旗官店
Lenovo联想 小新 小新air酷睿13代i5学生游戏办公轻薄笔记本电脑,1838.87,3000元以下,联想,轻薄本,广东,广州,21.0,联正官数码科技
ROG玩家国度冰刃7双屏2024款华硕RTX4090国行正品游戏笔记本电脑,20799.0,20000元以上,华硕,游戏本,上海,未知,15.0,上海电竞自营店
Acer宏碁i7笔记本电脑游戏本暗影骑士擎龙4060独显3060学生联想,2687.0,3000元以下,联想,游戏本,广东,深圳,0.0,品牌游戏本直销店
Acer宏碁 笔记本电脑游戏本 暗影骑士龙学生3060独显4060联想i7,2687.0,3000元以下,联想,游戏本,广东,深圳,0.0,品牌游戏本直销店
2023Apple苹果 MacBook Pro MPXQ2CHA笔记本电脑M2新14寸M1Pro,7558.0,7000-9000元,苹果,其他类型,广东,深圳,10.0,超盈数码
2023新款Apple苹果MacBook Pro 14 16英寸M3笔记本电脑定制,11060.0,10000-20000元,苹果,其他类型,浙江,杭州,6.0,杭州百脑汇宏泰数码实体店
联想小新air14学生轻薄笔记本电脑2024年新款商务办公专用酷睿i57,2492.87,3000元以下,联想,轻薄本,上海,未知,74.0,联想笔记本电脑科技
Apple苹果笔记本电脑MacBookPro13寸15i7办公设计Air超薄学生游戏,1280.87,3000元以下,苹果,游戏本,北京,未知,8.0,信诚数码苹果电脑老店
英特尔N95移动旅行商务办公Jumper中柏EZbook S5 S7 笔记本电脑轻薄本便携手提学生网课商务办公490,1263.87,3000元以下,其他品牌,轻薄本,广东,深圳,300.0,苏宁易购官方旗舰店
Apple苹果MacBook Pro21款M1设计剪辑14寸商务官翻全新笔记本电脑,2701.32,3000元以下,苹果,其他类型,广东,广州,100.0,苹果Mac store官翻企业店
Apple苹果笔记本电脑MacBookProAir超薄轻便携办公设计游戏剪辑,1774.87,3000元以下,苹果,游戏本,广东,佛山,22.0,潮小熊数码企业店
华为MateBook 14s 笔记本电脑 13代酷睿标压处理器轻薄办公本,5999.0,5000-7000元,华为,轻薄本,江苏,苏州,47.0,机革游戏本店
联想ThinkPad thinkbook14 16 2024款AIPC电脑Ultra7锐龙笔记本,3729.0,3000-5000元,联想,其他类型,上海,未知,54.0,ThinkPad国行平价店
英特尔酷睿新款超薄笔记本电脑156英寸高清大屏幕笔记本电脑多功能商务娱乐游戏工作电脑学生学习笔记本,1442.0,3000元以下,其他品牌,游戏本,浙江,杭州,0.0,天天特卖工厂店
荣耀MagicBooK1415X16Pro商务办公学生触控屏2024款笔记本电脑,1889.0,3000元以下,荣耀,其他类型,北京,未知,100.0,阳光数码科技品牌店
荣耀笔记本MagicBookX141516学生轻薄2022新款i5R5R7办公电脑,1888.0,3000元以下,荣耀,轻薄本,湖北,武汉,27.0,翔宇数码商行
2024新品酷睿i9笔记本电脑高配置轻薄本商务办公英特尔便携大学生1416英寸旗舰店官方正品独显手提设计,938.0,3000元以下,其他品牌,轻薄本,广东,深圳,1000.0,钜导旗舰店
Hasee神舟 战神 Z7Z8D6S8T8 PRO RTX4060神舟游戏笔记本电脑,3986.0,3000-5000元,神舟,游戏本,北京,未知,2.0,神舟北京号
官方正品2024新款笔记本电脑4K全面屏16英寸轻薄本便携大学生网课商务办公设计电竞游戏金属手提电脑旗舰,1368.0,3000元以下,其他品牌,轻薄本,广东,深圳,6.0,腾森天汇数码专营店
Huawei华为 笔记本电脑 Matebook,9999.0,9000-10000元,华为,其他类型,山东,菏泽,3.0,鼎颂豪创数码
Apple苹果2023新款14英寸MacBookPro 笔记本电脑M3M3 ProMax,13999.0,10000-20000元,苹果,其他类型,广东,深圳,25.0,极客优选正品店
2024新品Dell戴尔 xps16 9640R2968TS触屏Ultra9笔记本电脑,28500.0,20000元以上,戴尔,其他类型,上海,未知,2.0,戴尔上海批发商
A3 A3 A3 A3外贸新品14寸玫瑰金笔记本电脑J4105轻薄便携式,18314.87,10000-20000元,其他品牌,轻薄本,广东,广州,0.0,微笑数码配件店78
苹果笔记本电脑女生轻薄款MacBookAir办公商务设计学生游戏本Pro,1293.87,3000元以下,苹果,轻薄本,广东,深圳,52.0,闪电本本
Asus华硕无畏14 2024 无畏Pro14高性能14英寸轻薄便携笔记本电脑,3588.0,3000-5000元,华硕,轻薄本,北京,未知,6.0,校园电竞商城
Alienware外星人M16 M18 24年新款电竞游戏笔记本电脑官翻,12799.0,10000-20000元,外星人,游戏本,江苏,南京,32.0,戴尔官翻瑞铭扬折扣店
ROG玩家国度魔霸枪神78Plus超竞版幻X16冰刃7双屏游戏笔记本电脑,20000.0,20000元以上,玩家国度,游戏本,福建,厦门,13.0,极物圈
ThinkPad T480 T480联想T480S T14 T490 i7 游戏笔记本电脑轻薄款,1250.0,3000元以下,联想,轻薄本,广东,广州,25.0,原装高端笔记本电脑批发分销中心
机械革命3060蛟龙游戏笔记本电脑4060极光Pro电竞4050大学生联想,3598.0,3000-5000元,联想,游戏本,广东,深圳,1.0,品牌游戏本直销店
Apple苹果MacBook Air 136英寸2024款 M3芯片笔记本电脑,8999.0,7000-9000元,苹果,其他类型,浙江,杭州,13.0,爱上数码
12期免息联想ThinkPad T16 2023新款酷睿i7 16英寸MX550独显商务办公轻薄便携工程编程设计ibm笔记本电脑,7899.0,7000-9000元,联想,轻薄本,福建,厦门,24.0,thinkpad恒瀚专卖店
荣耀笔记本MagicBookX141516多屏协同全面屏学生轻薄i5新款电脑,2211.87,3000元以下,荣耀,轻薄本,湖北,武汉,100.0,鑫宇科技数码品牌店
Lenovo联想小新Pro14pro16轻薄便携学生办公游戏设计笔记本电脑,3048.0,3000-5000元,联想,轻薄本,上海,未知,300.0,鑫鑫正品数码商行
MECHREVO机械革命 S3 S3 无界14X 14 Pro轻薄办公商务笔记本电脑,3699.0,3000-5000元,机械革命,轻薄本,湖北,武汉,200.0,机革电竞游戏本之家
Lenovo联想 小新 AIR14Pro14Pro16轻薄学生商务办公笔记本电脑,2581.87,3000元以下,联想,轻薄本,湖北,武汉,2.0,鑫宇科技数码品牌店
14寸 13代酷睿i513500H学生商务办公25K轻薄家用12核笔记本电脑,2999.0,3000元以下,其他品牌,轻薄本,广东,佛山,12.0,Saim思门科技企业店
联想小新air1415酷睿版小新16锐龙版学生办公轻薄2024笔记本电脑,2292.87,3000元以下,联想,轻薄本,上海,未知,48.0,联想笔记本电脑科技
联想小新air14 air15学生笔记本电脑轻薄本商务办公用酷睿i7独显6,1792.87,3000元以下,联想,轻薄本,上海,未知,80.0,联想笔记本电脑科技
Xiaomi小米游戏笔记本电脑3060红米Redmi G学生电脑吃鸡4060联想,2677.0,3000元以下,联想,游戏本,广东,深圳,0.0,品牌游戏本直销店
机械革命翼龙15Pro 蛟龙15K 17K 4060正品学生游戏办公笔记本电脑,4199.0,3000-5000元,机械革命,游戏本,浙江,杭州,400.0,机械革命电脑商城
2023新品首发联想ThinkPad P1隐士 Gen6 13代酷睿i7i9 16英寸设计移动图形工作站笔记本电脑RTX4090独显,15799.0,10000-20000元,联想,其他类型,福建,厦门,21.0,thinkpad恒瀚专卖店
1567寸双屏笔记本电脑触摸屏二合一游戏本大学生学习商务办公,1199.0,3000元以下,其他品牌,游戏本,广东,深圳,26.0,吉开鑫电脑企业店
17寸笔记本电脑Dell戴尔Precision7530 图形移动工作7740独显16G,1609.96,3000元以下,戴尔,其他类型,广东,广州,7.0,锐澳数码
华为电脑MateBook D14 13代酷睿商务办公学习笔记本电脑2023款,4399.0,3000-5000元,华为,其他类型,上海,未知,17.0,天猫超市
机械革命无界14Pro锐龙R7无界16Code01指纹轻薄本办公笔记本电脑,2399.0,3000元以下,机械革命,轻薄本,江苏,苏州,71.0,尚品科技电脑商城
Acer宏碁未来 环保版 156英寸酷睿13代i5 EVO认证笔记本电脑,3679.0,3000-5000元,宏碁,其他类型,湖南,长沙,51.0,宏碁电脑商城
MECHREVO机械革命 蛟龙 蛟龙5 蛟龙15K 4050轻薄游戏笔记本电脑,4799.0,3000-5000元,机械革命,轻薄本,湖北,武汉,8.0,机革电竞游戏本之家
Asus华硕笔记本电脑 办公设计编程手提电脑轻薄家用i7大型游戏本,1014.87,3000元以下,华硕,轻薄本,广东,广州,67.0,铠龙数码
联想授权lenovo联想小新1416 24款 141516英寸轻薄本笔记本电脑大屏学习娱乐办公大学生电脑,4699.0,3000-5000元,联想,轻薄本,北京,未知,26.0,联想授权专营店
联想授权联想小新Pro14Pro16 AI锐龙版R7处理器笔记本电脑商务办公学习网课轻薄本,5699.0,5000-7000元,联想,轻薄本,北京,未知,2.0,联想授权专营店
ThinkPad联想高性能游戏创作本ThinkBook 16p 14代英特尔酷睿32K高清分辨率165Hz高刷屏DCIP3超高屏幕色域,10299.0,10000-20000元,联想,游戏本,北京,未知,6.0,来酷智生活旗舰店
官方直营联想拯救者R9000P 锐龙R97945HX处理器 RTX4060显卡 240Hz刷新率游戏本电竞学习办公笔记本电脑,11199.0,10000-20000元,联想,游戏本,北京,未知,4000.0,来酷智生活旗舰店
超级桶荣耀MagicBook Pro 16笔记本电脑电脑包鼠标,9267.0,9000-10000元,荣耀,其他类型,上海,未知,36.0,天猫超市
新品2024款华为MateBook D16高能版笔记本电脑13代英特尔酷睿i7大屏16英寸i9护眼屏轻薄办公学生正品电脑,4999.0,3000-5000元,华为,轻薄本,福建,厦门,28.0,华为美好向往专卖店
2024新品14代酷睿i9英特尔笔记本电脑轻薄超清IPS屏学生手提1416英寸官方旗舰店正品微软办公游戏设计,938.0,3000元以下,微软,轻薄本,广东,深圳,11.0,钜导旗舰店
华硕天选5pro 2024酷睿14代i9锐龙版4070学生游戏笔记本电脑4060,6899.0,5000-7000元,华硕,游戏本,重庆,未知,5.0,品牌电脑优惠商城
2024新款冰魂白大学生笔记本电脑游戏本RTX40604050独显12代酷睿i7电竞本设计ps编程专用,5999.0,5000-7000元,其他品牌,游戏本,广东,深圳,1000.0,七彩虹爱尔轩专卖店
英特尔新品2024酷睿i7笔记本电脑GTX1060独显轻薄便携学生超薄办公设计CAD直播绘图商务官方正品游戏大屏手提,932.12,3000元以下,其他品牌,轻薄本,广东,深圳,2.0,奈我旗舰店
华为matebook16s 笔记本电脑13代酷睿i5i7标压处理器全面屏触控16英寸商务办公便携学习轻薄本,6299.0,5000-7000元,华为,轻薄本,广东,深圳,100.0,华为千百回专卖店
华硕无畏Pro15 2024 AI高性能超轻薄156英寸笔记本电脑锐龙R7,5499.0,5000-7000元,华硕,轻薄本,浙江,湖州,100.0,嘉华数码商城
雷神笔记本电脑911TMT电竞笔记本电脑游戏本酷睿i5i713620HRTX40504060笔记本满血独显直连苏宁易购1484,4899.0,3000-5000元,雷神,游戏本,上海,未知,37.0,苏宁易购官方旗舰店
全新官方爆款推荐七彩虹笔记本电脑RTX4060满血独显直连 学生设计师ps电竞游戏本2024手提电脑官方旗舰店,4799.0,3000-5000元,其他品牌,游戏本,广东,深圳,100.0,七彩虹爱尔轩专卖店
Lenovo联想拯救者R7000P 锐龙4060学生电竞笔记本电脑游戏本,6699.0,5000-7000元,联想,游戏本,河南,郑州,100.0,品牌笔记本电脑自营店
Lenovo联想 拯救者 R7000 锐龙版 2023款 游戏本设计 笔记本电脑,6369.0,5000-7000元,联想,游戏本,浙江,杭州,2.0,拯救者游戏本店
百亿补贴机械革命旷世G16Pro酷睿i9HX 406070游戏笔记本电脑,8299.0,7000-9000元,机械革命,游戏本,江苏,无锡,300.0,机械革命电脑店
HP惠普暗影精灵910SLIM 电竞本办公白色暗夜游戏本笔记本电脑,5999.0,5000-7000元,惠普,游戏本,北京,未知,30.0,惠普笔记本电脑商城
荣耀MagicBook X14X16 Pro 2023新款 笔记本电脑酷睿13代轻薄便携商务办公大屏学生游戏手提本,3699.0,3000-5000元,荣耀,轻薄本,上海,未知,8.0,壮学数码专营店
2024年新款156英寸笔记本轻薄办公手提商务轻薄便携大学生高配置游戏个人女生4K绘图设计本电脑官方正品,1139.05,3000元以下,其他品牌,轻薄本,浙江,杭州,3.0,天天特卖工厂店
华硕天选5 Pro天选43酷睿i9 407060学生电竞游戏笔记本电脑2024,4289.0,3000-5000元,华硕,游戏本,江西,南昌,21.0,海威数码科技品牌店
雷神猎刃15 13代酷睿i7HX RTX4060独显游戏电竞本学生笔记本电脑,6299.0,5000-7000元,雷神,游戏本,北京,未知,80.0,雷神电脑授权店
华硕灵耀14 英特尔酷睿i9超轻薄商务办公笔记本电脑,6299.0,5000-7000元,华硕,轻薄本,上海,未知,6.0,天猫超市
二手笔记本电脑Dell戴尔Precision5530图形工作站5540独显15寸4K,1829.2,3000元以下,戴尔,其他类型,广东,广州,100.0,广州珍品电脑商城
2024款英特尔酷睿i7轻薄便携32g金属笔记本电脑大学生超薄商务办公学习设计游戏本官方手提电脑全新大屏,1120.0,3000元以下,其他品牌,轻薄本,浙江,杭州,7.0,天天特卖工厂店
Dell戴尔 灵越 INS13PRO 5330 Ultra 5 7超薄便携笔记本电脑,4393.87,3000-5000元,戴尔,其他类型,上海,未知,6.0,上海数码实体店
华为MateBook 1414S  酷睿Ultra触控28K屏 2024新款笔记本电脑,4868.0,3000-5000元,华为,其他类型,北京,未知,11.0,北京聚力电商
Dell戴尔Latitude I7电竞高刷游戏本轻薄商务办公笔记本电脑,882.87,3000元以下,戴尔,轻薄本,广东,惠州,17.0,果粉笔记本中心
七彩虹将星x1517隐星P1516满血4060酷睿i57学生游戏笔记本电脑,3599.0,3000-5000元,其他品牌,游戏本,上海,未知,9.0,博创科技数码品牌店
雷神猎刃15 2024款16 911x猎荒者I713650hx 4060独显25K游戏电脑,5399.0,5000-7000元,雷神,游戏本,四川,成都,31.0,成都笔记本商城
Apple苹果 MacBook pro 14寸 16寸 M3 pro M3 max 笔记本电脑,10900.0,10000-20000元,苹果,其他类型,广东,广州,19.0,广州意尔泊数码经营店
机械革命 极光proE旷世G16pro蛟龙16pro游戏本笔记本电脑RTX4060,4290.0,3000-5000元,机械革命,游戏本,江西,南昌,23.0,京夕数码店
2023新款HP惠普星Bookplus15笔记本电脑13代英特尔便携学生办公,6199.0,5000-7000元,惠普,其他类型,上海,未知,84.0,天猫超市
Huawei华为 MateBook 14s 25k触屏商务设计轻薄笔记本电脑13代,5899.0,5000-7000元,华为,轻薄本,福建,漳州,35.0,一行电脑
华硕无畏1516   13代酷睿i5标压 156英寸轻薄便携大屏高性能学习办公笔记本电脑苏宁易购官方旗舰店 114,4299.0,3000-5000元,华硕,轻薄本,江苏,南京,48.0,苏宁易购官方旗舰店
联想ThinkBook 16p 2023款 酷睿i5 i9 RTX4060轻薄游戏笔记本电脑,7378.0,7000-9000元,联想,轻薄本,北京,未知,7.0,笔记本直销店铺
自营Acer宏碁 非凡Go Fun 16英寸IPS全高清防眩光轻薄本教育办公笔记本电脑英特尔四核N100 180度开合,1999.0,3000元以下,宏碁,轻薄本,浙江,杭州,76.0,喵速达电器官方旗舰店
Lenovo联想 小新 Pro16Pro14游戏办公2023设计轻薄i7笔记本电脑,2098.0,3000元以下,联想,轻薄本,上海,未知,18.0,正品游戏本特卖店
华硕笔记本电脑 超薄大型游戏本 高清办公手电脑i7学生便携家用,1184.87,3000元以下,华硕,游戏本,广东,广州,19.0,优硕数码产品店
宁美国度CRL205笔记本电脑轻薄本14英寸11代酷睿便携手提电脑高性能大学生商务办公娱乐游戏女士,2099.0,3000元以下,玩家国度,轻薄本,湖北,武汉,35.0,宁美官方旗舰店
双屏笔记本电脑英特尔创意设计绘图二合一触屏商务办公轻薄高性能学生游戏本便捷手提电脑官方正品旗舰店,2132.87,3000元以下,其他品牌,轻薄本,广东,深圳,73.0,家友数码通讯专营店
联想Thinkbook16 酷睿i5i7锐龙游戏办公剪辑设计画图笔记本电脑,3349.0,3000-5000元,联想,游戏本,四川,成都,61.0,正品电脑商城
Lenovo联想 小新 Pro16锐龙游戏本小新pro14学生轻薄笔记本电脑,3062.87,3000-5000元,联想,轻薄本,浙江,宁波,26.0,联想康恒数码
2024新款英特尔手提笔记本电脑轻薄便携商务办公设计游戏指纹解锁,802.87,3000元以下,其他品牌,轻薄本,广东,深圳,12.0,ReaimX笔记本电脑正品店
Lenovo联想 小新pro1614轻薄游戏本2023学生商务性能笔记本电脑,2330.0,3000元以下,联想,轻薄本,江西,南昌,200.0,品牌电脑商行top店
Xiaomi小米Redmi Book 14寸2024款红米16英寸办公轻薄笔记本电脑,3079.0,3000-5000元,小米,轻薄本,湖北,武汉,100.0,米粉数码科技
Lenovo联想 Yoga Pro 14S 22款145英寸商务游戏设计笔记本电脑,1800.0,3000元以下,联想,游戏本,广东,深圳,38.0,云忆数码科技
雷神ZERO大黄蜂2024酷睿14代独显满血RTX4070电竞游戏笔记本电脑,9988.0,9000-10000元,雷神,游戏本,上海,未知,19.0,Thunderobot游戏本
24期免息微星MSI 刃影1617  2024 14代i7游戏笔记本  RTX4060独显直连25K240Hz 全能游戏本电脑,9399.0,9000-10000元,其他品牌,游戏本,上海,未知,8.0,微星游戏本旗舰店
UNIS紫光 UltiBook 极14英寸28K屏轻薄笔记本电脑酷睿13代i713620H商务办公家用女学生学习便携笔记本电脑,3798.3,3000-5000元,其他品牌,轻薄本,北京,未知,15.0,紫光天恩志兴专卖店
2024新品酷睿i7笔记本电脑独显电竞游戏本官方办公手提大学生设计CAD绘图3D建模适用于华硕华为联想鼠标,2232.87,3000元以下,联想,游戏本,广东,深圳,100.0,家友数码通讯专营店
Acer宏碁 掠夺者擎Neo 酷睿i5i9HX 高性能游戏笔记本电脑独显,6049.0,5000-7000元,宏碁,游戏本,湖南,长沙,900.0,宏碁电脑商城
ROG玩家国度幻16翻转版星空版2023款4060华硕4070显卡笔记本电脑,9988.0,9000-10000元,华硕,其他类型,北京,未知,24.0,华硕游戏笔记本自营店
微星官方旗舰店正品18英寸4K大屏泰坦18Ultrapro游戏笔记本电脑i9处理器满血4090显卡电竞游戏吃鸡游戏本,20999.75,20000元以上,其他品牌,游戏本,浙江,杭州,9.0,微星旗舰店
Dell戴尔 商务本 14寸 5410 5401 5400 5490 轻薄办公笔记本电脑,900.0,3000元以下,戴尔,轻薄本,广东,广州,4.0,鹏琴本本
2022款Apple苹果 MacBook Pro M1 M2 14 16英寸笔记本电脑定制,10299.0,10000-20000元,苹果,其他类型,浙江,杭州,61.0,浙江苹果源销售服务中心
2024新品英特尔酷睿i7ReaimX Book笔记本电脑轻薄便携大学生商务办公设计独显电竞游戏官方旗舰正品手提,1108.0,3000元以下,其他品牌,轻薄本,广东,深圳,3.0,reaimx旗舰店
机械师T58v笔记本电脑i7i5手提游戏f117商务设计全能办公本4060,3383.87,3000-5000元,机械革命,游戏本,广东,广州,4.0,艾克数码商城
ROG枪神8  8Plus i914900HX星云屏 超竞版 电竞游戏本笔记本电脑,11399.0,10000-20000元,玩家国度,游戏本,广东,广州,15.0,天函数码科技
Dell戴尔 笔记本电脑 5580 5531 5501 5510 15寸高端商务办公本,1128.0,3000元以下,戴尔,其他类型,广东,广州,15.0,一品惠数码
原装东芝笔记本电脑 X30 轻薄 7代i5 IPS屏 13寸 商务办公超极本,798.0,3000元以下,其他品牌,轻薄本,广东,广州,46.0,广州极奥(GL)笔记本企业店
Lenovo联想 拯救者 Y9000P 2024款16英寸电竞游戏笔记本电脑,10999.0,10000-20000元,联想,游戏本,北京,未知,5.0,笔记本电脑大卖场店
Huawei华为笔记本电脑Matebook1314全面屏学生商务触屏i5i7新款,2792.87,3000元以下,华为,其他类型,湖南,长沙,79.0,爱美创科技数码
华为笔记本电脑MateBookD16SE D14轻薄本商务办公学习电竞游戏本,1139.0,3000元以下,华为,轻薄本,广东,深圳,11.0,远航数码商城
ASUS华硕无畏Pro16 12代英特尔酷睿i5标压轻薄游戏本25K屏120Hz RTX3050笔记本电脑官方旗舰店1634,3999.0,3000-5000元,华硕,轻薄本,江苏,南京,37.0,苏宁易购官方旗舰店
百亿补贴  ThinkPad联想ThinkBook16 16英寸商务办公笔记本电脑,4999.0,3000-5000元,联想,其他类型,福建,厦门,91.0,ThinkBook企业店
Hasee神舟 战神 GX8 T8D93E94 RTX4070 T8 PLUS直连笔记本电脑,5488.0,5000-7000元,神舟,其他类型,北京,未知,10.0,神舟静鑫恒晟专卖店
6G独显i9游戏本酷睿i912900HRTX3060笔记本电脑官方正品英特尔16寸超清屏4K电竞设计轻薄办公商务本,1198.0,3000元以下,其他品牌,轻薄本,广东,深圳,1000.0,帕米仕旗舰店
24新款HP惠普 ProBook 440460 G11 酷睿1416英寸轻薄笔记本电脑  商务办公学生女生网课手提轻薄电脑,4899.0,3000-5000元,惠普,轻薄本,广东,广州,17.0,HP惠普商用旗舰店
小米红米笔记本RedmiBookPro1416酷睿Ultra57办公学生游戏电脑,2689.0,3000元以下,小米,游戏本,江西,南昌,23.0,海威数码科技品牌店
2024全新i9独显笔记本电脑官方正品英特尔酷睿i7轻薄本便携手提大学生商务办公学习设计剪辑高性能电竞游戏本,1199.0,3000元以下,其他品牌,轻薄本,广东,深圳,200.0,帕米仕旗舰店
华为MateBook 1414sD14 28K触摸屏酷睿UItra7轻薄AI笔记本电脑,3979.0,3000-5000元,华为,轻薄本,北京,未知,27.0,欣欣然数码科技
华硕无畏14pro无畏15pro16 2024新12代i5轻薄商务笔记本电脑学生,3169.0,3000-5000元,华硕,轻薄本,上海,未知,200.0,上海电竞自营店
华硕a豆14 Air 高颜AI 高性能超轻薄商务女生办公学生笔记本电脑,3349.0,3000-5000元,华硕,轻薄本,上海,未知,100.0,Asus华硕笔记本自营商城
爆款推荐HP惠普暗影精灵9 光影精灵98 暗夜精灵9可选13代酷睿i9 RTX4060学生设计RTX4070游戏笔记本电脑,4799.0,3000-5000元,惠普,游戏本,山东,青岛,67.0,惠普酷灏专卖店
2024新品机械革命耀世15 Pro 153英寸电竞屏14代酷睿i7 RTX4060轻薄办公学生设计师手提游戏笔记本电脑,7699.0,7000-9000元,机械革命,轻薄本,江苏,苏州,14.0,机械革命赛驰专卖店
新品HP惠普暗影精灵9光影精灵913代酷睿i9HXRTX4060学生高性能设计渲染电竞游戏笔记本电脑官方正品,5799.0,5000-7000元,惠普,游戏本,山东,青岛,1000.0,惠普酷灏专卖店
HP惠普暗影精灵10 暗影暗夜精灵9 14代酷睿i7可选RTX4080 165HZ 25K学生电竞吃鸡游戏本笔记本电脑,6499.0,5000-7000元,惠普,游戏本,湖北,武汉,100.0,惠普永盛昌源专卖店
笔记本电脑独显显卡打游戏专用金属手提本英特尔酷睿i7处理器竞技,2199.0,3000元以下,其他品牌,游戏本,广东,深圳,4.0,锐龙笔记本电脑品牌店
新品华为MateBook 14 2024新款华为笔记本电脑酷睿UItra学生商务办公手提便携轻薄本官方旗舰店官网正品,6499.0,5000-7000元,华为,轻薄本,安徽,滁州,8.0,华为千冠专卖店
Lenovo联想 拯救者R9000P 2023 R9 7945HXRTX4060笔记本电脑,4649.0,3000-5000元,联想,其他类型,江西,南昌,35.0,Lenovo联想电脑直供店
24期免息华硕无畏16 英特尔酷睿i5标压护眼大屏轻薄本学生办公商务本笔记本电脑苏宁易购官方旗舰店1634,4399.0,3000-5000元,华硕,轻薄本,江苏,南京,27.0,苏宁易购官方旗舰店
2024新品惠普星bookpro16 13代酷睿i5英特尔evo电脑笔记本 办公25k屏 120Hz轻薄便携学生官方旗舰店正品,4499.0,3000-5000元,惠普,轻薄本,河南,郑州,19.0,hp惠普照奕专卖店
全新156寸双屏手写触控笔记本电脑商务办公设计学生触屏上网本,1227.87,3000元以下,其他品牌,其他类型,广东,广州,5.0,电脑一体机工厂企业店
Asus华硕无畏16Pro15 Pro14新款i9轻薄学生办公游戏笔记本电脑i7,1773.87,3000元以下,华硕,轻薄本,广东,广州,100.0,实干电脑
华硕无畏14pro无畏pro15 16 4060独显13代i5轻薄学生笔记本电脑,3148.0,3000-5000元,华硕,轻薄本,上海,未知,100.0,天选电竞笔记本商城
Lenovo联想拯救者G5000 2024游戏本笔记本电脑156英寸14核酷睿i7专业非Y7000电竞本r 拯救者苏宁易购3598,6699.0,5000-7000元,联想,游戏本,江苏,南京,3.0,苏宁易购官方旗舰店
Apple苹果 MacBook Air 系列笔记本电脑133寸8核M1芯片2020款 笔记本电脑官方旗舰店3589,5399.0,5000-7000元,苹果,其他类型,北京,未知,14.0,苏宁易购官方旗舰店
英特尔酷睿i72024新款英特尔笔记本电脑轻薄便携商务办公设计高端电竞独显游戏本官方正品旗舰店大学生,1292.87,3000元以下,其他品牌,轻薄本,广东,深圳,300.0,虹舟旗舰店
华硕 无畏PRO15i 13代酷睿i5学生轻薄商务设计办公手提笔记本电脑,2943.87,3000元以下,华硕,轻薄本,江西,南昌,5.0,京夕数码店
Lenovo联想 拯救者 R9000P 2023款 冰魄白 4060显卡 笔记本电脑,8999.0,7000-9000元,联想,其他类型,江苏,南京,20.0,联想笔记本特惠商城
Xiaomi小米RedmiBook Pro 14156寸锐龙2023款i7红米笔记本电脑,3079.0,3000-5000元,小米,其他类型,浙江,杭州,33.0,米粉数码科技
女生款华硕a豆14 Pro 高颜值办公超轻薄本学生设计笔记本电脑,2949.0,3000元以下,华硕,轻薄本,江苏,南京,31.0,官企笔记本电脑商城
Dell戴尔 Latitude E7490笔记本电脑游戏本高配置轻薄办公学生用,1343.87,3000元以下,戴尔,轻薄本,广东,深圳,15.0,雅硕数码
机械革命耀世15pro 独显RTX4060 满血140W学生游戏轻薄笔记本电脑,7699.0,7000-9000元,机械革命,轻薄本,湖北,武汉,24.0,武汉港边商贸游戏本
联想小新Pro16锐龙R7 8845H 2024 AI元启16英寸高色域轻薄商务本办公网课学生学习设计师PS游戏笔记本电脑559,5999.0,5000-7000元,联想,轻薄本,江苏,南京,3.0,苏宁易购官方旗舰店
Dell戴尔G15G16 吃鸡游戏本 学生办公i7笔记本电脑4060独显直连,3449.0,3000-5000元,戴尔,游戏本,江西,南昌,3.0,星星电脑品牌优惠店
3060机械革命极光proz蛟龙15K16K蛟龙57游戏4060笔记本电脑2023,3598.0,3000-5000元,机械革命,游戏本,广东,深圳,0.0,品牌游戏本直销店
华硕飞行堡垒游戏笔记本3060电脑玩家国度ROG天选4060联想拯救者,2180.0,3000元以下,联想,游戏本,广东,深圳,0.0,品牌游戏本直销店
Asus华硕顽石E510超强四核156大屏幕学生网课商务办公长续航轻薄手提笔记本电脑,2099.0,3000元以下,华硕,轻薄本,四川,成都,5.0,华硕九鑫专卖店
2024英特尔独显酷睿i7笔记本电脑全新25K超清屏165HZ商务办公学习网课手提高端电竞游戏本官方旗舰正品,998.0,3000元以下,其他品牌,游戏本,广东,深圳,10000.0,UIG旗舰店
顺丰包邮新款 Apple苹果 MacBook Air 153英寸笔记本电脑 M3芯片专业设计剪辑视频学生出差轻薄手提本,9954.05,9000-10000元,苹果,轻薄本,上海,未知,6.0,乐自由数码专营店
新款机械革命极光proE旷世G16蛟龙15K游戏本4060笔记本电脑3060,3598.0,3000-5000元,机械革命,游戏本,广东,深圳,0.0,品牌游戏本直销店
Lenovo联想小新 Air14 11代15笔记本电脑pro16轻薄便携办公学习,1293.87,3000元以下,联想,轻薄本,湖北,武汉,11.0,联想笔记本品牌店
联想小新Air14 Air15新品笔记本电脑大学生酷睿i7轻薄本商务办公,3399.0,3000-5000元,联想,轻薄本,北京,未知,600.0,弘鑫数码品牌店
Lenovo联想 拯救者 R9000P2023冰魄白RTX4060电竞游戏笔记本电脑,7968.0,7000-9000元,联想,游戏本,北京,未知,11.0,拯救者官企店
24款25K高清屏R75700笔记本电脑游戏本办公超薄手提学生高配置,1303.87,3000元以下,其他品牌,游戏本,广东,深圳,5.0,人手一本数码
联想小新pro14锐龙版小新pro16寸2024新款学生轻薄办公笔记本电脑,2852.87,3000元以下,联想,轻薄本,湖南,长沙,51.0,飞扬电脑科技
MECHREVO机械革命 极光 Pro2024款旷世g16pro耀世15pro4060电脑,3899.0,3000-5000元,机械革命,其他类型,四川,成都,33.0,成都笔记本商城
华硕游戏本笔记本电脑3060玩家国度ROG电竞i7天选4060联想拯救者,2180.0,3000元以下,联想,游戏本,广东,深圳,0.0,品牌游戏本直销店
2021新款MacBookPro13寸M1超薄手提办公学生15寸i7苹果笔记本电脑,1992.87,3000元以下,苹果,其他类型,广东,广州,100.0,Mac优品数码
华为笔记本电脑Matebook14 D16SE轻薄本商务办公学习ps电竞超极本,1239.0,3000元以下,华为,轻薄本,广东,深圳,4.0,鑫鑫数码电脑城
机械革命极光E I512450H RTX4050轻薄电竞游戏笔记本电脑,5199.0,5000-7000元,机械革命,轻薄本,上海,未知,4.0,机械革命笔记本数码店
联想小新Pro16Air14Plus轻薄办公学生电竞游戏2022新款笔记本电脑,2031.0,3000元以下,联想,轻薄本,湖北,武汉,100.0,华艺数码商行
华硕破晓Pro1415轻薄商务商用办公学生手提设计游戏笔记本电脑,2799.0,3000元以下,华硕,轻薄本,江苏,南京,1.0,电脑正品商城
戴尔14英寸12代标压RTX30系独显高性能轻薄本3d设计师绘图专用本,4599.85,3000-5000元,戴尔,轻薄本,四川,成都,79.0,戴尔宏智乐欣专卖店
Lenovo联想 小新 Pro1416小新AIR新款学生轻薄游戏i5笔记本电脑,2305.0,3000元以下,联想,轻薄本,湖北,武汉,100.0,华艺数码商行
机械革命 深海幽灵 Z2Air酷睿i7 RTX30503060电竞游戏笔记本电脑,1597.73,3000元以下,机械革命,游戏本,广东,广州,100.0,百创数码科技
HP惠普 星14S 青春版Pro14星book办公女学生商用轻薄笔记本电脑,1792.87,3000元以下,惠普,轻薄本,上海,未知,60.0,鑫皓科技品牌电脑店
华为HUAWEI MateBook 14 酷睿Ultra笔记本电脑 28K OLED触控手写屏 轻薄灵动机身学生办公官方旗舰店3577,6849.0,5000-7000元,华为,轻薄本,江苏,南京,10.0,苏宁易购官方旗舰店
Asus华硕灵耀14 X13新款2024酷睿ultra轻薄商务办公笔记本电脑,4699.0,3000-5000元,华硕,轻薄本,湖北,武汉,400.0,华中华硕电脑商城
荣耀笔记本Magicbook 14英寸 2023新款13代酷睿i5轻薄笔记本电脑手提便携办公大学生办公电脑游戏,4499.0,3000-5000元,荣耀,轻薄本,广东,深圳,300.0,荣耀宏百纳专卖店
自营戴尔DELL笔记本电脑 灵越3530 156英寸轻薄本商务办公本戴尔5620 轻薄学习本3000系列,3089.0,3000-5000元,戴尔,轻薄本,浙江,杭州,6.0,天猫国际自营全球超级店
机械革命 X3S x3s 旷世16 G16 Pro 2024款4060游戏笔记本电脑,5799.0,5000-7000元,机械革命,游戏本,湖北,武汉,31.0,机革电竞游戏本之家
Asus华硕天选5Pro 16英寸游戏笔记本电脑,8299.0,7000-9000元,华硕,游戏本,浙江,杭州,200.0,东南电脑线上店
2024新品英特尔笔记本电脑便携学生办公轻薄本商务家用手提游戏本,1393.87,3000元以下,其他品牌,轻薄本,广东,广州,48.0,深圳科技电器城
全新正品小米Redmi Book 15E英特尔酷睿i711390H标压处理器高清大屏轻薄本笔记本电脑,3199.0,3000-5000元,小米,轻薄本,北京,未知,200.0,小米阳光雨尉专卖店
机械革命无界14  高色域 高刷学生轻薄办公游戏商务本笔记本电脑,4299.0,3000-5000元,机械革命,轻薄本,江苏,南京,200.0,百亿数码电脑
dell戴尔G15 5530  13代酷睿i5 i7满血4050独显游戏新游匣电竞学生商务办公设计师PS修图AI剪辑笔记本电脑,6099.35,5000-7000元,戴尔,游戏本,湖北,武汉,100.0,戴尔蓝之新专卖店
菜鸟仓极速发货机械革命蛟龙16Q极光S RTX4060轻薄办公学生设计师游戏笔记本电脑,5399.0,5000-7000元,机械革命,轻薄本,湖北,武汉,500.0,机械革命联科世纪专卖店
联想拯救者Y7000P R9000P Y9000P学生设计电竞游戏本笔记本电脑,1949.0,3000元以下,联想,游戏本,上海,未知,56.0,品牌电竞本店
Lenovo联想 拯救者 Y9000P R9000PY7000P学生2024游戏笔记本电脑,6599.0,5000-7000元,联想,游戏本,江苏,南京,36.0,电竞游戏本自营店
新品首发Dell戴尔 灵越7640 16Plus16英寸Ultra酷睿i7高性能创作本3K轻薄设计笔记本电脑旗舰成就7630,4993.87,3000-5000元,戴尔,轻薄本,江苏,南京,32.0,dell戴尔戴鑫专卖店
华硕灵耀Pro16 锐龙版16英寸120Hz高刷屏学生游戏设计轻薄笔记本电脑,4193.87,3000-5000元,华硕,轻薄本,江苏,南京,7.0,华硕星爱硕专卖店
全新Alienware外星人M18R2 R1美行游戏本RTX4090笔记本X16R2电脑,22498.0,20000元以上,外星人,游戏本,广东,深圳,38.0,野原数码代购
2024爆款HP惠普 星Book1415 锐龙R5R7酷睿i5i7女学生办公轻薄便携手提笔记本电脑官方旗舰店正品官网,2798.0,3000元以下,惠普,轻薄本,山东,青岛,400.0,惠普酷灏专卖店
Acer宏碁传奇Edge 锐龙R7 6800 16英寸4K OLED屏高性能高端颜值商务办公轻薄便携本宏基手提笔记本电脑,4359.0,3000-5000元,宏碁,轻薄本,浙江,杭州,6.0,喵速达电器官方旗舰店
Dell戴尔 灵越15pro轻薄便捷笔记本电脑学生手提全能本绘图设计本官网网课游戏商务高性能PS修图剪辑CAD画图,3493.87,3000-5000元,戴尔,轻薄本,江苏,南京,17.0,dell戴尔戴鑫专卖店
Apple苹果  MacBook Air 153英寸  M2芯片2023款笔记本电脑设计,9999.0,9000-10000元,苹果,其他类型,广东,深圳,100.0,起浪科技数码
Microsoft微软Surface Pro 9 13英寸平板电脑二合一win11笔记本商务触屏电脑,7882.87,7000-9000元,微软,二合一笔记本,上海,未知,9.0,微软中国官方旗舰店
华为MateBook 13s i512500H 134英寸轻薄办公笔记本电脑,5299.0,5000-7000元,华为,轻薄本,河南,郑州,82.0,d[s61774345]
2024新品机械革命 蛟龙16 Pro AMD锐龙R77745HX RTX4060轻薄学生设计师手提游戏笔记本电脑,6499.0,5000-7000元,机械革命,轻薄本,湖北,武汉,96.0,机械革命联科世纪专卖店
Asus华硕a豆14 Proair 2024轻薄锐龙酷睿商办公学生笔记本电脑,3298.0,3000-5000元,华硕,轻薄本,北京,未知,200.0,薇薇娜数码商城
自营华硕无畏16 2023 13代酷睿i5标压16英寸护眼大屏轻薄本学生办公商务本笔记本电脑官方旗舰店,3899.0,3000-5000元,华硕,轻薄本,浙江,杭州,18.0,天猫国际自营全球超级店
华硕无畏Pro15 标压处理器 超轻薄游戏笔记本 156英寸商务办公笔记本电脑苏宁易购官方旗舰店1634,4999.0,3000-5000元,华硕,轻薄本,江苏,南京,7.0,苏宁易购官方旗舰店
Xiaomi小米Redmi G游戏本2024新款16英寸学生吃鸡电竞笔记本电脑,3888.0,3000-5000元,小米,游戏本,湖北,武汉,15.0,华艺数码商行
华硕笔记本电脑adolbook轻薄便携商务办公女大生学生a豆14无畏15,1688.0,3000元以下,华硕,轻薄本,湖北,武汉,14.0,品牌笔记本专门店
华为笔记本MateBook16S14S 2024华为笔记本电脑13代酷睿i5i7i9触屏游戏本官方旗舰店正品现货轻薄本电脑,4899.0,3000-5000元,华为,轻薄本,北京,未知,58.0,华为宏威科锐专卖店
赠鼠标6期免息华为MateBook D14轻薄笔记本电脑2024新款办公便携学生手提商务全面屏官方授权店旗舰正品,4099.0,3000-5000元,华为,轻薄本,广东,深圳,5.0,华为智慧生活专卖店
英特尔2024款触摸屏金属笔记本电脑平板二合一轻薄便携大学生商务办公工作设计绘图官方正品手提电脑,2388.0,3000元以下,其他品牌,轻薄本,广东,深圳,100.0,daysky旗舰店
华硕天选5 PRO 2024款plus 酷睿 锐龙版 4060 4070游戏笔记本电脑,7099.0,7000-9000元,华硕,游戏本,北京,未知,200.0,甄选电竞数码商城
自营DELL戴尔游匣G16 13代英特尔酷睿i9 16英寸游戏本笔记本电脑4060独显学生办公手提电竞本外星人7630,10299.0,10000-20000元,戴尔,游戏本,浙江,杭州,11.0,天猫国际自营全球超级店
2023新品HP惠普星Book14 13代英特尔笔记本电脑轻薄便携学生办公,4499.0,3000-5000元,惠普,轻薄本,上海,未知,100.0,天猫超市
爆款HP惠普星BookPro14 轻薄便携学生办公设计轻薄笔记本电脑,2069.0,3000元以下,惠普,轻薄本,江西,南昌,31.0,星星电脑品牌优惠店
联想ThinkBook 14 13代英特尔酷睿i5i7 14英寸轻薄商务办公学习学生网课游戏笔记本电脑官方旗舰店865,4299.0,3000-5000元,联想,轻薄本,江苏,南京,31.0,苏宁易购官方旗舰店
24期免息DELL戴尔灵越13Pro独显133英寸13代英特尔酷睿i5超薄办公商务手提5330女生25k粉色笔记本电脑,4699.0,3000-5000元,戴尔,其他类型,福建,厦门,32.0,戴尔力持专卖店
Dell戴尔 笔记本电脑 轻薄本11代,899.0,3000元以下,戴尔,轻薄本,广东,广州,200.0,锶鸿电子 二手笔记本
Acer宏碁 非凡Go Fun 新16英寸IPS全高清防眩光轻薄本手提笔记本,1679.0,3000元以下,宏碁,轻薄本,湖南,长沙,29.0,宏碁电脑商城
2024新款HP惠普战系列七代14英寸酷睿Ultra处理器轻薄笔记本电脑商务办公25K高色域120Hz独显学生275,4299.0,3000-5000元,惠普,轻薄本,江苏,南京,1.0,苏宁易购官方旗舰店
Hasee神舟 战神 TX9游戏本独显6G吃鸡4060笔记本电脑i7 RTX3060,1092.6,3000元以下,神舟,游戏本,北京,未知,300.0,仟维数码科技
13代酷睿机械师创物者16 英特尔13代酷睿i913900H轻薄本100sRGB色域长续航商务办公笔记本电脑学生便携,4999.0,3000-5000元,机械革命,轻薄本,广东,广州,76.0,machenike旗舰店
Xiaomi小米 Redmi G 游戏本i7学生吃鸡3060电竞i5笔记本电脑16寸,2640.0,3000元以下,小米,游戏本,广东,深圳,60.0,品牌游戏本直销店
4060神舟战神Z8游戏本3060独显S8笔记本电脑4050吃鸡3070联想i7,2272.0,3000元以下,联想,游戏本,广东,深圳,0.0,品牌游戏本直销店
2024新品i9独显笔记本电脑轻薄便携英特尔酷睿i7高端电竞游戏三维建模渲染设计本大学生商务办公官方正品,917.04,3000元以下,其他品牌,轻薄本,广东,深圳,6000.0,HUAV裕腾专卖店
Lenovo联想 拯救者 R9000PY7000Y9000P 3060笔记本电脑游戏本,1899.0,3000元以下,联想,游戏本,重庆,未知,4.0,民鑫电脑
Apple苹果 MacBook Pro 13寸15寸笔记本电脑i7 i9设计办公14寸M2,1899.0,3000元以下,苹果,其他类型,北京,未知,90.0,橙子数码优品店
机械师T58V轻薄设计办公F117吃鸡i5i7游戏本电竞3060笔记本电脑,1246.87,3000元以下,机械革命,轻薄本,广东,广州,58.0,广州烽火数码商城
Apple苹果MacBookPro笔记本电脑Air超轻薄i5 办公设计学生游戏i7,1482.87,3000元以下,苹果,轻薄本,广东,深圳,96.0,13年老店麦克布苹果电脑
联想小新Air14plus锐龙版小新Air15酷睿版轻薄办公学习笔记本电脑,2228.0,3000元以下,联想,轻薄本,湖南,长沙,400.0,联想正品联保商行
Lenovo联想 YOGAPro14S 14C商务145英寸3K屏轻薄R7R9笔记本电脑,2999.0,3000元以下,联想,轻薄本,江苏,南京,17.0,华中笔记本电脑店
Lenovo联想 拯救者 拯救者 Y7000 R7000 G5000 游戏笔记本电脑,6899.0,5000-7000元,联想,游戏本,江苏,南京,1.0,联想笔记本特惠商城
领券立减荣耀MagicBook X14 2024新款官方旗舰店正品酷睿i5笔记本电脑 14英寸性能轻薄办公游戏本学生,4299.0,3000-5000元,荣耀,轻薄本,广东,深圳,38.0,荣耀宏百纳专卖店
七彩虹将星x17atI7I5隐星P15笔记本电脑x15全能3060游戏本4060,3582.87,3000-5000元,其他品牌,游戏本,广东,广州,66.0,艾克数码商城
DELL戴尔灵越1416Plus 酷睿Ultra AI PC轻薄办公设计笔记本电脑,4398.0,3000-5000元,戴尔,轻薄本,四川,成都,28.0,正品电脑商城
笔记本电脑2024爆款轻薄本英特尔全新大学生商务设计本高端手提电脑16英寸护眼大屏办公本,1788.0,3000元以下,其他品牌,轻薄本,广东,深圳,100.0,探奇星球旗舰店
华为笔记本电脑 Matebook D16SED16高能版轻薄护眼办公游戏标压,3899.0,3000-5000元,华为,轻薄本,福建,漳州,46.0,一行电脑
七彩虹 隐星P15 将星X15电竞i5i7学生游戏笔记本电脑RTX4060满血,3643.87,3000-5000元,其他品牌,游戏本,江西,南昌,8.0,京夕数码店
英特尔新款超薄笔记本电脑办公游戏娱乐工作设计绘画多功能电脑156英寸高清屏超薄笔记本电脑学生笔记本电脑,1106.0,3000元以下,其他品牌,游戏本,浙江,杭州,53.0,天天特卖工厂店
Asus华硕 无畏16 16英寸i9标压轻薄办公学习商务笔记本电脑,6199.0,5000-7000元,华硕,轻薄本,北京,未知,41.0,迪通通讯数码
机械革命旷世15Pro i713620H RTX4060满血高性能游戏笔记本电脑,5999.0,5000-7000元,机械革命,游戏本,河南,郑州,25.0,电脑数码超值购企业店
2024年新款Apple苹果 MacBook Air 13英寸笔记本电脑M3国行定制,12199.0,10000-20000元,苹果,其他类型,上海,未知,1.0,大胡子1987
Xiaomi小米 RedmiBook 14 Pro学生游戏全新未拆封笔记本电脑学生,1893.87,3000元以下,小米,游戏本,湖北,武汉,100.0,小米华南数码科技
Huawei华为Matebook13S超薄云杉绿商务办公笔记本学习游戏电脑,4182.87,3000-5000元,华为,游戏本,广东,惠州,10.0,果粉笔记本中心
Asus华硕天选34飞行堡垒9i7i5笔记本电脑游戏设计3060本4060,3882.87,3000-5000元,华硕,游戏本,广东,湛江,20.0,艾克数码商城
LG gram17英寸超轻薄本笔记本电脑2024新款英特尔酷睿Ultra7155H高性能级便携笔记本电脑PS工程设计师笔记本,9693.42,9000-10000元,其他品牌,轻薄本,北京,未知,21.0,LG天恩志兴专卖店
原装正品 Huawei华为 笔记本电脑 Matebook 14S 25K 触控屏,7699.0,7000-9000元,华为,其他类型,湖北,武汉,47.0,思睿志诚电脑特卖店
24期免息机械师曙光15Pro锐龙AMDR97940H R7酷睿i713650HX独显RTX4060游戏本笔记本电脑165Hz 2804,6699.0,5000-7000元,机械革命,游戏本,福建,厦门,11.0,苏宁易购官方旗舰店
Huawei华为 MateBook X Pro新款酷睿商务办公触屏超薄笔记本电脑,3088.0,3000-5000元,华为,其他类型,浙江,杭州,23.0,笔记本电脑专店
Dell戴尔设计师专用高端创作本标压i7高性能ai绘图视频剪辑CAD三维制图渲染图形工作站8G独立显卡笔记本电脑,4899.1,3000-5000元,戴尔,其他类型,四川,成都,100.0,戴尔宏智乐欣专卖店
机械革命蛟龙16S极光E旷世G16新翼龙15Pro 4070笔记本游戏电脑,4099.0,3000-5000元,机械革命,游戏本,广东,广州,800.0,广州星成数码
华硕天选4天选5pro 13代英特尔酷睿游戏本 华硕笔记本电脑RTX40显卡学生商务办公电竞本,5799.0,5000-7000元,华硕,游戏本,广东,广州,2000.0,asus华硕硕金专卖店
12期免息机械师曙光15Pro AMD 锐龙 R97940H笔记本电脑RTX4060独显游戏本25K 165Hz屏办公学生手提,6899.0,5000-7000元,机械革命,游戏本,广东,广州,100.0,machenike旗舰店
机械革命蛟龙15Pro 17KS RTX4060大屏173英寸电竞游戏笔记本电脑,6599.0,5000-7000元,机械革命,游戏本,上海,未知,100.0,机械革命笔记本数码店
苹果笔记本电脑MacBookPro触控条商务办公超薄便携女生133寸游戏,1288.0,3000元以下,苹果,游戏本,广东,揭阳,5.0,凌志科技数码
2024新品酷睿i7笔记本电脑双屏幕64G英特尔高配置电竞游戏本平板二合一大学生商务办公绘画官方旗舰正品,2045.02,3000元以下,其他品牌,游戏本,广东,深圳,89.0,HUAV裕腾专卖店
Dell戴尔游匣G15八核3060游戏本i5i7高配游侠G3G5电竞笔记本电脑,2399.0,3000元以下,戴尔,游戏本,广东,广州,89.0,星梦数码商城
华为触屏笔记本电脑MateBook E系列二合一平板电脑办公学习电竞本,1258.0,3000元以下,华为,二合一笔记本,福建,泉州,14.0,福豪数码通讯
2023华硕天选4 13代酷睿i9华硕天选3 锐龙版游戏本笔记本电脑4060,4199.0,3000-5000元,华硕,游戏本,广东,广州,300.0,7天科技电脑店
Asus华硕 天选5Pro系列 16英寸高分高色域电竞游戏本笔记本电脑,8499.0,7000-9000元,华硕,游戏本,江西,南昌,1000.0,百亿数码线上店
Asus华硕天选2天选3 12代酷睿天选3满血轻薄游戏锐龙笔记本电脑,3680.0,3000-5000元,华硕,轻薄本,江西,南昌,1.0,品牌电脑商行top店
Xiaomi小米 小米Pro 笔记本1415学生轻薄设计游戏办公新款电脑,1793.87,3000元以下,小米,轻薄本,湖南,长沙,200.0,小米之家电脑商城
ASUS华硕剪辑师设计师本专业32G大内存直播酷睿i7标压高性能RTX4060独显3D建模AE达芬奇PR视频笔记本电脑白色,6394.2,5000-7000元,华硕,其他类型,四川,成都,100.0,华开云享电脑专营店
联想Lenovo拯救者Y7000P 2024 14代酷睿i7 电竞游戏笔记本,8499.0,7000-9000元,联想,游戏本,河南,郑州,200.0,联壹电脑数码
HP惠普 ProBook 440 450 G10轻薄笔记本电脑13代酷睿i5 商务办公学生女生网课手提轻薄电脑惠普官方旗舰店,3799.0,3000-5000元,惠普,轻薄本,广东,广州,43.0,HP惠普商用旗舰店
惠普 光影精灵10游戏笔记本电脑学生办公设计百亿补贴暗影精灵10,7999.0,7000-9000元,惠普,游戏本,河南,郑州,40.0,笔记本电脑数码品牌店
2024游戏电竞新品华硕天选5Pro酷睿高性能独显游戏设计笔记本,6490.0,5000-7000元,华硕,游戏本,浙江,杭州,23.0,华硕数码电竞商城
机械革命耀世15Pro16Super 14代i9 16英寸水冷版游戏笔记本电脑,7699.0,7000-9000元,机械革命,游戏本,上海,未知,1.0,机械革命数码商城
Lenovo联想拯救者Y9000P 2023款13代i9电竞游戏i7i5笔记本电脑,7699.0,7000-9000元,联想,游戏本,北京,未知,100.0,笔记本电脑铺子
HP惠普 暗影精灵 暗影精灵9 Slim 光影精灵108Pro新款游戏本,4139.0,3000-5000元,惠普,游戏本,重庆,未知,100.0,拯救者商行
asus华硕高色域oled屏16g大内存大学生轻薄ps设计修图cad绘图pr视频剪辑专用商务办公手提笔记本旗舰背光键盘,3899.45,3000-5000元,华硕,轻薄本,四川,成都,200.0,华开云享电脑专营店
荣耀笔记本电脑MagicBook X14 PRO 酷睿i5学生办公手提轻薄游戏本,4199.0,3000-5000元,荣耀,轻薄本,上海,未知,44.0,品牌甄选电脑商城
24新品联想ThinkPad S2英特尔酷睿Ultra57 16G 1T固态硬盘轻薄商务办公学生手提笔记本电脑官方旗舰店,6999.0,5000-7000元,联想,轻薄本,北京,未知,4.0,ThinkPad官方旗舰店
新品暗影精灵9HP惠普暗夜精灵9 光影精灵98 13代酷睿i7学生学习办公设计RTX4060RTX4070游戏笔记本电脑,4799.0,3000-5000元,惠普,游戏本,山东,青岛,100.0,惠普酷灏专卖店
HP惠普战系列锐Pro14锐龙版25K 120Hz屏学生轻薄办公家用14英寸高性能商务学习手提笔记本电脑,3799.0,3000-5000元,惠普,轻薄本,广东,广州,28.0,惠普商域专卖店
华硕无畏Pro15 144Hz高刷屏高色域酷睿标压光追40系显卡学生游戏轻薄独显笔记本电脑官方专卖店,7994.0,7000-9000元,华硕,轻薄本,江西,南昌,1000.0,asus华硕天溥专卖店
2024新品 HP惠普 光影精灵1098 酷睿i7电竞游戏4060笔记本电脑,3899.0,3000-5000元,惠普,游戏本,上海,未知,13.0,博创科技数码品牌店
现货速发华为MateBookD14 华为笔记本电脑13代酷睿学生学习办公游戏本轻薄本商务本官方旗舰店正品现货,3999.0,3000-5000元,华为,轻薄本,北京,未知,82.0,华为宏威科锐专卖店
12期免息联想ThinkPad E14 13代酷睿i7 14英寸轻薄便携商务办公学生手提IBM笔记本电脑MX550独显官方旗舰,4498.0,3000-5000元,联想,轻薄本,福建,厦门,15.0,thinkpad恒瀚专卖店
双屏三防加固笔记本电脑军工工业服务器笔记本加固防水防尘定制,23800.0,20000元以上,其他品牌,其他类型,广东,东莞,22.0,鑫控科技企业店
新品上市机械革命 旷世G16Pro 14代酷睿i7HX 16英寸游戏本RTX4060手提笔记本电脑PS设计师学生官方正品,7099.0,7000-9000元,机械革命,游戏本,江苏,无锡,69.0,机械革命磐迅专卖店
英特尔nuc X15 3060 3070显卡 高性能游戏笔记本电脑,4000.0,3000-5000元,其他品牌,游戏本,广东,深圳,5.0,云忆数码科技
Acer宏碁掠夺者擎Neo i9游戏本笔记本电脑满血RTX4060独显直连,5793.87,5000-7000元,宏碁,游戏本,江西,南昌,9.0,京夕数码店
Huawei华为 MateBook X Pro新款触摸屏I7超薄笔记本电脑商务设计,3088.0,3000-5000元,华为,其他类型,广东,深圳,16.0,笔记本电脑专店
保价618Lenovo联想 YOGA PRO14S145英寸轻薄本笔记本电脑 办公学习设计轻薄便携本    559,7999.0,7000-9000元,联想,轻薄本,江苏,南京,13.0,苏宁易购官方旗舰店
荣耀笔记本MagicBookX141516轻薄学生全面屏设计办公i5新款电脑,1767.0,3000元以下,荣耀,轻薄本,湖北,武汉,200.0,华艺数码商行
华硕灵耀14 英特尔酷睿i9 2024新品 14英寸高颜值超轻薄商务办公笔记本电脑苏宁易购官方旗舰店1634,5999.0,5000-7000元,华硕,轻薄本,江苏,南京,4.0,苏宁易购官方旗舰店
新品上市Redmi Book 1416 2024小米笔记本电脑新品i513500H 小米澎湃智联办公游戏轻薄本720,4399.0,3000-5000元,小米,轻薄本,北京,未知,24.0,苏宁易购官方旗舰店
领券立减Lenovo联想拯救者R7000八核锐龙R7 156英寸RTX4060独显8G电竞高色域游戏学生轻薄y笔记本电脑p,6998.4,5000-7000元,联想,轻薄本,湖北,武汉,300.0,联想蓝之新专卖店
HP惠普  战99  23款全新移动工作站156英寸13代标压i7专业4G图形显卡CAD建模渲染设计本笔记本电脑 旗舰店,8899.0,7000-9000元,惠普,其他类型,广东,广州,11.0,HP惠普商用旗舰店
机械师曙光15Pro AMD锐龙R78845HH满血RTX4060满功耗独显游戏本 25K 165Hz 100高色域笔记本电脑学生酷睿,4399.0,3000-5000元,机械革命,游戏本,福建,厦门,31.0,machenike微科龙盾专卖店
华硕灵耀X双屏Pro 触控屏学生办公轻薄创意灵耀X13手提笔记本电脑,3799.0,3000-5000元,华硕,轻薄本,北京,未知,35.0,Asus华硕笔记本自营店
机械革命翼龙15Pro 耀世 旷世 蛟龙16Pro 满血4070游戏笔记本电脑,3939.0,3000-5000元,机械革命,游戏本,广东,广州,82.0,正达笔记本数码
Dell戴尔高性能轻薄标压i5酷睿i7工业设计3d绘图java编程SU建模渲染用RTX3050独显2K屏幕商务办公笔记本电脑,4599.85,3000-5000元,戴尔,轻薄本,四川,成都,79.0,戴尔宏智乐欣专卖店
Apple苹果M3芯片MacBook Air笔记本电脑136寸15寸国行正品原装,7100.0,7000-9000元,苹果,其他类型,北京,未知,7.0,淘优数码
Lenovo联想拯救者Y7000P24款 酷睿i714代高端电竞设计笔记本电脑,7199.0,7000-9000元,联想,其他类型,湖南,长沙,2.0,拯救者LEGION游戏本店
24款156英寸酷睿i7级笔记本电脑独显设计办公超薄无线游戏本,1334.87,3000元以下,其他品牌,游戏本,广东,深圳,3.0,人手一本数码
Asus华硕 天选 游戏本2024 款plus 40604070游戏笔记本 电脑5pro,6499.0,5000-7000元,华硕,游戏本,四川,成都,31.0,数码易购商城
ROG玩家国度 幻16Air 酷睿Ultra9 16英寸设计师游戏本笔记本电脑,7499.0,7000-9000元,玩家国度,游戏本,浙江,湖州,98.0,嘉华数码商城
联想拯救者Y9000PR9000PY7000PR7000 4060学生游戏笔记本电脑,7299.0,7000-9000元,联想,游戏本,北京,未知,400.0,笔记本官企业自销
Asus华硕 天选 游戏本5Pro 新款锐龙R9 4060电竞游戏笔记本电脑,8499.0,7000-9000元,华硕,游戏本,江西,南昌,800.0,跃高百亿数码商城
DELL戴尔 灵越3530轻薄笔记本电脑 156英寸120Hz高刷全面屏学生办公绘图设计剪辑游戏官方旗舰官网,2999.0,3000元以下,戴尔,轻薄本,北京,未知,200.0,dell阳光雨尉专卖店
ROG枪神8plus超竞版4090显卡枪神7plus游戏本2024款笔记本电脑,8299.0,7000-9000元,玩家国度,游戏本,上海,未知,68.0,天选电竞笔记本商城
玫瑰故事的同品牌电脑VAIO F16 笔记本电脑轻薄办公英特尔i5i7 16g 512g16英寸带数字小键盘1610全面屏,7299.0,7000-9000元,其他品牌,轻薄本,上海,未知,51.0,VAIO旗舰店
64G8T酷睿i7双16寸触屏双屏笔记本电脑新款商务炒股设计游戏本,3499.0,3000-5000元,其他品牌,游戏本,广东,深圳,5.0,吉开鑫电脑企业店
华为触屏笔记本电脑MateBook E二合一双屏协同办公学习电竞超极本,1258.0,3000元以下,华为,二合一笔记本,广东,深圳,5.0,捷达数码科技
顺丰速发华为Matebook X Pro 2024款触屏笔记本电脑轻薄便携学生超薄商务办公超薄手提官方旗舰店同款,7999.0,7000-9000元,华为,轻薄本,天津,未知,40.0,华为华尔盛世专卖店
Asus华硕 灵耀X 双屏Pro游戏设计笔记本电脑触控OLED屏电竞轻薄,6799.0,5000-7000元,华硕,轻薄本,福建,厦门,2.0,极物圈
戴尔14寸轻薄防水便携商务办公手提笔记本电脑家用影音网课学习,772.0,3000元以下,戴尔,轻薄本,广东,深圳,9.0,华强精品二手电脑
ROG枪神8plus超竞版7plus超竞版4080 4090游戏笔记本电脑玩家国度,8299.0,7000-9000元,玩家国度,游戏本,湖北,武汉,100.0,武汉电竞自营店
Dell戴尔3d设计师i9 13900HX高端独立显卡电竞游戏本酷睿i7三维建模渲染RTX4060游侠匣G16英寸笔记本电脑,8296.26,7000-9000元,戴尔,游戏本,四川,成都,74.0,戴尔宏智乐欣专卖店
MECHREVO机械革命 极光Pro i512450HRTX4050极光E极光S游戏本,4999.0,3000-5000元,机械革命,游戏本,河南,郑州,65.0,百补笔记本旗官店
百亿补贴2024热销新款笔记本电脑AMD锐龙R7高性能25K超清屏学生设计轻薄电竞游戏百万跑分官方旗舰正品,1898.0,3000元以下,其他品牌,轻薄本,广东,深圳,200.0,UIG旗舰店
i9独显游戏本16寸笔记本电脑官方正品英特尔酷睿13代i7双屏触摸电竞设计本轻薄办公商务本便携手提4K工作站,1199.0,3000元以下,其他品牌,轻薄本,广东,深圳,2000.0,帕米仕旗舰店
HP惠普光影精灵109 暗夜暗影精灵9 独显13代酷睿i7 学生商务办公设计电竞吃鸡游戏本笔记本电脑,4899.0,3000-5000元,惠普,游戏本,湖北,武汉,74.0,惠普永盛昌源专卖店
8英寸英特尔迷你笔记本电脑二合一触摸屏商务办公设计本折叠掌上电脑游戏本小尺寸大学生便携轻薄本出差演讲,1843.87,3000元以下,其他品牌,轻薄本,广东,深圳,7.0,天业来数码专营店
机械革命蛟龙16Pro 游戏本4060学生设计师笔记本电脑,6299.0,5000-7000元,机械革命,游戏本,江苏,无锡,1000.0,机械革命电脑店
23联想拯救者Y9000P电竞16英寸RTX4060酷睿i9学生游戏笔记本电脑,8699.0,7000-9000元,联想,游戏本,安徽,合肥,46.0,笔记本电脑数码工厂店
2024新品英特尔14英寸笔记本电脑轻薄便携大学生商务办公设计官方旗舰正品手提电脑,2.8,3000元以下,其他品牌,轻薄本,浙江,杭州,30.0,天天特卖工厂店
Asus华硕 天选4天选5新款高配i9独显4060学生电竞游戏设计笔记本,4368.0,3000-5000元,华硕,游戏本,上海,未知,10.0,天天天选商城
雷神zero 911满血40604090游戏本笔记本13代14代电竞设计电脑,6773.87,5000-7000元,雷神,游戏本,广东,广州,19.0,雷神ThundeRebot直销店
Huawei华为Xpro新款触摸屏超薄高配学生游戏设计轻薄笔记本电脑,3088.0,3000-5000元,华为,轻薄本,广东,深圳,16.0,笔记本电脑专店
小米RedmiBook Pro 1416 2024红米笔记本电脑英特尔酷睿Ultra 28K120Hz办公游戏轻薄本720,6399.0,5000-7000元,小米,轻薄本,北京,未知,23.0,苏宁易购官方旗舰店
Asus华硕 灵耀14  14英寸高颜值超轻薄商务办公笔记本电脑,7299.0,7000-9000元,华硕,轻薄本,北京,未知,9.0,迪通通讯数码
华硕无畏360无畏二合一OLED高刷触控轻薄平板设计电脑笔记本电脑,2699.0,3000元以下,华硕,轻薄本,上海,未知,4.0,天选电竞笔记本商城
联想ThinkBook 141516 新款英特尔酷睿i5 锐炬Xe显卡 16英寸轻薄便携学生游戏ThinkPad笔记本电脑官方旗舰,3699.0,3000-5000元,联想,轻薄本,福建,厦门,26.0,thinkpad恒瀚专卖店
2024新品HP惠普 星Book Pro14 英特尔酷睿Ultra5 可选14英寸25k 120Hz笔记本电脑AI轻薄便携学生办公本,5299.0,5000-7000元,惠普,轻薄本,北京,未知,3.0,惠普锐博正业专卖店
Asus华硕ROG魔霸新锐酷睿i7 13代4060学生电竞游戏制图笔记本电脑,5299.0,5000-7000元,华硕,游戏本,广东,广州,2.0,7天科技电脑店
现货速发小米小米笔记本电脑红米 Redmi Book Pro 15 锐龙版 2023 32K高刷屏商务办公轻薄本2063,4699.0,3000-5000元,小米,轻薄本,北京,未知,25.0,苏宁易购官方旗舰店
十一代i7RazerBlade雷蛇灵刃15精英版轻薄电竞游戏11代笔记本电脑RTX3080高清2K165Hz360Hz,15789.0,10000-20000元,其他品牌,轻薄本,湖北,武汉,2.0,雷蛇官方旗舰店
爆款推荐联想笔记本电脑扬天V14V15锐龙 2023新款 156英寸大屏游戏学生商务办公轻薄本苏宁易购865,2799.0,3000元以下,联想,轻薄本,福建,厦门,32.0,苏宁易购官方旗舰店
华硕无畏pro15锐龙四核手提商务办公学生笔记本电脑苏宁易购官方旗舰店正品1634,4299.0,3000-5000元,华硕,其他类型,江苏,南京,20.0,苏宁易购官方旗舰店
华硕灵耀X双屏Pro 灵耀14双屏Ultra9 学生轻薄商务办公笔记本电脑,4899.0,3000-5000元,华硕,轻薄本,北京,未知,81.0,华硕游戏本自营店
联想ThinkPad E15 英特尔酷睿i5 独显 156英寸轻薄便携学生商务办公笔记本电脑,4899.0,3000-5000元,联想,轻薄本,浙江,杭州,1.0,天猫优品官方直营
荣耀笔记本MagicBookX14pro锐龙办公轻薄电脑酷睿手提本官方正品,3088.2,3000-5000元,荣耀,轻薄本,上海,未知,200.0,桔子电商
华硕无畏15 13代酷睿i5标压 156英寸高刷屏轻薄高性能笔记本电脑,4299.0,3000-5000元,华硕,轻薄本,湖北,武汉,71.0,华硕荆楚卓越专卖店
Dell戴尔专业修图师剪辑轻薄本2K超清高色域屏ps ai平面画图设计师P图专用商务学生学习16英寸手提笔记本电脑,3999.93,3000-5000元,戴尔,轻薄本,四川,成都,84.0,戴尔宏智乐欣专卖店
自营Apple苹果Macbook Air 136英寸 M2M3 笔记本电脑 商务办公 设计制图 视频剪辑 正品保障 全国联保,7799.0,7000-9000元,苹果,其他类型,浙江,杭州,1.0,天猫国际自营全球超级店
机械革命蛟龙16Q R77435H RTX4050 16英寸电竞笔记本电脑游戏本,5999.0,5000-7000元,机械革命,游戏本,江苏,苏州,100.0,机械革命游戏本数码商城
华为笔记本电脑MateBook D16轻薄本2024款13代酷睿版i5商务i7办公i9游戏数字小键盘16英寸护眼屏,4249.0,3000-5000元,华为,轻薄本,福建,厦门,38.0,华为美好向往专卖店
新品32G2TB笔记本电脑英特尔156英寸轻薄大学生商务办公剪辑设计游戏本全能本适用于华为荣耀小米耳机,1582.87,3000元以下,华为,轻薄本,广东,深圳,74.0,当京数码旗舰店
ROG玩家国度幻X 幻13华硕2024新款4060 4090显卡显卡坞笔记本电脑,5089.0,5000-7000元,华硕,其他类型,北京,未知,300.0,华硕游戏本自营商城
华为触屏笔记本电脑MateBook E二合一平板电脑办公学习电竞超极本,1258.0,3000元以下,华为,二合一笔记本,广东,深圳,10.0,远航数码商城
2024新品机械革命 无界14 Pro无界15Pro 锐龙版 14英寸全面屏轻薄商务办公学生网课手提笔记本电脑,3799.0,3000-5000元,机械革命,轻薄本,湖北,武汉,200.0,机械革命联科世纪专卖店
HP惠普光影精灵9 13代英特尔酷睿i5 RTX4050独显游戏笔记本电脑手提电脑官方旗舰店官网,5699.0,5000-7000元,惠普,游戏本,浙江,杭州,4.0,喵速达电器官方旗舰店
Asus华硕 天选 游戏本 2024天选5新锐龙R9满血4060 电竞笔记本电脑,7099.0,7000-9000元,华硕,游戏本,湖北,武汉,78.0,华硕荆楚卓越专卖店
领劵减300联想小新14 13代酷睿I5轻薄便携学生游戏笔记本电脑商务办公14英寸官方旗舰店,3149.0,3000-5000元,联想,轻薄本,江苏,南京,28.0,联想冉创专卖店
华硕飞行堡垒9游戏本笔记本电脑i7玩家国度ROG天选4060联想拯救者,2180.0,3000元以下,联想,游戏本,广东,深圳,0.0,品牌游戏本直销店
Apple苹果 2023款MacBook Air 15英寸笔记本电脑 M2处理器 8核10核图形处理器学习办公商务笔记本3589,7999.0,7000-9000元,苹果,其他类型,北京,未知,3.0,苏宁易购官方旗舰店
机械革命2024蛟龙16kpro翼龙15pro满血4060轻薄游戏笔记本电脑,3999.0,3000-5000元,机械革命,轻薄本,北京,未知,16.0,北京机械革命游戏本商城
戴尔dell游匣G16 7630 13代酷睿i7学生电竞游戏独显4060满血设计师16英寸cherry机械键盘G15 5530笔记本电脑,6099.35,5000-7000元,戴尔,游戏本,湖北,武汉,41.0,戴尔蓝之新专卖店
雷神猎刃1516游戏本2024全新酷睿i914900HX满血4060笔记本电脑,5879.0,5000-7000元,雷神,游戏本,广东,广州,38.0,雷神铂金直销店
Huawei华为笔记本电脑 MateBook D14 2024款新品 轻薄学生2023款,3279.0,3000-5000元,华为,轻薄本,上海,未知,200.0,上海三足鼎数码店
2024新款英特尔酷睿i7独显4K护眼笔记本电脑超薄手提本可指纹解锁商务办公设计大学生游戏电脑高端电竞,1883.87,3000元以下,其他品牌,游戏本,广东,深圳,100.0,pwb旗舰店
ALIENWARE外星人独显高端电竞游戏笔记本i7商务办公设计手提电脑,799.0,3000元以下,外星人,游戏本,广东,广州,4.0,奇峰电脑商城
微软Surface Pro 9 平板电脑二合一轻薄便携笔记本商务办公触屏,6569.0,5000-7000元,微软,轻薄本,江苏,苏州,27.0,Microsoft微软官翻机企业店
原装未拆封英特尔2024新品4G独显酷睿i7笔记本电脑轻薄便携大学生设计绘图游戏本16英寸办公高颜值电脑本,1338.0,3000元以下,其他品牌,轻薄本,广东,深圳,29.0,探奇星球旗舰店
华硕灵耀14 2024 Ultra7高颜值AI超轻薄商务办公14寸笔记本电脑,6799.0,5000-7000元,华硕,轻薄本,浙江,湖州,27.0,嘉华数码商城
asus华硕正品高颜值爱豆14 13代酷睿i5 14英寸高能轻薄本笔记本电脑女生手提商务办公游戏笔记本电脑官方,3689.0,3000-5000元,华硕,轻薄本,四川,成都,6.0,华硕九鑫专卖店
官方专卖店热卖机械革命旷世16super 酷睿14代i913900HX RTX4080 16英寸240Hz学生电竞游戏笔记本电脑,20399.0,20000元以上,机械革命,游戏本,广东,深圳,5.0,机械革命泓森华专卖店
联想22款拯救者R7000PY7000P电脑英寸酷睿i7游戏笔记本,3800.0,3000-5000元,联想,游戏本,河南,郑州,19.0,芯力品牌电脑商城
Dell戴尔 G15游匣55205511 5515游戏设计笔记本 i5 i7满血3060,3280.0,3000-5000元,戴尔,游戏本,重庆,未知,22.0,品牌电脑优惠商城
2024爆款HP惠普星BookPlus15 13代酷睿i5轻薄便携学生女商务办公设计手提笔记本电脑官方正品官网旗舰,3076.0,3000-5000元,惠普,轻薄本,山东,青岛,40.0,惠普酷灏专卖店
戴影2024英特尔金属轻薄笔记本电脑156寸商务办公设计游戏本,2788.0,3000元以下,其他品牌,轻薄本,广东,深圳,200.0,戴影笔记本店
独显全能本华硕无畏Pro16 120Hz高刷轻薄游戏手提笔记本电脑,4499.0,3000-5000元,华硕,轻薄本,江苏,南京,12.0,官企笔记本电脑商城
联想小新Pro16 Pro14锐龙版轻薄商务办公学生笔记本电脑2024新款,2892.87,3000元以下,联想,轻薄本,上海,未知,100.0,百脑汇数码科技
Lenovo联想ThinkBook14 24款 英特尔笔记本电脑,4746.0,3000-5000元,联想,其他类型,江苏,南京,100.0,ThinkPad润亿景店
Lenovo联想 拯救者 Y9000P 2022游戏本R9000P R7000P笔记本电脑,3999.0,3000-5000元,联想,游戏本,江苏,苏州,5.0,LEGION拯救者小新笔记本数码馆
2024新品HP惠普 光影精灵10 暗影精灵10 161英寸游戏本14代英特尔酷睿i7可选RTX4060电竞屏笔记本电脑,6299.0,5000-7000元,惠普,游戏本,北京,未知,2.0,淘游记数码专营店
电竞套装华硕天选5 AMD锐龙版游戏本笔记本电脑ROG夜魔白键盘ROG龙鳞白鼠标ROG 棱镜 白色限定款耳机,10999.0,10000-20000元,华硕,游戏本,上海,未知,3.0,asus华硕官方旗舰店
Acer宏碁掠夺者擎Neo可选14代酷睿HX酷睿i7笔记本电脑RTX4060独显直连游戏本满血,9384.0,9000-10000元,宏碁,游戏本,北京,未知,30.0,宏碁冠恒嘉业专卖店
2024款触屏电脑英特尔4K可触屏手写笔记本 电脑360度翻转触控办公轻薄本网课学生设计平板电脑二合一双屏,2133.87,3000元以下,其他品牌,轻薄本,广东,深圳,48.0,pwb旗舰店
壹号本OneXPlayer游侠X1游戏掌机windows笔记本掌上电脑AMD8840U,7393.87,7000-9000元,其他品牌,游戏本,广东,广州,4.0,OnexPlayer广州店
七彩虹隐星P15 游戏本笔记本电脑酷睿i7RTX40504060独显直连 156寸学生笔记本,5199.0,5000-7000元,其他品牌,游戏本,湖北,武汉,100.0,七彩虹镭利锋行专卖店
双屏触摸屏电脑笔记本电脑英特尔酷睿i7轻薄本设计师商务办公本高性能游戏本CAD绘图2024新款可外接显卡,2293.87,3000元以下,其他品牌,轻薄本,广东,深圳,53.0,toposh旗舰店
笔记本电脑剪辑3D绘图建模CAD设计轻薄便携学生英特尔i7独显商务,893.0,3000元以下,其他品牌,轻薄本,广东,深圳,35.0,方科数码电脑店
AI新品HP惠普星Book14可选英特尔酷睿Ultra5处理器笔记本电脑轻薄便携学生本女生办公本惠普官方旗舰店,3999.0,3000-5000元,惠普,轻薄本,广东,广州,13.0,惠普中国官方旗舰店
华为MateBook E 23款新品平板笔记本二合一高刷120Hz便携笔记本go,3747.0,3000-5000元,华为,二合一笔记本,上海,未知,300.0,三冠电商
华硕无畏15i 无畏16 16英寸Pro级独显高性能超轻薄游戏笔记本电脑,3049.0,3000-5000元,华硕,轻薄本,江苏,南京,86.0,官企笔记本电脑商城
女生款华硕a豆14 13代英特尔酷睿i7颜值性能轻薄本14英寸商务办公笔记本电脑苏宁易购官方旗舰店正品1634,3599.0,3000-5000元,华硕,轻薄本,江苏,南京,22.0,苏宁易购官方旗舰店
现货现发壹号本OneXPlayer游侠X1迷你笔记本电脑酷睿Ultra 155H三合一掌机超便携轻薄办公一号本掌上电脑,6893.87,5000-7000元,其他品牌,轻薄本,广东,深圳,34.0,壹号本倍乐兹专卖店
新品超能本2024款联想小新Pro14小新Pro16 锐龙R7 8845H AI超能本1416英寸轻薄本笔记本电脑学生电脑,5598.55,5000-7000元,联想,轻薄本,北京,未知,64.0,联想艾克兰斯专卖店
超级爆款Dell戴尔灵越16Plus7620笔记本电脑轻薄追光RTX3060独显6G设计CAD画图PS办公本旗舰店官网游戏,6193.87,5000-7000元,戴尔,轻薄本,江苏,南京,18.0,dell戴尔戴鑫专卖店
华硕灵耀14 2024旗舰版2023酷睿ultra笔记本28K OLED笔记本电脑,5599.0,5000-7000元,华硕,其他类型,北京,未知,2.0,甄选电竞数码商城
2024新品联想 拯救者G5000 酷睿i7 拯救者升级版156英寸独显电竞玩家游戏本商务办公大学生PS设计笔记本电脑,6488.25,5000-7000元,联想,游戏本,江苏,南京,23.0,联想冉创专卖店
Dell戴尔 灵越 14pro手提商务办公轻薄本女士笔记本电脑学生粉色,2543.87,3000元以下,戴尔,轻薄本,江苏,常州,100.0,戴尔笔记本品牌店
全新正品小米Redmi G Pro 游戏本2024 16英寸新款酷睿I914900HX RTX4060笔记本电脑大学生电脑,8899.0,7000-9000元,小米,游戏本,北京,未知,4.0,小米阳光雨尉专卖店
HP惠普 星Bookpro13 锐龙R5R7星13air 133英寸轻薄便携手提商务办公学生设计笔记本电脑官方旗舰官网正品,5399.0,5000-7000元,惠普,轻薄本,山东,青岛,74.0,惠普酷灏专卖店
华为MateBookX Pro笔记本电脑 142英寸笔记本电脑i51340P深空灰,8199.0,7000-9000元,华为,其他类型,河南,郑州,9.0,d[s61774345]
24款联想拯救者Y7000P2024 R7000 Y7000P2023游戏笔记本电脑官方,6588.0,5000-7000元,联想,游戏本,北京,未知,20.0,拯救者甄选商城
Lenovo联想 R7000 锐龙R77735H 2023游戏笔记本电脑超能电竞本,6899.0,5000-7000元,联想,游戏本,上海,未知,200.0,浩瀚电脑商城
机械革命旷世G16 Pro 4070游戏笔记本电脑满功耗高性能25K电竞屏,7299.0,7000-9000元,机械革命,游戏本,江苏,南京,3.0,百亿数码电脑
华硕灵耀14 2024酷睿Ultra7 28K 120Hz OLED高颜值AI超轻薄商务办公14英寸笔记本电脑1634,6899.0,5000-7000元,华硕,轻薄本,江苏,南京,6.0,苏宁易购官方旗舰店
华硕天选4 天选5Pro 2024新款14代i9 4070显卡学生游戏笔记本电脑,5849.0,5000-7000元,华硕,游戏本,北京,未知,600.0,Asus华硕笔记本自营店
现货速发华为MateBook D1616s 2024年新款华为笔记本电脑13代酷睿i5i7EVO轻薄本官方旗舰店正品现货,3749.0,3000-5000元,华为,轻薄本,北京,未知,3.0,华为宏威科锐专卖店
Acer宏碁 掠夺者擎Neo第13代酷睿i513500HX工作站级H55主板RTX4060 8G显卡16英寸高清电竞游戏笔记本电脑,6999.0,5000-7000元,宏碁,游戏本,安徽,合肥,700.0,鑫一宏数码专营店
Huawei华为 MateBook D16SE i513420H 笔记本电脑轻薄大屏,9999.0,9000-10000元,华为,轻薄本,广东,深圳,72.0,晶科通讯
2024酷睿i9独显游戏本16寸4k屏笔记本电脑官方正品英特尔i7轻薄商务办公大学生工作设计视频剪辑绘图电竞手提,1199.0,3000元以下,其他品牌,轻薄本,广东,深圳,300.0,帕米仕旗舰店
2024新品联想ThinkBook16 AI全能本 英特尔酷睿Ultra7 RTX4060独显16英寸商务办公大学生游戏笔记本电脑,5499.0,5000-7000元,联想,游戏本,福建,厦门,12.0,thinkpad新启联专卖店
官方正品2024新款笔记本电脑轻薄本16英寸便携超清高性能指纹解锁商务办公绘图设计电竞游戏官方正品手提,1728.0,3000元以下,其他品牌,轻薄本,浙江,杭州,1.0,天天特卖工厂店
华硕天选4天选3 2023新酷睿锐龙4060显卡学生电竞游戏笔记本电脑,4399.0,3000-5000元,华硕,游戏本,重庆,未知,15.0,朝天门电脑数码
联想拯救者Y7000R7000P办公设计R9000P学生电竞游戏笔记本电脑,3793.87,3000-5000元,联想,游戏本,湖北,武汉,17.0,联创梵想正品数码商行
MECHREVO机械革命 极光Pro 旷世G16pro 酷睿i5i7游戏笔记本电脑,3619.0,3000-5000元,机械革命,游戏本,江西,南昌,15.0,星星电脑品牌优惠店
华硕破晓4 Pro 2024 AI轻薄本Ultra5 商用办公轻薄便携笔记本电脑,4399.0,3000-5000元,华硕,轻薄本,北京,未知,15.0,Asus华硕笔记本自营店
华硕无双无畏14pro 15pro 16笔记本电脑无畏pro14独显4060游戏本,3246.0,3000-5000元,华硕,游戏本,北京,未知,100.0,华硕游戏本自营商城
2024全新5095英特尔161寸指纹解锁笔记本电脑大屏办公游戏电脑,990.0,3000元以下,其他品牌,游戏本,广东,深圳,22.0,方技数码店
2024款联想小新14 锐龙版R78845H AI超能本轻薄便携商务办公游戏本学生笔记本电脑,3999.25,3000-5000元,联想,轻薄本,北京,未知,20.0,联想联保专卖店
华硕无畏Pro14 Pro15 16高色域轻薄商务办公学生手提笔记本电脑,3399.0,3000-5000元,华硕,轻薄本,北京,未知,100.0,华硕电脑自营店
七彩虹隐星P15P16笔记本电脑23款13代英特尔酷睿i513500HRTX40604050独显直连大学生办公设计电竞游戏本,5000.0,5000-7000元,其他品牌,游戏本,广东,惠州,66.0,七彩虹电脑旗舰店
24期免息ASUS华硕VivoBook15英特尔酷睿I5商务办公学生娱乐轻薄手提商用女生游戏本笔记本电脑正品1634,2199.0,3000元以下,华硕,轻薄本,江苏,南京,90.0,苏宁易购官方旗舰店
二手ThinkPad超轻薄T14商务办公联想T470S笔记本电脑IBM手提T490S,1046.92,3000元以下,联想,轻薄本,广东,广州,200.0,科品数码优品 二手笔记本
ROG玩家国度魔霸新锐2024款 魔霸7Plus  4060电竞游戏笔记本电脑,7793.87,7000-9000元,玩家国度,游戏本,上海,未知,52.0,华硕笔记本直营店
特价Apple苹果MacBook Pro Air笔记本电脑13寸16英寸特惠机型,3100.0,3000-5000元,苹果,其他类型,北京,未知,6.0,麦克先生腾讯员工创业店
Huawei华为MateBook 13s14s 23新款十三代i9轻薄便携笔记本电脑,4538.0,3000-5000元,华为,轻薄本,北京,未知,100.0,鼎立数码电商
华硕a豆14 Air a豆14 2024 i5十三代 新锐龙R7高性能AI笔记本电脑,3498.0,3000-5000元,华硕,其他类型,四川,成都,6.0,时代数码电竞商城
联想ThinkPad T14T490T480新款酷睿锐龙2021独显商务笔记本电脑,1849.0,3000元以下,联想,其他类型,湖北,武汉,64.0,创想科技笔记本电脑
ROG玩家国度 2023款魔霸新锐 13代酷睿4060独显 游戏本笔记本电脑,4912.0,3000-5000元,玩家国度,游戏本,重庆,未知,28.0,西南电脑商行
Xiaomi小米游戏笔记本电脑i7红米Redmi G游电脑4060吃鸡3060联想,2677.0,3000元以下,联想,游戏本,广东,深圳,0.0,品牌游戏本直销店
华硕破晓4 Pro air AI轻薄本Ultra5 商用办公轻薄便携笔记本电脑,4399.0,3000-5000元,华硕,轻薄本,北京,未知,100.0,华硕游戏本自营店
Huawei华为MateBook 14S I7超薄游戏办公学生触屏正品笔记本电脑,4182.87,3000-5000元,华为,游戏本,广东,惠州,9.0,果粉笔记本中心
Asus华硕天选天选432酷睿i9新4060独显学生电竞游戏笔记本电脑i7,2887.0,3000元以下,华硕,游戏本,广东,深圳,0.0,品牌游戏本直销店
2024年新款Apple苹果MacBook Air M3 13 15英寸笔记本电脑国行M2,4899.0,3000-5000元,苹果,其他类型,上海,未知,200.0,老徐的数码店
Hasee神舟 战神 S8D6 Z8D6学生本吃鸡游戏笔记本电脑i7满血165hz,3690.0,3000-5000元,神舟,游戏本,重庆,未知,4.0,品牌电脑优惠商城
Xiaomi小米3060笔记本电脑i7红米Redmi G学生游戏本吃鸡4060联想,2677.0,3000元以下,联想,游戏本,广东,深圳,0.0,品牌游戏本直销店
雷神911Plus2024巨兽RTX4060学生吃鸡电竞大屏游戏笔记本电脑17寸,1088.0,3000元以下,雷神,游戏本,广东,深圳,0.0,小哆来咪科技
HP惠普 240 246 340 348 250 256 G7 G8 G9 G10 i5 i7笔记本电脑,2299.0,3000元以下,惠普,其他类型,上海,未知,2.0,上海正品直销商店
Dell戴尔灵越35203530轻薄学生办公12代i5笔记本电脑高刷屏3511,3593.87,3000-5000元,戴尔,轻薄本,江苏,南京,22.0,戴尔自营企业店
支持WIN7Lenovo联想昭阳E42商务E53办公E41E5E43E52笔记本电脑,1600.0,3000元以下,联想,其他类型,湖北,武汉,33.0,创想科技笔记本电脑
爆款3060华硕游戏笔记本电脑i7飞行堡垒大学生天选4060吃鸡i5联想,2276.0,3000元以下,联想,游戏本,广东,深圳,0.0,品牌游戏本直销店
MSI微星魔影15酷睿13代i9星影17星影15Air学生RTX4070办公笔记本,5399.0,5000-7000元,其他品牌,其他类型,浙江,杭州,36.0,微星笔记本自营店
中柏EZbook S7 Hi笔记本电脑2024年新款女生款超薄商务办公用游戏本高配轻薄便携学生手提非二手14133英寸,703.87,3000元以下,其他品牌,轻薄本,广东,深圳,63.0,jumper中柏专卖店
MECHREVO机械革命 无界14Pro R78845HS无界14X锐龙无界15Pro本,3499.0,3000-5000元,机械革命,其他类型,四川,成都,5.0,游戏本之家总店
ThinkPad联想ThinkBook 16十三代i5标压 轻薄办公便携笔记本电脑,6288.0,5000-7000元,联想,轻薄本,上海,未知,15.0,天猫超市
8寸触摸屏二合一平板笔记本电脑7寸迷你口袋本掌上电脑办公炒股,2199.99,3000元以下,其他品牌,二合一笔记本,广东,深圳,96.0,吉开鑫电脑企业店
Asus华硕a豆14 Air 2024高性能AI超轻薄商务学生女生笔记本电脑,5288.0,5000-7000元,华硕,轻薄本,北京,未知,16.0,校园电竞商城
联想 小新 141516 2024款笔记本电脑轻薄本学生办公设计,4399.0,3000-5000元,联想,轻薄本,江苏,南京,0.0,百亿贴补金牌店
苹果笔记本MacBook轻薄air电脑超薄商务办公本pro游戏i7独显办公,960.0,3000元以下,苹果,轻薄本,江苏,苏州,11.0,安心购笔记本数码
华硕VivoBook无畏15 12代i7笔记本电脑商务办公用 绘图设计轻薄本,3293.87,3000-5000元,华硕,轻薄本,广东,广州,5.0,正品华硕电脑商城
雷神911Plus巨兽游戏本17寸大屏i9设计绘图i7学生4060笔记本电脑,6899.0,5000-7000元,雷神,游戏本,江西,南昌,33.0,雷神直销店
浩拉笔记本2024新款上市13英寸触控平板笔记本电脑二合一轻薄款,3060.0,3000-5000元,其他品牌,轻薄本,广东,深圳,9.0,浩拉笔记本电脑品牌店
华硕a豆14 潮色超能轻薄本13代英特尔酷睿 14英寸高性能轻薄笔记本电脑 星际银海 i513500H 16G 512G 25K屏,4094.0,3000-5000元,华硕,轻薄本,四川,成都,3.0,华硕九鑫专卖店
2024年新款笔记本电脑轻薄便携大学生男女生款超薄英特尔酷睿i7办公商务学习设计绘图官方正品高配置手提i5,932.12,3000元以下,其他品牌,轻薄本,广东,深圳,52.0,奈我旗舰店
联想小新pro1416小新air1415大学生轻薄办公2024新款笔记本电脑,2892.87,3000元以下,联想,轻薄本,上海,未知,32.0,联想笔记本电脑科技
24款机械革命耀世15Pro 旷世G16 16Prosuper水冷学生游戏笔记本,5599.0,5000-7000元,机械革命,游戏本,浙江,杭州,200.0,机械革命电脑商城
新品24期免息微星MSI 泰坦GE78HX 2024全新处理器 满血RTX4090显卡 25K240Hz游戏笔记本电脑旗舰店新品,27499.0,20000元以上,其他品牌,游戏本,上海,未知,28.0,微星游戏本旗舰店
Acer宏碁 掠夺者擎Neo 16英寸25K 240Hz屏电竞游戏本笔记本电脑 14代酷睿i5i7i9笔记本电脑4060独显,7679.0,7000-9000元,宏碁,游戏本,湖南,长沙,400.0,宏碁萌芽专卖店
Lenovo联想拯救者Y7000P 2023款设计师学生电竞游戏本笔记本电脑,8299.0,7000-9000元,联想,游戏本,河南,许昌,79.0,品牌笔记本电脑自营店
dell戴尔成就3420轻薄便携11代英特尔酷睿I5商务办公学习网课大学生PS画图剪辑14英寸手提笔记本电脑,2898.65,3000元以下,戴尔,轻薄本,湖北,武汉,51.0,戴尔蓝之新专卖店
2024新品AI战力本HP惠普战66七代锐龙版 7000系R5R7处理器轻薄办公商务本笔记本电脑,3399.0,3000-5000元,惠普,轻薄本,广东,广州,2.0,惠普商域专卖店
Dell戴尔网口英特尔酷睿新款120HZ高刷office商务办公轻薄本家用上网课学习追剧炒股工作用156寸笔记本电脑,3185.55,3000-5000元,戴尔,轻薄本,四川,成都,18.0,戴尔宏智乐欣专卖店
win11平板笔记本电脑2024新款二合一139英寸window大尺寸笔记本触摸平板windows商务办公学生PC可接键盘,1329.05,3000元以下,其他品牌,二合一笔记本,浙江,杭州,1.0,天天特卖工厂店
HP惠普Envy x360 15 可选12代英特尔酷睿i7 RTX2050显卡25k触摸屏高性能笔记本电脑商务办公设计师本,5099.0,5000-7000元,惠普,其他类型,广东,广州,32.0,惠普中国官方旗舰店
Asus华硕无畏Pro15 2024酷睿Ultra9 全能AI轻薄办公笔记本电脑,4988.0,3000-5000元,华硕,轻薄本,北京,未知,94.0,校园电竞商城
2024新酷睿i7双屏幕触摸笔记本电脑官方正品英特尔高配独立显卡轻薄触控超级本绘画设计学生商务办公便捷手提,1598.0,3000元以下,其他品牌,轻薄本,广东,深圳,56.0,帕米仕旗舰店
ThinkPad联想ThinkBook1414英寸轻薄办公28K屏13代i5笔记本电脑,4799.0,3000-5000元,联想,轻薄本,浙江,杭州,22.0,明华数码自营商城
现货速发荣耀笔记本电脑MagicBook X1416英寸2023新款pro酷睿i5轻薄 手提办公学生游戏笔记本电脑,4199.0,3000-5000元,荣耀,轻薄本,广东,深圳,300.0,荣耀宏百纳专卖店
2024新品机械师曙光15Pro AMD 锐龙 R97940H笔记本电脑RTX4060 独显AI游戏本25K 165Hz屏办公学生手提,6299.0,5000-7000元,机械革命,游戏本,广东,广州,34.0,machenike旗舰店
HP惠普 星bookpro14 办公本14英寸轻薄笔记本电脑学生版商务本,4499.0,3000-5000元,惠普,轻薄本,江苏,盐城,2.0,万码电脑店
联想Lenovo拯救者Y7000P 2024 16英寸电竞游戏本笔记本电脑 i714650HX 16G 1T RTX4060,7698.55,7000-9000元,联想,游戏本,北京,未知,25.0,联想联保专卖店
出租苹果笔记本电脑MacBook Pro全国免押租赁租借考试游戏设计用,5.0,3000元以下,苹果,游戏本,北京,未知,1000.0,短短租赁店
2024热销HP惠普 星Book15 可选13代酷睿i51340Pi71360P处理器笔记本电脑156英寸轻薄便携学生办公本,3599.0,3000-5000元,惠普,轻薄本,北京,未知,3.0,惠普锐博正业专卖店
机械师曙光T58英特尔游戏本RTX3060笔记本电脑电竞屏办公手提学生,2590.0,3000元以下,机械革命,游戏本,北京,未知,67.0,赤心优品数码商城
英特尔新款超薄笔记本电脑办公游戏娱乐工作设计绘画多功能电脑156英寸高清大屏学生轻薄便携系统,1106.0,3000元以下,其他品牌,轻薄本,浙江,杭州,37.0,天天特卖工厂店
Dell戴尔 灵越16Plus 7630 13代i7防蓝光3D设计本轻薄笔记本电脑,5023.87,5000-7000元,戴尔,轻薄本,江苏,南京,100.0,戴尔自营企业店
8代AMDRazerBlade雷蛇灵刃14水银锐龙R98945HS电竞游戏便携AI笔记本电脑RTX4070超清14英寸240Hz屏幕,22999.0,20000元以上,其他品牌,游戏本,江苏,苏州,8.0,雷蛇官方旗舰店
联想拯救者2024款R9000P Y9000P Y7000P R7000游戏学生笔记本电脑,6499.0,5000-7000元,联想,游戏本,江西,南昌,41.0,联想LEGION拯救者店
东田酷睿611代半加固三防笔记本IP53级防护双电池颜色可定制电脑,14478.0,10000-20000元,其他品牌,其他类型,浙江,杭州,23.0,东田工控
华硕14代新款 英特尔四核N6000办公学生办公轻薄笔记本电脑苏宁易购官方旗舰店1634,1999.0,3000元以下,华硕,轻薄本,江苏,南京,11.0,苏宁易购官方旗舰店
Huawei华为Matebook D16D15 13代酷睿高能版小键盘笔记本电脑,2793.87,3000元以下,华为,其他类型,四川,成都,16.0,诚欣数码商城
ROG玩家国度幻16air幻14air酷睿Ultra 9轻薄游戏笔记本电脑2024,9899.0,9000-10000元,玩家国度,轻薄本,北京,未知,28.0,华硕游戏本自营店
机械师创物者15N i713620H 25K  156寸 学生笔记本电脑电子商务本2804,3699.0,3000-5000元,机械革命,其他类型,福建,厦门,1.0,苏宁易购官方旗舰店
HP惠普暗影精灵10 9Slim 10slim光影笔记本电脑官方旗舰店官网,5998.0,5000-7000元,惠普,其他类型,上海,未知,100.0,暗影精灵游戏本正品店
新品联想小新Pro AI元启 联想小新Pro16 锐龙2024 联想AIPC 16英寸轻薄本笔记本电脑 联想官方旗舰店,5999.0,5000-7000元,联想,轻薄本,上海,未知,6.0,联想官方旗舰店
HP惠普 zbook 15 G5专业图形工作站笔记本电脑渲染设计师3D建模,2600.0,3000元以下,惠普,其他类型,广东,广州,200.0,百星奇数码
联想小新Pro14 AI超能本 英特尔酷睿Ultra5 可选小新Pro14 2024 学习商务办公轻薄本笔记本电脑,6098.75,5000-7000元,联想,轻薄本,北京,未知,8.0,联想联保专卖店
华硕正品新款专业商用酷睿编程炒股2T带数字小键盘指纹识别156寸家用黑色大中小学生儿童老年手提笔记本电脑,2749.4,3000元以下,华硕,其他类型,四川,成都,2.0,华开云享电脑专营店
dell戴尔G16 7620 12代英特尔酷睿i7设计师3070满血独显直连电竞25K游戏本商务办公笔记本电脑游匣7630,7999.35,7000-9000元,戴尔,游戏本,湖北,武汉,64.0,戴尔蓝之新专卖店
alienware M15 外星人14X R5 R2 R3 156寸吃鸡LOL游戏笔记本电脑,1348.0,3000元以下,外星人,游戏本,广东,广州,97.0,翼锋电竞游戏服务中心
alienware M17 R3256外星人游戏笔记本电脑M16 X15 R4 高配i7电竞,2658.0,3000元以下,外星人,游戏本,广东,广州,50.0,翼锋电竞游戏服务中心
华为MateBook 14 酷睿Ultra7轻薄学生触控手写28k办公笔记本电脑,4927.4,3000-5000元,华为,轻薄本,上海,未知,100.0,12年诚信老店
r9000p联想拯救者y7000p笔记本电脑r7000p电竞学生游戏本设计高配,2943.87,3000元以下,联想,游戏本,广东,深圳,22.0,联想拯救者游戏本直销店
MECHREVO机械革命旷世G16酷睿i712650H极光E高性能游戏本电脑,4938.0,3000-5000元,机械革命,游戏本,河南,郑州,13.0,百补游戏本直销店
壹号本OneXPlayer 壹号游侠X1平板笔记本电脑11寸大屏游戏掌机英特尔酷睿ultra155H可拆卸手柄三合一平板电脑,7693.87,7000-9000元,其他品牌,游戏本,上海,未知,44.0,壹号本飞丫专卖店
2024爆款HP惠普星bookpro14 酷睿i7星14Pro轻薄便携女学生办公设计28K屏笔记本电脑官方正品旗舰店官网,3598.56,3000-5000元,惠普,轻薄本,河南,郑州,67.0,惠普同伟专卖店
ALIENWARE外星人 酷睿i7独显吃鸡游戏本 17寸电竞 手提笔记本电脑,1680.0,3000元以下,外星人,游戏本,广东,广州,100.0,中国游戏本
2024 Al新品HP惠普星BookPro14 英特尔Evo酷睿Ultra5 28k屏超能笔记本电脑轻薄便携办公本旗舰店官网,5298.6,5000-7000元,惠普,轻薄本,河南,郑州,19.0,惠普同伟专卖店
2024新品HP惠普 星Book Pro13 AMD锐龙处理器 133英寸25k屏980克笔记本电脑AI轻薄便携学生商务办公本,5199.0,5000-7000元,惠普,轻薄本,北京,未知,10.0,惠普锐博正业专卖店
分期免息华为MateBook D1616s 2024年新款笔记本电脑13代酷睿i5i7轻薄游戏本手提官方旗舰店官网正品,4249.0,3000-5000元,华为,轻薄本,上海,未知,98.0,华为千冠专卖店
顺丰速发华为Matebook EE GO 2023款平板电脑二合一笔记本商务办公学习游戏触屏电脑官方旗舰店原装正品,3999.0,3000-5000元,华为,游戏本,上海,未知,62.0,华为千冠专卖店
2024新品联想ThinkBook SE 14英寸超轻薄便携商务办公笔记本13代酷睿标压蓝光护眼笔学生娱乐笔记本电脑,3979.0,3000-5000元,联想,轻薄本,江苏,无锡,8.0,thinkpad中硕专卖店
RTX3060独显笔记本电脑英特尔酷睿i7商务办公设计高配置手提CAD轻薄便携学生高端电竞i9超级游戏本2024款,1868.92,3000元以下,其他品牌,轻薄本,广东,深圳,100.0,奈我旗舰店
Apple苹果MacBookAir133英寸M1芯片2020款轻薄笔记本电脑,5999.0,5000-7000元,苹果,轻薄本,浙江,杭州,100.0,爱上数码
新店钜惠华硕无畏16 13代酷睿i5标压笔记本电脑16英寸护眼大屏轻薄本手提大学生商务办公本官方旗舰店,3599.0,3000-5000元,华硕,轻薄本,江苏,南京,4.0,Asus华硕爱速斯专卖店
Lenovo联想 拯救者 R9000P 2023款电竞游戏本 高性能笔记本电脑,9599.0,9000-10000元,联想,游戏本,北京,未知,200.0,笔记本电脑大卖场店
ASUS华硕正品笔记本电脑1T酷睿i51240P i512500H带数字小键盘女生办公PS作图专用全能本156寸手提电脑,3599.25,3000-5000元,华硕,其他类型,四川,成都,100.0,华开云享电脑专营店
Acer宏碁 掠夺者Neo擎Pro酷睿i5i7i9满血4060显卡25K屏游戏本,5479.0,5000-7000元,宏碁,游戏本,湖南,长沙,700.0,宏碁数码商城
MECHREVO机械革命蛟龙16Pro RTX4060笔记本电脑游戏本锐龙R7学生,6999.0,5000-7000元,机械革命,游戏本,江苏,南京,13.0,百亿数码电脑
百忆补贴HP惠普 光影精灵9 13代酷睿处理器游戏笔记本电脑,5499.0,5000-7000元,惠普,游戏本,北京,未知,37.0,锐博正业数码
荣耀MagicBook X16 2024办公学生便携笔记本电脑酷睿新款,4199.0,3000-5000元,荣耀,其他类型,江苏,苏州,200.0,智汇先锋数码企业店
HP惠普 暗影精灵9 i513500HXRTX4060游戏笔记本电脑161英寸,7299.0,7000-9000元,惠普,游戏本,浙江,杭州,51.0,明华数码自营商城
HUAWEI华为笔记本电脑MateBook 14S触屏13代酷睿i5轻薄i7办公i9画图设计超高清25K触控屏2023款手提,5999.0,5000-7000元,华为,轻薄本,福建,厦门,77.0,华为美好向往专卖店
13代英特尔酷睿i7笔记本电脑电竞设计游戏本RTX3060独显大学生设计师用3d建模渲染UG编程CAD直播剪辑手提,1712.87,3000元以下,其他品牌,游戏本,广东,深圳,200.0,toposh旗舰店
Dell戴尔灵越3530 13代酷睿i7大学生PS画图AI会计专用电竞大屏轻薄商务办公网课手提3420笔记本电脑,2999.35,3000元以下,戴尔,轻薄本,湖北,武汉,15.0,戴尔蓝之新专卖店
Huawei 华为笔记本电脑i7商务办公轻薄本学生吃鸡游戏本2023新款,766.0,3000元以下,华为,轻薄本,广东,广州,10.0,齐锋电脑商城
全新正品小米RedmiBook 16 2024 酷睿版小米笔记本电脑轻薄游戏手提16英寸2063,3399.0,3000-5000元,小米,轻薄本,北京,未知,16.0,苏宁易购官方旗舰店
华为MateBook D14 2023新款i7全面屏轻薄便携商务笔记本电脑,3399.0,3000-5000元,华为,轻薄本,上海,未知,300.0,三冠电商
东田酷睿11代133英寸三防笔记本IP65防护宽温运行Win10工业电脑,16188.0,10000-20000元,其他品牌,其他类型,浙江,杭州,24.0,东田工控
Lenovo联想拯救者Y7000P 2024款笔记本电脑学生游戏本14代酷睿i716英寸设计师电竞本苏宁3598,7838.0,7000-9000元,联想,游戏本,江苏,南京,5.0,苏宁易购官方旗舰店
2024款联想小新Pro14 AI超能本 英特尔酷睿Ultra9 14英寸高清超轻薄便携商务学生 笔记本电脑,7198.85,7000-9000元,联想,轻薄本,北京,未知,17.0,联想联保专卖店
小米RedmiBook16红米pro1416 2024款酷睿U5轻薄小米笔记本电脑u7,3379.0,3000-5000元,小米,轻薄本,上海,未知,13.0,德翔数码
华为触屏笔记本电脑MateBook E二合一平板电脑办公学习电竞轻薄本,1258.0,3000元以下,华为,轻薄本,广东,深圳,9.0,福豪数码通讯
华为笔记本MateBook16S 华为笔记本电脑13代酷睿i5i7i9触屏游戏本官方旗舰店正品现货轻薄本商务本电脑,6099.0,5000-7000元,华为,轻薄本,北京,未知,4.0,华为宏威科锐专卖店
ASUS华硕触屏14英寸标压R7轻薄商务办公专用视频剪辑编程360度翻转折叠触摸屏手写触控全能笔记本电脑正品,4699.4,3000-5000元,华硕,轻薄本,四川,成都,100.0,华开云享电脑专营店
华为 MateBook X Pro新品2024款酷睿 Ultra轻薄笔记本电脑,7049.0,7000-9000元,华为,轻薄本,北京,未知,51.0,北京聚力电商
雷神911X猎荒者156英寸降龙猩猩队长电竞RTX4060游戏笔记本电脑,5688.0,5000-7000元,雷神,游戏本,上海,未知,66.0,Thunderobot游戏本
2024新品华硕A豆14Air高性能高颜值轻薄AI办公学生笔记本电脑,5219.0,5000-7000元,华硕,轻薄本,浙江,杭州,4.0,华硕数码电竞商城
华硕灵耀14 i913900H 14英寸高颜值超轻薄商务办公笔记本电脑,6999.0,5000-7000元,华硕,轻薄本,河南,郑州,7.0,联壹电脑数码
ASUS华硕VivoBook15 英特尔酷睿I5商务本办公本学生游戏本笔记本电脑苏宁易购官方旗舰店正品1634,2599.0,3000元以下,华硕,游戏本,江苏,南京,500.0,苏宁易购官方旗舰店
Dell戴尔轻薄便携办公学习用酷睿i5带网口1t固态硬盘14英寸银色wifi6无线网卡插网线笔记本电脑官网官方正品,2999.35,3000元以下,戴尔,轻薄本,四川,成都,65.0,戴尔宏智乐欣专卖店
荣耀MagicBook Pro16 AI轻薄高性能笔记本电脑游戏电竞Ultra7酷睿,5367.0,5000-7000元,荣耀,轻薄本,上海,未知,2.0,三冠电商
ThinkPad T490S新款高配i7游戏本商务娱乐学生设计专用笔记本电脑,1188.0,3000元以下,联想,游戏本,广东,深圳,16.0,笔记本电脑专店
戴影2024女神本粉色超薄笔记本电脑156英寸办公设计女生电脑,2788.0,3000元以下,其他品牌,其他类型,广东,深圳,72.0,戴影笔记本店
华为 MateBook D16 锐炬13代全面屏轻薄便携笔记本电脑官方正品,3569.0,3000-5000元,华为,轻薄本,上海,未知,100.0,三冠电商
Huawei华为 MateBook D16 i713700H 笔记本电脑华为2023款,9999.0,9000-10000元,华为,其他类型,山西,太原,28.0,长江小土豆
Lenovo联想拯救者R9000P笔记本电脑锐龙R9电竞游戏本RTX4060独显,9299.0,9000-10000元,联想,游戏本,北京,未知,1000.0,天天联想店
联想拯救者22款R9000XY9000X电脑英寸酷睿i7游戏笔记本23款,3800.0,3000-5000元,联想,游戏本,安徽,合肥,3.0,华中无双数码
华硕天选3 天选2天选air22款电竞吃鸡游戏笔记本电脑满血直连i5i7,3685.0,3000-5000元,华硕,游戏本,广东,广州,46.0,7天科技电脑店
戴尔新游匣G15 5530 13代酷睿i7 156英寸游戏笔记本电脑电竞本,6599.0,5000-7000元,戴尔,游戏本,上海,未知,100.0,浩瀚电脑商城
华为Matebook D16 SE I513420H  笔记本电脑轻薄本16英寸大屏手提电脑2024新款官方旗舰店官网,4299.0,3000-5000元,华为,轻薄本,广东,广州,300.0,华为上乘专卖店
华硕天选5 Pro 高性能酷睿HX 16英寸电竞游戏本 笔记本电脑RTX4070显卡,7499.0,7000-9000元,华硕,游戏本,江西,南昌,19.0,华硕旭硕专卖店
Lenovo联想 拯救者 R9000P新品24款Y9000PX 学生游戏笔记本电脑,7249.0,7000-9000元,联想,游戏本,广东,广州,23.0,联想拯救者实体店
dell戴尔新游匣G15 5530 14核酷睿i7设计师电竞游戏本学生4060满血PS修图AI制作商务办公笔记本电脑G16,5699.4,5000-7000元,戴尔,游戏本,湖北,武汉,69.0,戴尔蓝之新专卖店
百亿补贴Acer宏碁掠夺者擎Neo游戏笔记本电脑酷睿i513500HX满血RTX4050独显6G工程师3D设计便携电脑,6269.05,5000-7000元,宏碁,游戏本,北京,未知,100.0,宏碁天恩志兴专卖店
2024新品酷睿i7笔记本电脑英特尔轻薄便携大学生超薄商务办公工作设计绘图高端电竞游戏官方正品手提至尊版,1120.0,3000元以下,其他品牌,轻薄本,浙江,杭州,50.0,天天特卖工厂店
Lenovo联想 IdeaPad 14S 15锐龙版12代轻薄办公锐龙笔记本电脑,2588.0,3000元以下,联想,轻薄本,山东,济南,15.0,联想数码店
ROG玩家国度魔霸新锐2024魔霸7Plus枪神8Plus超竞败家之眼笔记本,9388.0,9000-10000元,玩家国度,其他类型,北京,未知,200.0,校园电竞商城
Huawei华为MateBook XPro新款I7超薄触屏3K官网正品笔记本电脑,3082.87,3000-5000元,华为,其他类型,广东,惠州,2.0,果粉笔记本中心
2024款外星人 AlienWare M18 R2 14代CPU i9 4090显卡游戏笔记本,26000.0,20000元以上,外星人,游戏本,美国,未知,10.0,美国坐标
2024新品惠普光影精灵10游戏笔记本电脑可选14代酷睿i7 4060显卡25k电竞屏 暗夜精灵10暗影精灵10游戏本,6199.0,5000-7000元,惠普,游戏本,河南,郑州,4.0,hp惠普照奕专卖店
2024新款ASUS华硕天选5pro高配i914900HX高性能3DMAX建模渲染工业设计大屏大型游戏图形工作站笔记本电脑,7298.35,7000-9000元,华硕,游戏本,四川,成都,34.0,华开云享电脑专营店
Huawei华为MateBook D14 NbDWFH9i5学习办公触屏轻薄新款笔记本,1793.87,3000元以下,华为,轻薄本,湖北,武汉,26.0,华润品牌电脑科技
Microsoft微软Surface Laptop Studio2笔记本电脑高性能触屏电脑,7388.0,7000-9000元,微软,其他类型,上海,未知,30.0,上海数码老周
Acer宏碁 擎 Neo掠夺者2024新品 14代14700HX笔记本RTX4060电脑,7299.8,7000-9000元,宏碁,其他类型,北京,未知,500.0,宏基笔记本电脑商城
2024新品酷睿i7笔记本电脑独显电竞游戏本官方学生网课上网办公设计绘图高端游戏手提炒股便携轻薄,1120.0,3000元以下,其他品牌,轻薄本,浙江,杭州,17.0,天天特卖工厂店
雷神猎刃15电竞游戏本156英寸14核i713650HX16G512GRTX4060满血DDR5独显24025K屏公笔记本电脑1484,6399.0,5000-7000元,雷神,游戏本,上海,未知,8.0,苏宁易购官方旗舰店
Xiaomi小米 Redmi G 游戏本i5i7锐龙16寸学生吃鸡电竞笔记本电脑,2521.87,3000元以下,小米,游戏本,江西,南昌,900.0,鑫宇科技数码品牌店
2024新品HP惠普光影精灵9 13代酷睿i5 i7手提电脑 RTX4060笔记本144Hz电竞屏游戏电脑暗夜暗影精灵9,4799.0,3000-5000元,惠普,游戏本,河南,郑州,16.0,hp惠普照奕专卖店
16寸大屏华硕无畏Pro16 12代英特尔酷睿i5标压轻薄游戏本25K屏120Hz RTX3050笔记本电脑官方旗舰店,3993.87,3000-5000元,华硕,轻薄本,江苏,南京,25.0,华硕点个赞专卖店
HUAWEI官方旗舰店官网MateBookD16华为电脑笔记本电脑新款13代英特尔i7学生轻薄本商务办公手提电脑1943,4879.0,3000-5000元,华为,轻薄本,北京,未知,39.0,苏宁易购官方旗舰店
Xiaomi小米 RedmiBook Pro 1415轻薄办公学生i5红米笔记本电脑,2489.0,3000元以下,小米,轻薄本,湖北,武汉,25.0,华艺数码商行
HUAWEI华为笔记本电脑MateBook 16s 2023 13代酷睿版16英寸大屏25K高色准触控屏超级终端轻薄本,6299.0,5000-7000元,华为,轻薄本,福建,厦门,65.0,华为美好向往专卖店
Dell戴尔高性能游戏设计本i5HX标压i7高配置rtx4050独显显卡学生3d画图c4d绘图建模渲染用笔记本电脑游匣G15,5768.03,5000-7000元,戴尔,游戏本,四川,成都,200.0,戴尔宏智乐欣专卖店
华为触屏笔记本电脑MateBook E二合一双屏轻薄办公学习电竞超极本,1252.87,3000元以下,华为,轻薄本,广东,深圳,8.0,正品数码产品直售店
新品华为MateBook 14酷睿Ultra笔记本电脑28K OLED触控手写屏轻薄灵动机身学生办公商务手提触屏2024款,6099.0,5000-7000元,华为,轻薄本,福建,厦门,3.0,华为美好向往专卖店
爆款上新吾空山灵K6 13代酷睿i713650HX16英寸游戏本RTX4060学生设计笔记本电脑,6499.0,5000-7000元,其他品牌,游戏本,广东,深圳,3.0,WOOKING旗舰店
联想Thinkbook14 轻薄办公设计画图学习学生编程游戏笔记本电脑,3349.0,3000-5000元,联想,轻薄本,四川,成都,30.0,正品电脑商城
2023新款20代超薄笔记本电脑学生办公游戏156寸4K高清手提电脑,1290.0,3000元以下,其他品牌,游戏本,广东,深圳,31.0,方技数码店
HP惠普 暗影精灵9游戏本 i9满血4060显卡学生24核游戏笔记本电脑,5599.0,5000-7000元,惠普,游戏本,江西,南昌,2.0,众鑫电子产品科技
戴影超清屏4K120Hz161英寸超薄笔记本电脑办公设计游戏电脑,2788.0,3000元以下,其他品牌,游戏本,广东,深圳,65.0,戴影笔记本店
MECHREVO机械革命 极光Pro i512450HRTX4050,4199.0,3000-5000元,机械革命,其他类型,广东,广州,1000.0,机械革命企业店
Asus华硕 灵耀X Fold i71250U OLED折叠屏 轻薄便携笔记本电脑,19899.0,10000-20000元,华硕,轻薄本,北京,未知,0.0,华硕电脑自营店
2024新款预售联想ThinkPad P14S AI 酷睿Ultra9 145英寸高性能3D绘图设计办公移动图形工作站笔记本电脑,7999.0,7000-9000元,联想,其他类型,福建,厦门,0.0,thinkpad恒瀚专卖店
雷神911por3060星战MT学生i7i5高刷电竞游戏笔记本电脑黑武士游戏,1643.87,3000元以下,雷神,游戏本,山东,济南,27.0,雷影数码商城
2024新款联想ThinkBook 1416 英特尔酷睿Ultra7i9 14英寸轻薄学生商务办公全面屏笔记本电脑官方旗舰,5999.0,5000-7000元,联想,轻薄本,福建,厦门,31.0,thinkpad恒瀚专卖店
Lenovo联想拯救者R7000P电竞游戏本Y7000学生办公设计笔记本电脑,3093.87,3000-5000元,联想,游戏本,江苏,常州,100.0,联泰正品数码商行
机械革命极光PRO蛟龙15K16K16S16PRORTX4060游戏笔记本电脑,3850.0,3000-5000元,机械革命,游戏本,湖北,武汉,1000.0,伍系笔记本商城
Asus华硕灵耀14 旗舰版 皓沙金轻薄网课商务办公笔记本电脑,6999.0,5000-7000元,华硕,轻薄本,湖北,武汉,17.0,华硕荆楚卓越专卖店
新品开售联想拯救者Y9000X 2024 AI元启 14代酷睿i9 HX 16英寸电竞游戏本笔记本电脑,14698.8,10000-20000元,联想,游戏本,北京,未知,1.0,联想艾克兰斯专卖店
Lenovo联想 拯救者 15寸笔记本电脑学生锐龙游戏本y720 Y7000P,1650.0,3000元以下,联想,游戏本,广东,广州,16.0,百星奇数码
东田三防国产麒麟系统笔记本电脑飞腾处理器半加固便携工业主机,9729.0,9000-10000元,其他品牌,其他类型,浙江,杭州,27.0,东田工控
百亿补贴雷神911X降龙13代酷睿i7 RTX4060显卡游戏笔记本电脑,5899.0,5000-7000元,雷神,游戏本,北京,未知,50.0,雷神电脑授权店
Asus华硕 A豆14 Air 2024新品高性能AI超轻薄学生女生笔记本电脑,3799.0,3000-5000元,华硕,轻薄本,浙江,杭州,30.0,杭州芹时科技有限公司企业店
Dell戴尔 G15 i710870HRTX3060Dell戴尔游匣G15游戏本5530戴,3578.0,3000-5000元,戴尔,游戏本,安徽,合肥,16.0,华中无双数码
Xiaomi小米游戏笔记本电脑i7红米Redmi G电竞i7吃鸡4060联想3060,2690.0,3000元以下,联想,游戏本,广东,深圳,0.0,品牌游戏本直销店
Xiaomi小米 RedmiBook Pro 15 2023锐龙R77840HS标压笔记本电脑,4579.0,3000-5000元,小米,其他类型,广东,深圳,100.0,小米上海实体店
DELL戴尔Latitude 54205440 14英寸13代商用办公游戏电竞轻薄笔记本设计电脑 5431升级款,5793.87,5000-7000元,戴尔,轻薄本,江苏,南京,6.0,地升数码专营店
alienware外星人笔记本电脑m15m17x15x17电竞游戏本轻薄设计办公,4999.0,3000-5000元,外星人,轻薄本,北京,未知,12.0,外星人北京线下体验中心国贸总店
Asus华硕 天选4 锐龙版高性能RTX4060电竞游戏本笔记本电脑144Hz,6799.0,5000-7000元,华硕,游戏本,浙江,湖州,45.0,嘉华数码商城
Acer宏碁暗影骑士擎掠夺者酷睿i5i7满血4060电竞游戏笔记本电脑,2599.0,3000元以下,宏碁,游戏本,广东,广州,5.0,7天科技电脑店
华硕无畏Pro14 锐龙R76800H标压轻薄本高刷屏商务华硕笔记本电脑旗舰专卖店,3799.0,3000-5000元,华硕,轻薄本,广东,广州,700.0,asus华硕硕金专卖店
新品首发联想ThinkPad T14T16 2023款13代酷睿i5i7 14英寸办公轻薄手提商务笔记本电脑IBM官方旗舰865,6999.0,5000-7000元,联想,轻薄本,福建,厦门,32.0,苏宁易购官方旗舰店
Asus华硕 vivobook15笔记本电脑酷睿i7手提电脑大学生办公轻薄本,3099.0,3000-5000元,华硕,轻薄本,北京,未知,700.0,弘鑫数码品牌店
12期免息联想ThinkPad E15 2022款12代英特尔酷睿i5i7 156英寸轻薄便携学生专业商务办公IBM笔记本电脑,4399.0,3000-5000元,联想,轻薄本,福建,厦门,62.0,thinkpad恒瀚专卖店
工作站ThinkPad P16酷睿14代i714700HX  32G RTX3500Ada12G独显图形创意设计游戏笔记本电脑官方旗舰店,21999.0,20000元以上,联想,游戏本,北京,未知,9.0,ThinkPad官方旗舰店
Dell戴尔 灵越15 35203530笔记本电脑 酷睿i7i5办公学习轻薄本,3543.87,3000-5000元,戴尔,轻薄本,上海,未知,5.0,百亿贴补电脑直供店
Lenovo联想 拯救者 R9000PY9000Pi7高端设计电竞游戏笔记本电脑,4050.0,3000-5000元,联想,游戏本,北京,未知,1000.0,品牌游戏电脑特优商城
HP惠普锐Pro 14轻薄13代酷睿笔记本电脑高刷屏25K商务家用办公,5799.0,5000-7000元,惠普,轻薄本,上海,未知,6.0,天猫超市
新品华为 MateBook 14 酷睿Ultra笔记本电脑28KOLED触控手写屏轻薄灵动机身学生办公官方旗舰店官网1943,6099.0,5000-7000元,华为,轻薄本,北京,未知,35.0,苏宁易购官方旗舰店
24期免息联想小新Pro14学生轻薄便携商务办公学生游戏本笔记本电脑14英寸手提,5298.0,5000-7000元,联想,轻薄本,江苏,南京,12.0,联想冉创专卖店
荣耀笔记本电脑MagicBook 14 2023新款酷睿高性能轻薄便携学生商务办公学习本,4099.0,3000-5000元,荣耀,轻薄本,江苏,苏州,49.0,双帆数码专营店
华为笔记本电脑MateBook14 D16SE轻薄本办公学习i7独显电竞超极本,1139.0,3000元以下,华为,轻薄本,福建,泉州,14.0,福豪数码通讯
Xiaomi小米RedmiBook Pro14 锐龙版笔记本电脑红米轻薄办公金属游戏商务学生苏宁易购官方旗舰店720,3599.0,3000-5000元,小米,轻薄本,北京,未知,200.0,苏宁易购官方旗舰店
立减小米RedmiBook Pro红米2024款16寸14锐龙13代笔记本电脑,3079.0,3000-5000元,小米,其他类型,浙江,杭州,1000.0,米粉数码科技
华硕无畏Pro15 2023 156英寸高性能轻薄电竞游戏笔记本电脑144Hz,6799.0,5000-7000元,华硕,轻薄本,浙江,杭州,100.0,佳哗数码商城
Lenovo联想 小新系列 小新161514 2024款 轻薄本 笔记本电脑,3399.0,3000-5000元,联想,轻薄本,江苏,南京,200.0,联想笔记本特惠商城
12期免息 顺丰速发Apple苹果2020款 13英寸 MacBook Air M1芯片7核8核图形学习商务笔记本电脑3526,5978.0,5000-7000元,苹果,其他类型,北京,未知,5.0,苏宁易购官方旗舰店
试用7天GPD Pocket3 八英寸平板笔记本掌上电脑迷你便携二合一轻薄超极本4096级指纹识别触屏出差商务,3399.0,3000-5000元,其他品牌,轻薄本,广东,深圳,72.0,gamepaddigital旗舰店
2024新品AI本HP惠普可选星BookPro14 英特尔酷睿Ultra5 28k屏笔记本电脑轻薄便携办公本官方旗舰店官网,5949.85,5000-7000元,惠普,轻薄本,浙江,杭州,4.0,喵速达电器官方旗舰店
Apple苹果MacBook Pro笔记本电脑Air超薄i5办公剪辑i7游戏本独显,1493.87,3000元以下,苹果,游戏本,广东,深圳,400.0,AppleMac锦森优品数码
Dell戴尔2023灵越16Plus 13代酷睿笔记本电脑设计办公轻薄本7630,4993.87,3000-5000元,戴尔,轻薄本,江苏,南京,23.0,戴尔自营企业店
荣耀MagicBook X14X16 2023新款Pro笔记本电脑14英寸轻薄便携商务办公16英寸手提电脑,3499.0,3000-5000元,荣耀,轻薄本,上海,未知,12.0,壮学数码专营店
自营联想ThinkBook16大学生高性能锐龙R78845H 处理器轻薄便携商务16英寸笔记本办公电脑,5798.5,5000-7000元,联想,轻薄本,浙江,杭州,15.0,喵速达电器官方旗舰店
联想ThinkBook14AMD锐龙R77730U笔记本电脑旗舰轻薄商务官方旗舰,4799.0,3000-5000元,联想,轻薄本,上海,未知,25.0,天猫超市
戴尔游匣G15G16酷睿i9学生游戏电脑RTX4060满血显卡电竞笔记本,3999.0,3000-5000元,戴尔,游戏本,重庆,未知,78.0,墨蓝优品数码商城
i7苹果笔记本电脑MacBook Pro超薄Air办公游戏本轻薄手提2023新款,1393.87,3000元以下,苹果,轻薄本,广东,广州,100.0,蓝鑫星期五商铺
华硕天选5Pro天选4酷睿14代2024新款40604070游戏笔记本电脑,6499.0,5000-7000元,华硕,游戏本,北京,未知,3.0,北京机械革命游戏本商城
HP惠普暗影精灵8Pro76酷睿i7学生商务办公电竞游戏本笔记本电脑,3590.0,3000-5000元,惠普,游戏本,北京,未知,99.0,新星数码科技品牌店
新品上市机械师曙光16英特尔13代酷睿i713650HX笔记本电脑满血RTX4060独显游戏本25K电竞屏手提学生,6799.0,5000-7000元,机械革命,游戏本,广东,广州,100.0,machenike旗舰店
联想小新Pro14酷睿版小新Pro16锐龙版 2024款air14轻薄笔记本电脑,2392.87,3000元以下,联想,轻薄本,上海,未知,49.0,联想笔记本电脑科技
Lenovo联想拯救者y9000p R9000P新款笔记本电脑i9学生游戏本满血,4649.0,3000-5000元,联想,游戏本,江西,南昌,100.0,7天科技电脑店
小米Redmi Book 15E英特尔酷睿i711390H标压处理器高清大屏 学习娱乐轻薄本笔记本电脑720,3199.0,3000-5000元,小米,轻薄本,北京,未知,20.0,苏宁易购官方旗舰店
2024新品酷睿i7笔记本电脑英特尔轻薄便携大学生超薄商务办公工作设计绘图高端电竞游戏官方正品独显手提,1120.0,3000元以下,其他品牌,轻薄本,浙江,杭州,4.0,天天特卖工厂店
HP惠普暗影精灵98Pro酷睿23款i9笔记本学生RTX设计渲染游戏电脑,4488.0,3000-5000元,惠普,游戏本,重庆,未知,100.0,墨蓝优品数码商城
Dell戴尔灵越14英寸高色域金属轻薄本13代英特尔酷睿i5 pr剪辑i7绘图绘画设计mc编程商务办公用2K笔记本电脑,3999.65,3000-5000元,戴尔,轻薄本,四川,成都,40.0,戴尔宏智乐欣专卖店
机械师曙光16Pro英特尔13代酷睿笔记本电脑RTX4060独显游戏本,3693.12,3000-5000元,机械革命,游戏本,广东,广州,15.0,广州烽火数码商城
HP惠普星14S青春版 12代i71260P14寸轻薄笔记本电脑高色域,4499.0,3000-5000元,惠普,轻薄本,上海,未知,11.0,茜翼数码百亿商城
ASUS华硕i513500H标压16英寸大尺寸屏幕大全键盘PR短视频剪辑制作程序员软件开发图像处理数字键办公笔记本,3499.3,3000-5000元,华硕,其他类型,四川,成都,86.0,华开云享电脑专营店
HP惠普光影精灵910 RTX405040604070独显游戏设计本笔记本电脑,5279.0,5000-7000元,惠普,游戏本,北京,未知,4.0,鑫锐数码品牌店
msi微星官方旗舰店正品魔影15学生游戏笔记本电脑13代i9处理器RTX4060独立显卡15英寸25K 165Hz大屏炫彩键盘,6999.6,5000-7000元,其他品牌,游戏本,浙江,杭州,3.0,微星旗舰店
华为MateBook E GO 2023款平板笔记本二合一性能版高刷便携电脑,3747.0,3000-5000元,华为,二合一笔记本,上海,未知,100.0,三冠电商
游戏本爆款华硕天选4 3 i7游戏本3060笔记本电脑学生电竞4060,2980.0,3000元以下,华硕,游戏本,广东,深圳,44.0,品牌游戏本直销店
联想拯救者R9000P R97945 4060灰爆款游戏学生设计笔记本电脑,9999.0,9000-10000元,联想,游戏本,河南,郑州,400.0,百亿金牌店
2024款 惠普 战66七代 AMD锐龙版 14或16英寸 R57535U R77735U 可选25K 120HZ 轻薄笔记本电脑,4299.0,3000-5000元,惠普,轻薄本,北京,未知,4.0,惠普远科万达专卖店
Huawei华为MateBook1314 i5 i7超轻薄2K触屏笔记本电脑办公学生,2653.87,3000元以下,华为,轻薄本,广东,广州,200.0,镁光科技品牌电脑
华硕无畏15pro14pro16无畏1415i2023款13代i5轻薄游戏笔记本电脑,2979.0,3000元以下,华硕,轻薄本,上海,未知,51.0,博创科技数码品牌店
Asus华硕天选5Pro 游戏笔记本电脑英特尔酷睿i7百亿补贴官方正品,6899.0,5000-7000元,华硕,游戏本,北京,未知,200.0,笔记本官企业自销
华硕a豆14air 14pro航天版13代i5女生款28K护眼屏学生笔记本电脑,3248.0,3000-5000元,华硕,其他类型,北京,未知,9.0,华硕游戏本自营商城
2024新品首发联想ThinkPad T14P AI英特尔酷睿U5 U7 轻薄便携高端商务办公编码工程师笔记本电脑官方旗舰,7299.0,7000-9000元,联想,轻薄本,上海,未知,8.0,ThinkPad志旋专卖店
奶油白Apple苹果笔记本电脑Air超薄办公商务Pro游戏设计编程办公,2199.0,3000元以下,苹果,游戏本,广东,深圳,35.0,壹心数码科技
HP惠普暗影精灵98765学生办公游戏光影笔记本电脑酷睿i9 4060,2168.0,3000元以下,惠普,游戏本,北京,未知,46.0,赤心优品数码商城
华硕灵耀X 双屏Pro 13代酷睿标压i9RTX4060 145英寸28K双触控屏轻薄高性能笔记本电脑,4993.87,3000-5000元,华硕,轻薄本,江苏,南京,12.0,华硕点个赞专卖店
Lenovo联想小新AIR15酷睿I5游戏本笔记本电脑学生办公手提轻薄便携156英寸金属本窄边框全面屏,3298.0,3000-5000元,联想,轻薄本,江苏,南京,12.0,联想冉创专卖店
机械革命蛟龙16Pro旷世G16极光S K 满血4060电竞办公笔记本电脑,4649.0,3000-5000元,机械革命,其他类型,广东,广州,27.0,正达笔记本数码
Xiaomi小米 RedmiBook Pro i5笔记本14寸156标压11代2022款电脑,2899.0,3000元以下,小米,其他类型,广东,深圳,87.0,小米上海实体店
Lenovo联想 拯救者Y7000R7000P电竞游戏设计学生游戏笔记本电脑,4093.87,3000-5000元,联想,游戏本,湖北,武汉,10.0,联创梵想正品数码商行
Acer宏碁 暗影骑士 擎掠夺者Neo游戏笔记本电脑高端电竞,6399.0,5000-7000元,宏碁,游戏本,北京,未知,2000.0,acer宏碁电脑商城
Dell戴尔灵越1416Pro笔记本电脑轻薄官方旗舰店官网学生5420网课设出差5620,3793.87,3000-5000元,戴尔,轻薄本,江苏,南京,26.0,dell戴尔戴鑫专卖店
2024新款173英寸超大屏英特尔15代笔记本电脑轻薄便携学生款超薄办公学习设计游戏直播官方正品手提电脑,932.12,3000元以下,其他品牌,轻薄本,广东,深圳,34.0,HUVVE旗舰店
Xiaomi小米RedmiBook Pro 14156寸锐龙2023款红米i7笔记本电脑,3079.0,3000-5000元,小米,其他类型,北京,未知,100.0,米粉数码科技
Lenovo联想 拯救者 G5000 办公编程设计直播电竞游戏笔记本电脑,6799.0,5000-7000元,联想,游戏本,上海,未知,1.0,联想电脑正品自营店
机械革命无界14 R77735H高性能轻薄商务笔记本电脑便携式电脑,3599.0,3000-5000元,机械革命,轻薄本,江苏,苏州,200.0,机械革命游戏本数码商城
2024新品HP惠普星bookPro1416 13代英特尔酷睿标压Ultra EVO认证轻薄便携学生办公笔记本电脑官方正品,4299.0,3000-5000元,惠普,轻薄本,湖北,武汉,45.0,惠普永盛昌源专卖店
MECHREVO机械革命 极光 Pro极光15 旷世G16耀世15Pro笔记本电脑,4688.0,3000-5000元,机械革命,其他类型,四川,成都,3.0,游戏本之家总店
华为旗舰机MateBook X Pro 2023款英特尔Evo超薄13代酷睿i7轻薄本142英寸31K原色触控屏微绒典藏笔记本电脑,7999.0,7000-9000元,华为,轻薄本,福建,厦门,82.0,华为美好向往专卖店
Huawei华为 MateBook X Pro 2020款笔记本电脑轻薄办公本商务本,2650.0,3000元以下,华为,轻薄本,广东,广州,100.0,百星奇数码
Lenovo联想 拯救者 Y7000P新款202414代酷睿大学生电竞游戏本,7499.0,7000-9000元,联想,游戏本,北京,未知,23.0,高高电脑评测
雷神猎刃16版14代i914900HX满血4060办公商务笔记本电脑24款,1088.0,3000元以下,雷神,其他类型,广东,深圳,0.0,小哆来咪科技
联想小新Pro1614 酷睿i7 轻薄商务办公学生设计游戏笔记本电脑,5699.0,5000-7000元,联想,轻薄本,上海,未知,5.0,联想电脑正品自营店
HUAWEI华为笔记本电脑MateBook 14s 人脸识别高清25K高刷触控屏i5标压i7商务i9办公轻薄便携官方正品超薄本,5999.0,5000-7000元,华为,轻薄本,福建,漳州,17.0,华为美好向往专卖店
华为笔记本电脑Matebook13D14学生超薄手提办公i5i7独显2023新款,1599.0,3000元以下,华为,其他类型,湖北,武汉,22.0,华艺数码商行
Huawei华为笔记本电脑高端i7办公商务大学生电竞游戏轻薄本手提,938.0,3000元以下,华为,轻薄本,广东,广州,7.0,戴尔电脑直销店
华为HUAWEI MateBook D 14 2024 14英寸 13代酷睿i513420H 笔记本电脑 轻薄本 1610护眼全面屏 3577,4049.0,3000-5000元,华为,轻薄本,江苏,南京,1.0,苏宁易购官方旗舰店
Lenovo联想拯救者Y7000PR7000P游戏独显电竞满血学生笔记本电脑,3743.87,3000-5000元,联想,游戏本,湖北,武汉,100.0,海王电脑数码商行
直降500华为笔记本MateBook E Go笔记本电脑平板二合一2022新款轻薄触屏学生办公专用商务官方旗舰店新品,3899.0,3000-5000元,华为,轻薄本,广东,广州,14.0,华为信沃专卖店
全新英特尔酷睿N95笔记本电脑轻薄本便携式电脑学生电竞电脑超薄全面屏156英寸笔记本电脑商务办公用,1165.5,3000元以下,其他品牌,轻薄本,浙江,杭州,1.0,天天特卖工厂店
华硕天选4天选3酷睿i5i7天选2电竞本学生4060游戏本笔记本电脑,2999.0,3000元以下,华硕,游戏本,广东,广州,900.0,笔记本电脑数码商铺
HP惠普 暗影精灵56789游戏本光影精灵英特尔酷睿笔记本手提电脑,2159.0,3000元以下,惠普,游戏本,北京,未知,300.0,赤心优品数码商城
ROG玩家国度幻16air幻14air酷睿Ultra 9轻薄学生游戏笔记本电脑,10349.0,10000-20000元,玩家国度,轻薄本,北京,未知,19.0,Asus华硕笔记本自营店
联想小新Pro16 Pro14锐龙版笔记本电脑独显酷睿i57学生办公轻薄本,2892.87,3000元以下,联想,轻薄本,上海,未知,100.0,鑫博数码自营店
Dell戴尔 latitudeE5450 E5550 E5350 14代商用办公笔记本电脑,4680.0,3000-5000元,戴尔,其他类型,上海,未知,6.0,淇淋戴尔商店
Lenovo联想拯救者R7000 Y7000P 2024性能学生电竞游戏笔记本电脑,6588.0,5000-7000元,联想,游戏本,北京,未知,200.0,北京电竞商城
小米Xiaomi Book Air 13 I5翻转触控轻薄本28K屏OLED笔记本电脑,2598.0,3000元以下,小米,轻薄本,湖南,长沙,19.0,EINHORN的本本
雷神猎刃1615 911X911MTZero性能4060电竞2024新款游戏笔记本,3699.0,3000-5000元,雷神,游戏本,上海,未知,15.0,博创科技数码品牌店
24期免息联想ThinkPad E14E15E16 2023新款酷睿i7独显14英寸商务办公手提超轻薄ibm笔记本电脑官方旗舰,4699.0,3000-5000元,联想,轻薄本,福建,厦门,24.0,thinkpad恒瀚专卖店
Acer宏碁 掠夺者擎Neo 高端游戏本电竟办公学生笔记本电脑,6899.0,5000-7000元,宏碁,游戏本,湖北,武汉,3000.0,一维螺旋科技企业店
M1芯片Apple苹果M2芯片MacBook Pro13寸全系列笔记本电脑国行正品,4900.0,3000-5000元,苹果,其他类型,广东,广州,87.0,大白萌之家
2023新品首发联想ThinkBook1416 13代英特尔酷睿标压i5i7  商务办公轻薄游戏本笔记本电脑ThinkPad官方,4899.0,3000-5000元,联想,轻薄本,上海,未知,7.0,ThinkPad捷翔专卖店
壹号本OneXPlayer游侠X1 2024酷睿Ultra7AMD R7 8840U 1095英寸三合一掌机平板笔记本电脑便携轻薄出差办公,7393.87,7000-9000元,其他品牌,轻薄本,广东,深圳,54.0,壹号本旗舰店
新品首发联想ThinkBook1416 2024款AI全能本锐龙R78845H 14英寸轻薄便携笔记本电脑大学生商务办公官方,4599.0,3000-5000元,联想,轻薄本,福建,厦门,14.0,thinkpad恒瀚专卖店
新品首发联想YOGA Pro14s 轻盈版 锐龙R7 145英寸轻薄本笔记本电脑 办公学习设计轻薄便携本,5699.75,5000-7000元,联想,轻薄本,北京,未知,28.0,联想联保专卖店
陈泽推荐Asus华硕无畏Pro15 2024 Ultra9全能游戏笔记本电脑,4999.0,3000-5000元,华硕,游戏本,北京,未知,3.0,陈泽电脑评测
外星人alienware M17 R2 R3 R4 R5 173寸大屏大型游戏笔记本电脑,2158.0,3000元以下,外星人,游戏本,广东,广州,57.0,翼锋电竞游戏服务中心
HP惠普 星bookpro13锐龙版2024款AI超轻全能本25K屏笔记本电脑,4899.0,3000-5000元,惠普,其他类型,上海,未知,100.0,惠普品牌直销店
13代新品华为Matebook1414s笔记本电脑新款酷睿i5i7触摸屏轻薄商务本华为电脑官方旗舰店官网正品1943,6899.0,5000-7000元,华为,轻薄本,北京,未知,28.0,苏宁易购官方旗舰店
AI新品上市HP惠普envy14 X360 英特尔Evo酷睿Ultra7 28k屏翻转触控笔记本电脑商务办公官方官网旗舰店,6899.13,5000-7000元,惠普,其他类型,河南,郑州,6.0,惠普同伟专卖店
惠普锐Pro14英寸轻薄笔记本电脑可选13代酷睿i71360P高刷屏25K屏高色域商务家用办公学习设计游戏本电脑275,3999.0,3000-5000元,惠普,轻薄本,江苏,南京,12.0,苏宁易购官方旗舰店
联想拯救者R9000P Y9000P R7000P Y7000P 2023新款游戏笔记本电脑,3699.0,3000-5000元,联想,游戏本,重庆,未知,100.0,朝天门电脑数码
156加7寸双屏手写触控笔记本电脑12代CPU学生商务办公笔记本电脑,1842.87,3000元以下,其他品牌,其他类型,广东,深圳,200.0,科进电脑
2024英特尔全新20代超薄笔记本电脑4K高刷屏156英寸学习办公电竞,1295.0,3000元以下,其他品牌,其他类型,广东,深圳,38.0,方技数码店
Asus华硕顽石E510笔记本电脑网课本英特尔四核处理器轻薄便携学生办公用商务本手提官方正品专卖店新品,2194.0,3000元以下,华硕,轻薄本,江西,南昌,7.0,asus华硕天溥专卖店
2024旗舰新品小米RedmiBook Pro1416酷睿ultra红米笔记本电脑英寸轻薄游戏手提156,5349.0,5000-7000元,小米,轻薄本,广东,深圳,10.0,宏百纳数码专营店
Asus华硕 天选 天选新品全新原装锐龙酷睿12代3060满血显卡游戏,3699.0,3000-5000元,华硕,游戏本,江西,南昌,200.0,品牌游戏本体验店
Apple苹果Macbook Air 2024款136寸M3芯片办公轻薄笔记本电脑,9499.0,9000-10000元,苹果,轻薄本,上海,未知,100.0,茜翼数码百亿商城
24期免息联想 ThinkBook 1415 13代酷睿i5i7 14英寸轻薄办公商务笔记本电脑苏宁易购官方旗舰店865,3999.0,3000-5000元,联想,轻薄本,福建,厦门,46.0,苏宁易购官方旗舰店
2024英特尔全新游戏超薄笔记本电脑4K高刷屏156英寸学习办公电竞,892.0,3000元以下,其他品牌,游戏本,广东,深圳,11.0,方技数码店
Asus华硕 商务 Pro15破晓2代14办公绘图考研游戏轻薄笔记本电脑,9999.0,9000-10000元,华硕,轻薄本,上海,未知,100.0,瀚唐官翻优品店
宁美国度CRL200英特尔11代12代笔记本电脑商务办公家用轻薄本学生网课便携女生笔记本N305N5100i3 1115G4,2099.0,3000元以下,玩家国度,轻薄本,湖北,武汉,300.0,宁美官方旗舰店
新品联想笔记本ideapad 15 14锐龙版8G512G 156英寸大屏轻薄本学生网课学习商务办公家用超薄便携电脑,2598.0,3000元以下,联想,轻薄本,北京,未知,48.0,联想联保专卖店
2024惠普星bookpro1416 轻薄便携女生办公学习28K屏笔记本电脑,3699.0,3000-5000元,惠普,轻薄本,北京,未知,65.0,惠普笔记本电脑商城
支持win7ThinkPadE14联想12代E15E490笔记本电脑E480E590E580,1299.0,3000元以下,联想,其他类型,浙江,杭州,100.0,联想正品一店
新品首发联想ThinkPad T14p  新款酷睿Ultra9185H  145英寸独显工程师设计商务办公便携笔记本电脑官方,7299.0,7000-9000元,联想,其他类型,福建,厦门,9.0,thinkpad新启联专卖店
顺丰现货速发Apple苹果 MacBook Air 15 英寸 M2 芯片笔记本电脑 办公 绘图 设计 学生 官方正品3526,7999.0,7000-9000元,苹果,其他类型,北京,未知,3.0,苏宁易购官方旗舰店
msi微星官方旗舰店正品星影14Air新款14英寸144Hz大屏学生轻薄游戏笔记本电脑13代i7处理器RTX40504060显卡,6299.45,5000-7000元,其他品牌,轻薄本,浙江,杭州,5.0,微星旗舰店
2024年新品Lenovo联想 小新14小新16 酷睿标压i5 Pro级轻薄本笔记本电脑商务办公学习官方旗舰店405,3599.0,3000-5000元,联想,轻薄本,江苏,南京,2.0,苏宁易购官方旗舰店
热销新品联想ThinkBook1416 13代标压酷睿i5i713700H锐炬Xe轻薄英寸商务办公游戏笔记本电脑ThinkPad,3699.0,3000-5000元,联想,轻薄本,江苏,无锡,100.0,thinkpad中硕专卖店
性能创作HP惠普 光影精灵9  156英寸游戏本 英特尔13代酷睿i5i7可选 RTX4050 144Hz游戏本笔记本电脑,4899.0,3000-5000元,惠普,游戏本,北京,未知,19.0,淘游记数码专营店
联想Lenovo拯救者Y7000P 2024 16英寸电竞游戏本笔记本电脑 i714700HX 16G 1T RTX4060,7698.55,7000-9000元,联想,游戏本,北京,未知,10.0,联想联保专卖店
Acer宏碁 非凡Go Fun 2024款全新16英寸IPS全高清防眩光轻薄英特尔酷睿八核i3手提电脑教育办公笔记本电脑,2579.0,3000元以下,宏碁,轻薄本,湖南,长沙,36.0,宏碁萌芽专卖店
联想扬天V14V15 2023新品 英特尔酷睿i512500H 轻薄便携手提学生网课办公商务笔记本电脑苏宁官方旗舰店865,3299.0,3000-5000元,联想,轻薄本,福建,厦门,100.0,苏宁易购官方旗舰店
华硕灵耀x逍遥酷睿I7办公学生笔记本电脑翻转触摸二合一,5599.0,5000-7000元,华硕,二合一笔记本,上海,未知,5.0,天猫超市
13代酷睿HX标压Hasee神舟战神TX8R5GX8R9T8D9E913代酷睿i5i74070 8G独显直连高色域165Hz屏学生本,5899.0,5000-7000元,神舟,其他类型,湖南,长沙,20.0,神舟新战神专卖店
雷神 猎刃1516 酷睿14代i9 i713650HX 4060 学生游戏笔记本电脑,5868.0,5000-7000元,雷神,游戏本,四川,成都,17.0,成都678数码商城
2024年新款2K触摸屏DERE戴睿127英寸笔记本电脑办公平板二合一windows系统商务手提轻薄便携学生学习机,2298.0,3000元以下,其他品牌,轻薄本,广东,深圳,200.0,dere戴睿博雅博秀专卖店
苹果MacBook Pro笔记本电脑13寸 15寸短租赁AR设计剪辑渲染PS道具,24.25,3000元以下,苹果,其他类型,北京,未知,17.0,电脑iPad手机租赁店
HP惠普战66七代 AMD锐龙版1416英寸轻薄笔记本电脑高性能R5R7 25K高刷高色域屏 AI生态商务女学生手提电脑,3399.0,3000-5000元,惠普,轻薄本,广东,广州,5.0,hp安答专卖店
HP惠普 星BookPro1415 28K屏便携女学生办公设计笔记本电脑i5i7,2733.87,3000元以下,惠普,其他类型,江西,南昌,49.0,京夕数码店
24期免息华硕灵耀Pro16 锐龙版16英寸120Hz高刷屏游戏设计轻薄笔记本电脑苏宁易购官方旗舰店1634,4899.0,3000-5000元,华硕,轻薄本,江苏,南京,37.0,苏宁易购官方旗舰店
Lenovo联想拯救者Y9000PR9000P Y7000P笔记本电脑电竞游戏本满血,4449.0,3000-5000元,联想,游戏本,江西,南昌,5.0,星星电脑品牌优惠店
4K翻转本华硕灵耀X逍遥133英寸轻薄商务办公触屏笔记本电脑,4999.0,3000-5000元,华硕,轻薄本,浙江,杭州,11.0,华硕数码电竞商城
Asus华硕顽石12代 180翻转屏学生商务办公女生轻薄手提笔记本电脑官方旗舰店正品,1993.87,3000元以下,华硕,轻薄本,江苏,南京,37.0,华硕星爱硕专卖店
Huawei华为 华为擎云 L540 L420 L410办公笔记本电脑,4470.0,3000-5000元,华为,其他类型,北京,未知,5.0,北京万京商贸有限公司
2024新品上市LG gram17AI酷睿Ultra7学习商务办公轻薄本25K LG原厂防眩光防偷窥屏32G大内存笔记本电脑,9193.72,9000-10000元,其他品牌,轻薄本,上海,未知,33.0,LG笔记本旗舰店
DELL戴尔 灵越13Pro 13代i5i7 办公设计画图轻薄笔记本电脑5330,3449.0,3000-5000元,戴尔,轻薄本,四川,成都,100.0,正品电脑商城
Asus华硕 天选 游戏本天选3天选Air学生游戏笔记本电脑官方正品,4993.87,3000-5000元,华硕,游戏本,广东,广州,500.0,华硕正品数码商行
华硕笔记本电脑轻薄便携商务办公学生四核独显高清护眼平飞行堡垒,888.0,3000元以下,华硕,轻薄本,湖北,武汉,72.0,品牌笔记本专门店
Huawei华为 笔记本电脑 Matebook 14 2023最新款全面屏轻薄商务,5079.0,5000-7000元,华为,轻薄本,上海,未知,37.0,HUAWEI商城
ROG魔霸新锐2024 酷睿i9 16英寸星云屏游戏本笔记本电脑RTX4060,7999.0,7000-9000元,玩家国度,游戏本,浙江,杭州,200.0,佳哗数码商城
华为笔记本电脑MateBook D14 新款13代酷睿版i51340P超薄轻薄商务办公游戏学生学习14英寸护眼屏,4419.0,3000-5000元,华为,轻薄本,福建,厦门,7.0,华为美好向往专卖店
新品现货联想小新Pro AI超能本 16英寸轻薄笔记本电脑 商务办公学习大屏电脑联想小新Pro16,5099.35,5000-7000元,联想,轻薄本,北京,未知,100.0,联想联保专卖店
联想拯救者24新款Y9000PY7000PR7000PR9000P电竞笔记本电脑,6549.0,5000-7000元,联想,其他类型,四川,成都,39.0,数码易购商城
HP惠普 zbook studio移动图形工作站笔记本电脑渲染建模剪辑15寸,2600.0,3000元以下,惠普,其他类型,广东,广州,100.0,百星奇数码
七彩虹隐星P15P16将星X17满血RTX4060独显游戏本笔记本电脑24新,5699.0,5000-7000元,其他品牌,游戏本,广东,广州,600.0,七彩虹电脑店
ThinkPad T490S i7商务办公游戏娱乐学生学习设计专用笔记本电脑,988.0,3000元以下,联想,游戏本,广东,深圳,28.0,笔记本电脑专店
壹号本全新T1系列13英寸PC笔记本电脑平板二合一 win11商务轻薄办公12代酷睿i7学生学习设计上网课触摸手写屏,2993.87,3000元以下,其他品牌,轻薄本,广东,深圳,34.0,壹号本旗舰店
惠普星BookPro14 2024新品 AI超能进阶轻薄本 酷睿 Ultra7155H Ultra5125H   学习办公笔记本电脑14英寸,5199.0,5000-7000元,惠普,轻薄本,北京,未知,16.0,惠普远科万达专卖店
Xiaomi小米 RedmiBook Pro i7笔记本15Ei711390H标压笔记本电脑,3199.0,3000-5000元,小米,其他类型,北京,未知,200.0,数码电脑企业店
新品首发机械革命无界14Pro 2024新款 R78845HS 指纹解锁设计办公商务PD充电轻薄笔记本电脑官方正品,4499.0,3000-5000元,机械革命,轻薄本,广东,深圳,20.0,机械革命泓森华专卖店
特价联想拯救者 R7000R7000P 2023 RTX4060 电竞笔记本,6999.0,5000-7000元,联想,其他类型,北京,未知,100.0,笔记本特价
华为MateBook E Go笔记本电脑二合一2023新款娱乐办公官网正品,2893.87,3000元以下,华为,二合一笔记本,四川,成都,200.0,诚欣数码商城
华为MateBook D14 SE 2024年新款笔记本电脑轻薄本商务办公学生上网男女生款官方旗舰店官网正品高配置,3849.0,3000-5000元,华为,轻薄本,广东,广州,38.0,华为上乘专卖店
机械革命 蛟龙16K翼龙15Pro 锐龙处理器RTX40602K屏独显直连,5288.0,5000-7000元,机械革命,其他类型,广东,深圳,300.0,百补游戏本直销店
Lenovo联想 拯救者 R9000P 2023新款16英寸专业电竞游戏本,9199.0,9000-10000元,联想,游戏本,安徽,合肥,1000.0,大康评测
手写触屏迷你掌上8寸小游戏笔记本电脑7寸商务办公设计超轻薄便携,2140.42,3000元以下,其他品牌,轻薄本,广东,深圳,100.0,领峰笔记本电脑工厂店
七彩虹MEOW橘宝R15锐龙满血406070电竞游戏本办公学生笔记本电脑,6299.0,5000-7000元,其他品牌,游戏本,广东,广州,18.0,七彩虹电脑店
超轻薄本华硕灵耀13 133寸 13代英特尔Evo i7 28K OLED高颜值金属超轻薄笔记本电脑华硕官方旗舰店,7499.0,7000-9000元,华硕,轻薄本,上海,未知,300.0,asus华硕官方旗舰店
联想拯救者24款R7000 R9000P Y9000P 游戏电竞作图学生笔记本电脑,4849.0,3000-5000元,联想,游戏本,陕西,西安,53.0,西北IT电脑商城
Dell戴尔笔记本电脑轻薄本11代 3520办公商用便携i3 i5手提电脑,2188.0,3000元以下,戴尔,轻薄本,广东,东莞,100.0,星河3C电脑店
2024款现货gpd win max2新款AMD8840U101寸掌上电脑游戏机迷你游戏本win11掌机便捷小型电竞笔记本电脑,5798.0,5000-7000元,其他品牌,游戏本,广东,深圳,79.0,华融数码专营店
雷神猎刃16 电竞游戏笔记本电脑14代i9满血RTX4060新款24年16英寸,7099.0,7000-9000元,雷神,游戏本,上海,未知,6.0,AI笔记本电脑商城
24期免息联想ThinkPad X1 Carbon 13代酷睿14英寸商务办公轻薄办公笔记本电脑苏宁易购官方旗舰店865,8499.0,7000-9000元,联想,轻薄本,江苏,南京,11.0,苏宁易购官方旗舰店
爆款推荐Dell戴尔G15 5530游戏本156英寸笔记本电脑RTX3060独显学生官网官方电竞LOL吃鸡 5520,5593.87,5000-7000元,戴尔,游戏本,江苏,南京,65.0,dell戴尔戴鑫专卖店
联想G5000 2024新品酷睿i7 拯救者Y7000升级版156英寸独显电竞玩家游戏本商务办公大学生PS设计笔记本电脑,6598.45,5000-7000元,联想,游戏本,北京,未知,32.0,联想联保专卖店
Acer宏碁掠夺者擎Neo 4060独显i9HX满血游戏本宏基学生笔记本电脑,7899.0,7000-9000元,宏碁,游戏本,江苏,南京,400.0,百亿数码电脑
新款英特尔n95笔记本电脑轻薄本商务办公156英寸电竞游戏娱乐便携式手提电脑学生系统,1185.0,3000元以下,其他品牌,轻薄本,浙江,杭州,45.0,天天特卖工厂店
Lenovo联想小新笔记本电脑轻薄便携学生办公设计编程i7游戏本,1494.87,3000元以下,联想,轻薄本,北京,未知,7.0,百脑汇数码城
爆款华硕游戏笔记本电脑i7玩家国度ROG天选3060独显4060学生联想,2690.0,3000元以下,联想,游戏本,广东,深圳,4.0,品牌游戏本直销店
ASUS华硕Vivobook15 全新12代酷睿i7轻薄便携学生办公商务手提官方旗舰店正品新品1634,1999.0,3000元以下,华硕,轻薄本,江苏,南京,600.0,苏宁易购官方旗舰店
2024新款壹号本1095游侠X1三合一笔记本平板电脑AMD 8840U可拆卸,6993.87,5000-7000元,其他品牌,其他类型,广东,深圳,20.0,微创极客电子
雷神猎刃16酷睿14代i714650HX满血4060独显高性能游戏笔记本电脑,7799.0,7000-9000元,雷神,游戏本,北京,未知,16.0,雷神科技数码商城
戴尔Dell游匣G15G16 5520 5530 7620 7630电竞游戏笔记本电脑官翻,4999.0,3000-5000元,戴尔,游戏本,江苏,南京,200.0,戴尔官翻瑞铭扬折扣店
Acer宏碁 暗影骑士擎5 pro 英特尔酷睿i5i7满血RTX4060办公手提25K高刷屏165Hz电竞游戏本笔记本电脑,6304.0,5000-7000元,宏碁,游戏本,湖南,长沙,7.0,宏碁澈有专卖店
华为擎云笔记本G740S540G540高配商用办公便携轻薄企业商务电脑,3599.0,3000-5000元,华为,轻薄本,上海,未知,24.0,上海华粉终端商城
ROG枪神8 Plus 超竞版 14代酷睿i9 18英寸星云屏游戏电竞笔记本电脑RTX4060708090玩家国度,12969.0,10000-20000元,玩家国度,游戏本,广东,广州,4.0,ROG玩家国度金硕专卖店
24期免息华硕ASUS灵耀X双屏酷睿i7i5 14英寸双屏创意设计轻薄笔记本电脑十一代酷睿大屏官方正品1634,5399.0,5000-7000元,华硕,轻薄本,江苏,南京,27.0,苏宁易购官方旗舰店
ThinkPad P15v英特尔酷睿i7 156英寸高性能设计师独显笔记本电脑,8799.0,7000-9000元,联想,其他类型,上海,未知,24.0,天猫超市
Xiaomi小米笔记本电脑办公商务轻薄便携大学生i7游戏本超薄手提,1160.0,3000元以下,小米,轻薄本,广东,广州,8000.0,随风数码电脑
新款Apple苹果笔记本电脑MacBookAir超薄Pro办公设计i5i7学生游戏,1494.62,3000元以下,苹果,游戏本,广东,广州,400.0,16年老店淘特数码商城
ASUS华硕touchbook14翻转触屏触摸屏触控旋转办公学生儿童折叠可以手写字手绘电脑平板二合一手提笔记本360度,2179.4,3000元以下,华硕,二合一笔记本,四川,成都,92.0,华开云享电脑专营店
773895331275机械师星辰S15 156英寸酷睿i512450H游戏本RTX3050独显电竞屏144Hz高刷笔记本电脑 2804,4499.0,3000-5000元,机械革命,游戏本,福建,厦门,2.0,苏宁易购官方旗舰店
MECHREVO机械革命 耀世15Pro i714650HXRTX4060独显笔记本电脑,5099.0,5000-7000元,机械革命,其他类型,广东,广州,2.0,机革笔记本电竞商城
ROG玩家国度 枪神7 i913980HXRTX4060 枪神6 8 Plus游戏笔记本,4699.0,3000-5000元,玩家国度,游戏本,重庆,未知,9.0,民鑫电脑
MACHENIKE机械师曙光15 T58V RTX3060独显学生吃鸡游戏笔记本电脑,2893.87,3000元以下,机械革命,游戏本,江苏,南京,84.0,扬帆电脑科技
Xiaomi小米 RedmiBook Pro1415新品办公学习游戏红米笔记本电脑,2970.87,3000元以下,小米,游戏本,江西,南昌,14.0,花花数码科技商行
Huawei华为matebook1314商务办公i5i7超薄全面触摸屏笔记本电脑,2199.0,3000元以下,华为,其他类型,湖北,武汉,21.0,翔宇数码商行
Acer宏碁非凡Go Pro 酷睿i5i7 14英寸28K高刷120Hz 笔记本电脑,3779.0,3000-5000元,宏碁,其他类型,湖南,长沙,100.0,宏碁电脑商城
Lenovo联想小新轻薄便携学生办公绘图编程i7电竞游戏笔记本电脑,1152.87,3000元以下,联想,轻薄本,广东,广州,42.0,Ienovo品牌正品店
高端商务联想ThinkPad X1 CarbonX1 Nano13代酷睿i5i7  轻薄商务手提娱乐笔记本电脑官方旗舰405,6699.0,5000-7000元,联想,轻薄本,江苏,南京,2.0,苏宁易购官方旗舰店
领券立减Lenovo联想 YOGA 13s 锐龙R5轻薄便携学生笔记本电脑超薄商务游戏办公手提全面屏 网课,3794.05,3000-5000元,联想,轻薄本,北京,未知,94.0,联想联保专卖店
笔记本电脑9新Zbook 15 四代i7四核独显2G游戏办公笔记本电脑,1150.0,3000元以下,其他品牌,游戏本,北京,未知,4.0,涛文数码
MECHREVO机械革命耀世15pro旷世G16pro极光ES高性能处理器本,4938.0,3000-5000元,机械革命,其他类型,河南,郑州,200.0,百补游戏本直销店
荣耀轻薄3K高刷屏MagicBook Pro 16办公学生游戏电竞笔记本电脑,6799.0,5000-7000元,荣耀,轻薄本,上海,未知,6.0,天猫超市
Dell戴尔G15新款游匣14核8G独显吃鸡游戏本学生办公i7笔记本电脑,3999.0,3000-5000元,戴尔,游戏本,江西,南昌,8.0,众鑫电子产品科技
HP惠普 战99 ZBook Power 156英寸 移动工作站 锐龙版R7酷睿版i7独显CAD建模渲染设计本笔记本电脑,4899.0,3000-5000元,惠普,其他类型,湖北,武汉,200.0,hp惠普聚航专卖店
Hasee神舟 战神 Z7Z8S8D6G8D63 RTX4060独显直连本 游戏本,3988.0,3000-5000元,神舟,游戏本,北京,未知,100.0,北京神舟战神店
Dell戴尔灵越14商务办公手提笔记本12代酷睿i7学生轻薄便携电脑,2699.0,3000元以下,戴尔,轻薄本,湖北,武汉,79.0,涵宇数码科技
Asus华硕 无畏15 i512500H标压高性能商务学生轻薄笔记本电脑,3599.0,3000-5000元,华硕,轻薄本,浙江,湖州,2.0,嘉华数码商城
机械革命极光Pro旷世G1615Pro极光E学生电竞游戏4060笔记本电脑,4899.0,3000-5000元,机械革命,游戏本,广东,深圳,300.0,机械革命电竞自营店
Lenovo联想小新Pro1416 轻薄游戏笔记本电脑八核Ai锐龙R7标压学生网课办公14英寸便携苏宁易购3598,5038.0,5000-7000元,联想,轻薄本,江苏,南京,1.0,苏宁易购官方旗舰店
灵耀x14酷睿I7太空版办公学生正品笔记本电脑,4399.0,3000-5000元,其他品牌,其他类型,上海,未知,1.0,天猫超市
华硕天选5 PRO满血游戏本笔记本电脑RTX4060显卡学生商务电竞本,3690.0,3000-5000元,华硕,游戏本,湖北,武汉,27.0,锦诚笔记本商行
24期分期免息雷神猎刃16酷睿16英寸14代i914900HX16G1TRTX4060满血DDR5独显240Hz25K游戏本笔记本电脑1484,8499.0,7000-9000元,雷神,游戏本,上海,未知,13.0,苏宁易购官方旗舰店
Apple苹果 MacBook Air 136英寸 2022新款 8核M2芯片 8核图形处理器 笔记本电脑3589,7599.0,7000-9000元,苹果,其他类型,上海,未知,1.0,苏宁易购官方旗舰店
HP惠普 x 360 14寸笔记本电脑超薄轻薄本便携触屏商务办公本学生,1480.0,3000元以下,惠普,轻薄本,广东,广州,200.0,百星奇数码
Lenovo联想拯救者Y7000R7000P学生办公设计电竞游戏笔记本电脑,3293.87,3000-5000元,联想,游戏本,江苏,常州,200.0,联泰正品数码商行
全铝合金属手感超好笔记本电脑133英寸超薄便携手提商务办公学习网课英特尔13代N100处理器官方旗舰正品,1798.0,3000元以下,其他品牌,其他类型,广东,深圳,2.0,xingxiangyu旗舰店
Hasee神舟 战神 Z8R7R5S8C42TX8R5TX8R9英特尔RTX40独显本,4788.0,3000-5000元,神舟,其他类型,广东,深圳,68.0,百补游戏本直销店
Lenovo联想 拯救者 R9000P Y9000P 16英寸游戏笔记本电脑,9999.0,9000-10000元,联想,游戏本,北京,未知,44.0,尚铭数码科技企业店
华硕灵耀X13 133英寸 28K OLED屏 高颜值商用超轻薄笔记本电脑,3788.0,3000-5000元,华硕,轻薄本,江苏,南京,7.0,电脑正品商城
2024新品HP惠普战66六代七代酷睿13代轻薄笔记本14156英寸25K 120Hz高性能学生家用办公AI笔记本电脑,3849.0,3000-5000元,惠普,轻薄本,江苏,南京,300.0,惠普推星专卖店
Hasee神舟 战神 Z7Z8游戏笔记本电脑LOL吃鸡电竞独显i7学生分期,2099.0,3000元以下,神舟,游戏本,广东,广州,100.0,新锐数码商城
Acer宏碁 掠夺者擎Neo暗影骑士16 Pro酷睿i5i7游戏笔记本电脑,5479.0,5000-7000元,宏碁,游戏本,湖南,长沙,400.0,宏碁电脑商城
惠普HP ENVY14 x360 envy15 2024新品办公翻转触屏轻薄笔记本电脑,5098.0,5000-7000元,惠普,轻薄本,上海,未知,54.0,沪金牌数码连锁实体店
Lenovo联想 拯救者 YR9000P冰魄白色2023款RY7000P4060游戏电脑,6649.0,5000-7000元,联想,游戏本,四川,成都,100.0,成都笔记本商城
价保618华为Matebook X Pro 2024新款酷睿Ultra142英寸柔性OLED触控全面屏笔记本电脑商务超轻薄,7899.0,7000-9000元,华为,轻薄本,上海,未知,27.0,华为衡跃专卖店
小米RedmiBookPro1415轻薄学生学习商务办公设计红米笔记本电脑,2658.0,3000元以下,小米,轻薄本,北京,未知,100.0,阳光数码科技品牌店
神舟 战神S8D6Z8D6S8C42Z7D6T8D9 酷睿i5i7 RTX40504060独显直连神州战神游戏本笔记本电脑,3988.0,3000-5000元,神舟,游戏本,河南,郑州,24.0,神舟嘉北专卖店
ROG玩家国度 枪神7幻16设计师游戏本笔记本电脑展示机,5999.0,5000-7000元,玩家国度,游戏本,江苏,南京,4.0,戴尔官翻微星折扣店1
Lenovo联想 拯救者 R9000P Y9000P 22款 YR7000P 游戏本电脑,3799.0,3000-5000元,联想,游戏本,广东,深圳,600.0,拯救者LEGION游戏本商城
Hasee神舟 优雅 X5A9 14核i9高性能轻薄 神州办公游戏笔记本电脑,2988.0,3000元以下,神舟,轻薄本,北京,未知,2.0,神舟电脑店
新品上市联想小新14小新16 锐龙版 2024新款AI高能轻薄本笔记本电脑 娱乐办公大学生电脑,3999.0,3000-5000元,联想,轻薄本,北京,未知,9.0,来酷智生活旗舰店
HP惠普星BookPro1415酷睿i5i7轻薄Ultra57办公13代笔记本电脑,2299.0,3000元以下,惠普,轻薄本,上海,未知,21.0,若万数码科技品牌店
笔记本电脑华硕无畏15 13代酷睿i5标压 156英寸高刷屏轻薄高性能,3799.0,3000-5000元,华硕,轻薄本,广东,广州,1.0,asus华硕硕金专卖店
Asus华硕无畏二合一OLED触屏艺术家联名学生网课轻薄笔记本电脑,2688.0,3000元以下,华硕,轻薄本,北京,未知,22.0,校园电竞商城
24款联想拯救者Y7000P2024 G5000 Y7000P2023游戏笔记本电脑官方,6251.0,5000-7000元,联想,游戏本,北京,未知,7.0,拯救者官企商城
Apple苹果M1 M2 Pro芯片MacBook Pro 14寸16寸笔记本电脑国行正品,8400.0,7000-9000元,苹果,其他类型,广东,广州,22.0,大白萌之家
联想小新Pro16ultra5酷睿版pro14锐龙版24新款轻薄办公笔记本电脑,3082.87,3000-5000元,联想,轻薄本,江西,南昌,53.0,联想笔记本电脑科技
Asus华硕 枪神 枪神8Plus14代酷睿i9 星云屏超竞旗舰笔记本电脑,7799.0,7000-9000元,华硕,其他类型,北京,未知,3.0,R0G败家之眼体验店
Acer宏碁 非凡Go青春版1416 Plus 酷睿i5i7标压全新笔记本电脑,2579.0,3000元以下,宏碁,其他类型,湖南,长沙,300.0,宏碁电脑商城
七彩虹 隐星G15P15 游戏本电竞笔记本电脑  RTX40504060独显直连 AIPC学生办公笔记本电脑156英寸,5269.0,5000-7000元,其他品牌,游戏本,广东,广州,100.0,七彩虹博润专卖店
HP惠普光影精灵10 9 9Plus Slim暗影10暗夜笔记本电脑游戏本4060,5998.0,5000-7000元,惠普,游戏本,上海,未知,11.0,暗影精灵游戏本正品店
华硕灵耀14 2024全新酷睿标压Ultra7 OLED颜值AI超轻薄笔记本电脑,5779.0,5000-7000元,华硕,轻薄本,北京,未知,38.0,贝克汉虎 电竞商城
Lenovo联想 小新Air 15超薄便携学生商务i57轻薄笔记本手提电脑,1594.87,3000元以下,联想,轻薄本,广东,广州,2.0,佳惠数码笔记本店
华硕无畏15 2023标压156英寸13代i5轻薄高性能笔记本电脑144Hz,4199.0,3000-5000元,华硕,轻薄本,浙江,杭州,100.0,佳哗数码商城
补贴Lenovo联想 小新 Pro14 小新Pro16高端超轻薄性能笔记本电脑,4298.0,3000-5000元,联想,轻薄本,河南,郑州,62.0,电脑数码超值购企业店
HP惠普 暗影精灵9 Plus 高能版 i913900HXRTX4090大屏高性能本,18599.0,10000-20000元,惠普,其他类型,江西,南昌,6.0,品牌游戏本体验店
松下rz8笔记本电脑轻薄便携办公设计绘图学习12寸高配版迷你电脑,786.72,3000元以下,其他品牌,轻薄本,广东,广州,30.0,伊能幸福
ROG玩家国度 幻X i913900HRTX4060 幻13 轻薄二合一笔记本电脑,8493.87,7000-9000元,玩家国度,轻薄本,上海,未知,97.0,华硕笔记本直营店
联想扬天V15 AMD锐龙R5处理器新款轻薄便携商务学习新品笔记本,3199.0,3000-5000元,联想,轻薄本,上海,未知,200.0,天猫超市
联想拯救者R7000 2024 R7000P 8845H电竞游戏笔记本电脑2023官方,6588.0,5000-7000元,联想,游戏本,北京,未知,55.0,拯救者甄选商城
14寸触控屏手提笔记本电脑英特尔二合一可拆卸折叠轻薄办公设计4K,1869.0,3000元以下,其他品牌,轻薄本,广东,深圳,2.0,锐龙笔记本电脑品牌店
新品爆款HP星BookPro16轻薄便携大屏13代笔记本电脑,5799.0,5000-7000元,惠普,轻薄本,上海,未知,2.0,天猫超市
12期免息机械师曙光15Mate酷睿12代i512450H独显RTX4050游戏本RTX4060笔记本电脑165Hz156英寸2804,4799.0,3000-5000元,机械革命,游戏本,福建,厦门,1.0,苏宁易购官方旗舰店
Lenovo联想 联想 YOGA Air 14s 曦光金 OLED触控屏笔记本电脑,3300.0,3000-5000元,联想,其他类型,广东,深圳,4.0,云忆数码科技
戴尔DELL灵越3530 156英寸13代英特尔酷睿i5笔记本电脑商务办公手提学生ps网课pr便携轻薄本3420,2999.0,3000元以下,戴尔,轻薄本,江苏,南京,13.0,戴尔新圆梦专卖店
联想22款拯救者R9000PY9000P电脑英寸酷睿i7游戏笔记本,3800.0,3000-5000元,联想,游戏本,安徽,合肥,10.0,华中无双数码
2024年新款英特尔13代酷睿i7金属笔记本电脑轻薄便携大学生超薄商务办公工作设计绘图高端电竞独显游戏本,1423.87,3000元以下,其他品牌,轻薄本,广东,深圳,71.0,pwb旗舰店
荣耀MagicBook14 2023新款笔记本电脑商务轻薄办公13代酷睿手提本,3874.05,3000-5000元,荣耀,轻薄本,北京,未知,31.0,荣耀联想电脑店
官方店联想YOGA Pro14s轻盈版 锐龙 轻奢高品质笔记本电脑,6093.87,5000-7000元,联想,其他类型,上海,未知,3.0,联想直营官方店
Huawei华为MateBook1314 i5 i7笔记本电脑超轻薄办公学生2K触屏,2292.87,3000元以下,华为,轻薄本,广东,广州,400.0,倾心科技品牌电脑
Lenovo联想 拯救者 Y9000P 2022正品学生高端游戏笔记本电脑,5590.0,5000-7000元,联想,游戏本,北京,未知,800.0,品牌游戏电脑特优商城
华硕天选5 Pro锐龙R9HX 16英寸25KRTX4060显卡电竞游戏本高性能学生商务办公笔记本电脑华硕旗舰店,8799.0,7000-9000元,华硕,游戏本,浙江,宁波,6.0,ASUS华硕旗舰店
DELL戴尔游匣G15酷睿第12代i7游戏本3060独显学生游戏笔记本电脑,3369.0,3000-5000元,戴尔,游戏本,江苏,南京,200.0,欣潮数码科技
微软 Surface Laptop Go 2 124英寸11代酷睿i5笔记本电脑 女生办公超薄2022轻薄,3888.0,3000-5000元,微软,轻薄本,浙江,杭州,9.0,微软升捷专卖店
雷神ZERO2024冰刃白酷睿14代i9电竞RTX4080大黄蜂游戏笔记本电脑,6788.0,5000-7000元,雷神,游戏本,上海,未知,28.0,Thunderobot游戏本
2024款联想小新16 锐龙版R78845H AI高能本16英寸商务办公轻薄本轻薄便携学生笔记本电脑,3999.25,3000-5000元,联想,轻薄本,北京,未知,33.0,联想联保专卖店
RTX3060独显酷睿i7笔记本电脑高配置电竞游戏本大学生3D渲染建模UG编程PS设计师CAD绘图视频剪辑手提电脑,3227.87,3000-5000元,其他品牌,游戏本,广东,深圳,89.0,家友数码通讯专营店
戴尔14Pro16Pro 5630轻薄本12代酷睿i5商务i7办公16英寸5620手提便携5430学生游戏笔记本电脑5420,3649.0,3000-5000元,戴尔,轻薄本,江苏,南京,100.0,戴尔新圆梦专卖店
华为HUAWEI 擎云S540G540G740S520 商用商务办公笔记本14寸,3249.0,3000-5000元,华为,其他类型,江苏,南京,8.0,南京联想电脑店
Acer宏碁传奇Edge 锐龙R7 6800 AMD金属锐薄16英寸4K OLED屏新款高性能高端颜值商务办公宏基笔记本电脑,5149.0,5000-7000元,宏碁,其他类型,湖北,武汉,3.0,宏碁楚非凡专卖店
HP惠普锐pro14 锐龙版 14英寸轻薄笔记本电脑标压锐龙R57640H 六核120Hz高刷高色域屏高性能学生办公手提本,3799.0,3000-5000元,惠普,轻薄本,广东,广州,50.0,hp安答专卖店
Hasee神舟战神S8D6 I7 RTX4060 25K 高刷独显游戏本笔记本电脑,4799.0,3000-5000元,神舟,游戏本,河南,郑州,300.0,神船燕子神舟电脑电商中心
爆款推荐联想ThinkBook13x  英特尔Evo酷睿i5i7  133英寸25K屏超轻薄便携学生商务办公笔记本电脑官方,4999.0,3000-5000元,联想,轻薄本,福建,厦门,14.0,thinkpad新启联专卖店
小米Redmi G红米g游戏本2022新款锐龙16寸2023电竞3060笔记本电脑,2529.0,3000元以下,小米,游戏本,广东,广州,100.0,冠格科技数码品牌店
联想笔记本电脑小新14 小新16 ideapad14s 15s 标压酷睿i5 轻薄本学生办公商务本游戏本官方正品店旗舰2024,3188.4,3000-5000元,联想,轻薄本,广东,广州,7.0,联想爱特家专卖店
ROG玩家国度枪神7 8 plus超竞版14代i9华硕2024新款笔记本电脑,11999.0,10000-20000元,华硕,其他类型,北京,未知,200.0,笔记本官企业自销
机械师 T58 T58V笔记本电脑i7 F117轻薄电竞本T90游戏本3060光追,1682.87,3000元以下,机械革命,轻薄本,广东,广州,100.0,华南游戏本专区
Dell戴尔游匣G15 5530 G16 7630 13代40系游戏本电脑官翻优品,9099.0,9000-10000元,戴尔,游戏本,江苏,南京,56.0,戴尔官翻微星折扣店1
Dell戴尔 灵越 轻薄本PLUS16高性能轻薄设计游戏笔记本电脑 官翻,4493.87,3000-5000元,戴尔,轻薄本,河南,郑州,18.0,戴尔官翻机智选折扣店
设计建模渲染专用笔记本11代酷睿i7i9笔记本电脑3D绘图CAD设计师专用轻薄学生办公手提独显1165G7游戏本,2177.72,3000元以下,其他品牌,轻薄本,广东,深圳,67.0,摆渡者风控专卖店
华硕笔记本电脑天选4 156英寸高性能显卡热切换电竞屏高端游戏本,7099.0,7000-9000元,华硕,游戏本,江西,南昌,200.0,百亿数码线上店
Dell戴尔G15游匣55205511 12代G3游戏本满血3060笔记本电脑5515,3219.0,3000-5000元,戴尔,游戏本,江苏,苏州,22.0,尚品科技电脑商城
机械师曙光16Air AMD 锐龙 R77735H R77840H 轻薄本25K 120Hz屏 100色域办公笔记本电脑游戏本手提学生,3799.0,3000-5000元,机械革命,轻薄本,福建,厦门,54.0,machenike微科龙盾专卖店
ROG玩家国度 幻14 幻16 Air 2024星空翻转版4060游戏本笔记本电脑,6889.0,5000-7000元,玩家国度,游戏本,北京,未知,89.0,贝克汉虎 电竞商城
雷神猎刃15 24新品14代i914900HX 4060高性能设计游戏笔记本电脑,5299.0,5000-7000元,雷神,游戏本,湖北,武汉,30.0,武汉添翼游戏本商城
Lenovo联想 拯救者 Y9000P 202223款正品13代酷睿i9游戏笔记本,7199.0,7000-9000元,联想,游戏本,北京,未知,0.0,品牌游戏电脑特优商城
MIUI小米 Redmi G Pro 游戏本新款酷睿独显3060游戏笔记本电脑,2445.0,3000元以下,小米,游戏本,江苏,南京,0.0,笔记本优品电脑商行
联想拯救者R7000Y7000P办公学习设计R9000P电竞游戏R7笔记本电脑,3893.87,3000-5000元,联想,游戏本,江苏,苏州,28.0,联华正品数码商行
HP惠普 战66 AMD 七代英特尔U5 U7高色域 AI智能办公笔记本电脑,3244.87,3000-5000元,惠普,其他类型,北京,未知,3.0,花开花时节
小米Redmi G Pro游戏本2024款i914900H独显RTX4060吃鸡240Hz电脑,8249.0,7000-9000元,小米,游戏本,浙江,杭州,100.0,米粉数码科技
联想拯救者Y7000P 14代酷睿i7游戏本RTX4060电竞笔记本电脑学生设计师,8187.8,7000-9000元,联想,游戏本,广东,广州,8.0,联想爱特家专卖店
华硕天选4 13代英特尔酷睿i7 156英寸学生高性能电竞游戏本RTX4060独显笔记本电脑官方旗舰店正品,6894.0,5000-7000元,华硕,游戏本,江西,南昌,100.0,华硕旭硕专卖店
ThinkBook1514新款酷睿13代轻薄商务RTX2050联想笔记本电脑锐龙,2719.0,3000元以下,联想,轻薄本,浙江,杭州,93.0,联想正品一店
Acer宏碁 暗影骑士擎16 Pro 酷睿i5i7标压游戏笔记本电脑24款156英寸25K屏165Hz高刷电竞屏笔记本电脑,5579.0,5000-7000元,宏碁,游戏本,湖南,长沙,50.0,宏碁萌芽专卖店
雷神猎刃16游戏本14代i9设计师i7绘图4060学生4070笔记本电脑,6899.0,5000-7000元,雷神,游戏本,江西,南昌,24.0,雷神直销店
10寸双屏笔记本电脑轻薄本高清触控手绘YOGA压感学生便携办公商务,2793.87,3000元以下,其他品牌,轻薄本,上海,未知,60.0,AICON数码专店
HP惠普暗影精灵10Pro 9 9Plus暗夜光影精灵游戏本笔记本电脑2024,5998.0,5000-7000元,惠普,游戏本,上海,未知,31.0,暗影精灵游戏本正品店
Asus华硕 飞行堡垒 i7独显 7代8代9代吃鸡LOL电竞学生笔记本电脑,2188.0,3000元以下,华硕,其他类型,江西,南昌,300.0,品牌游戏本精选商城
正品华为MateBook 16S13代i9学生轻薄触控屏游戏16英寸笔记本电脑,5776.7,5000-7000元,华为,轻薄本,上海,未知,100.0,12年诚信老店
2024新款联想小新Pro1416 AI超能本轻薄笔记本电脑锐龙R78845H苏宁易购官方旗舰店官网正品113,6499.0,5000-7000元,联想,轻薄本,江苏,南京,7.0,苏宁易购官方旗舰店
联想拯救者Y9000PR9000P 2024冰魄白14代酷睿学生电竞游戏笔记本,8988.0,7000-9000元,联想,游戏本,北京,未知,26.0,北京电竞商城
24款新机械革命极光pro旷世g16极光E办公笔记本电脑4060设计本,4849.0,3000-5000元,机械革命,其他类型,上海,未知,84.0,机械革命数码商城
华硕灵耀14 双屏 x逍遥酷睿Ultra7旗舰版轻薄商务办公笔记本电脑,4299.0,3000-5000元,华硕,轻薄本,上海,未知,100.0,华硕笔记本自营店
Lenovo联想 拯救者 R9000P y9000p y7000p冰魄白全新吃鸡游戏本,6550.0,5000-7000元,联想,游戏本,安徽,合肥,20.0,淇艺思创电脑科技
外星人M18R2笔记本电脑代购X16Alienware游戏本4090美行2024,22399.0,20000元以上,外星人,游戏本,北京,未知,4.0,外星人海淘数码
Huawei华为 MateBook1314超轻薄办公学生2K触屏i5 i7笔记本电脑,2574.87,3000元以下,华为,轻薄本,广东,广州,200.0,千与千寻科技品牌电脑
ROG玩家国度 枪神8 Plus RTX4080 枪神7超竞版 游戏本笔记本电脑,8993.87,7000-9000元,玩家国度,游戏本,上海,未知,300.0,华硕笔记本直营店
HP惠普 商务本 840G5笔记本电脑轻薄便携840 G7商务办公超薄本G3,720.0,3000元以下,惠普,轻薄本,广东,广州,83.0,瀚展数码二手笔记本电脑
联想ThinkBook Plus 17 2022款12代酷睿i7 173英寸双屏触控商务办公笔记本电脑苏宁易购官方旗舰店865,7699.0,7000-9000元,联想,其他类型,江苏,南京,16.0,苏宁易购官方旗舰店
Acer宏碁 非凡Go16 酷睿i5标压16英寸OLED屏120Hz轻薄笔记本电脑,2579.0,3000元以下,宏碁,轻薄本,湖南,长沙,100.0,宏碁电脑商城
Acer宏碁非凡Go青春版英特尔酷睿13代i7高能笔记本电脑14英寸大学生设计师商务办公轻薄本宏基官方手提电脑,3899.0,3000-5000元,宏碁,轻薄本,广东,广州,100.0,acer宏碁旗舰店
2024联想小新141516  Pro超能本学生设计办公手提笔记本电脑,3999.0,3000-5000元,联想,其他类型,上海,未知,25.0,联想电脑正品自营店
Lenovo联想 拯救者 R7000Y7000P学生设计R9000P游戏笔记本电脑,4493.87,3000-5000元,联想,游戏本,江苏,苏州,60.0,联华正品数码商行
华硕游戏本笔记本电脑i7玩家国度ROG飞行堡垒3060天选2联想拯救者,1912.0,3000元以下,联想,游戏本,广东,深圳,2.0,品牌游戏本特卖商城
华为笔记本电脑MateBook14 D16SE轻薄本学习办公电竞13代i7超极本,1133.87,3000元以下,华为,轻薄本,广东,深圳,9.0,天以数码科技
Acer宏碁 暗影骑士 擎Neo 13代酷睿RTX4060 电竞游戏笔记本电脑,2699.0,3000元以下,宏碁,游戏本,江苏,南京,19.0,笔记本优品电脑商行
华硕笔记本电脑 a豆14 Pro级13代标压i5高性能学生手提办公轻薄本,2949.0,3000元以下,华硕,轻薄本,江苏,南京,300.0,官企笔记本电脑商城
HP惠普暗影精灵9 光影10 PLUS SLIM14暗夜4060 70游戏笔记本电脑,5398.0,5000-7000元,惠普,游戏本,上海,未知,53.0,沪金牌数码连锁实体店
热销新品 七彩虹 橘宝MEOW R15 AI PC锐龙R78845HS RTX40604070独显直连 电竞游戏笔记本电脑官方旗舰,4799.0,3000-5000元,其他品牌,游戏本,上海,未知,47.0,七彩虹官方旗舰店
Lenovo联想 拯救者 R7000 2023款游戏笔记本电脑官方正品,7999.0,7000-9000元,联想,游戏本,北京,未知,900.0,笔记本电脑大卖场店
华硕a豆14Air 2024 14寸高性能AI超轻薄商务办公高颜值笔记本电脑,5259.0,5000-7000元,华硕,轻薄本,北京,未知,2.0,北京电竞商城
Xiaomi小米 Redmi G 游戏本锐龙版i7独显红米学习办公笔记本电脑,2593.87,3000元以下,小米,游戏本,广东,东莞,200.0,梦灿科技数码品牌店
Asus华硕 天选4 锐龙版 电竞游戏本,6699.0,5000-7000元,华硕,游戏本,湖北,武汉,500.0,壹号笔记本电脑企业店
松下笔记本 SV8高端商务办公学习便携超轻女生小型迷你笔记本电脑,797.28,3000元以下,其他品牌,其他类型,广东,广州,8.0,伊能幸福
Samsung三星 N P GALAXY BOOK4 PRO 360笔记本电脑正品香港代购,5699.0,5000-7000元,其他品牌,其他类型,香港,九龙,21.0,LYC精品代购
ThinkBook 14 2024 Ultra5UItra7 14寸16G 1T 28K AI笔记本电脑,4799.0,3000-5000元,其他品牌,其他类型,河南,郑州,1.0,联想ThinkPad企业店
高配版Acer宏碁掠夺者擎Neo14代酷睿HX酷睿笔记本电脑RTX4060独显直连游戏本满血2024高端电竞,7578.0,7000-9000元,宏碁,游戏本,北京,未知,2.0,宏碁冠恒嘉业专卖店
Apple苹果 macbook air15英寸 2023款M2芯片苹果笔记本电脑,8999.0,7000-9000元,苹果,其他类型,江苏,南京,200.0,华东电竞数码商城
Asus华硕灵耀x13办公笔记本电脑夜光蓝,4399.0,3000-5000元,华硕,其他类型,上海,未知,4.0,天猫超市
Asus华硕天选4满血酷睿锐龙电竞独显RTX4060游戏本笔记本电脑,4798.0,3000-5000元,华硕,游戏本,广东,广州,12.0,天选游戏本电竞商城
轻薄金属神舟优雅X5A9 156英寸轻薄笔记本电脑14核i912900H 16GB LPDDR5 512G PCIE 40 SSD WiFi6,3088.0,3000-5000元,神舟,轻薄本,北京,未知,2.0,蕊蕊恒信数码专营店
雷神办公911Plus 高性能高配学生轻薄设计家用笔记本电脑超高清本,1088.0,3000元以下,雷神,轻薄本,广东,深圳,0.0,小哆来咪科技
ROG玩家国度幻16Air2024幻16翻转版设计师办公40604070笔记本电脑,9688.0,9000-10000元,玩家国度,其他类型,北京,未知,200.0,校园电竞商城
12期免息联想拯救者Y7000PY9000PR9000PG5000学生游戏本笔记本电脑商务办公手提16英寸官方旗舰店官网,6834.05,5000-7000元,联想,游戏本,江苏,南京,23.0,联想冉创专卖店
联想 ThinkPad Z16 锐龙八核R7 16英寸网课学生4G独显商务办公设计笔记本电脑苏宁易购官方旗舰店官网865,5999.0,5000-7000元,联想,其他类型,江苏,南京,3.0,苏宁易购官方旗舰店
Lenovo联想 拯救者 R9000P 16英寸电竞屏高性能游戏笔记本电脑,8999.0,7000-9000元,联想,游戏本,河南,郑州,1000.0,电脑数码超值购企业店
现货现发gpd win max2 2024全新AMD 8840U迷你笔记本电脑超便携办游戏游戏掌上电脑win11小型笔记本电脑,5799.0,5000-7000元,其他品牌,游戏本,广东,深圳,96.0,格瑞来数码专营店
Acer宏碁 传奇Edge 全新锐龙R7处理器 16英寸大屏幕OLED屏4K分辨率高色域高刷轻薄112kg便携游戏笔记本电脑,4636.0,3000-5000元,宏碁,轻薄本,湖南,长沙,200.0,宏碁澈有专卖店
全新库存机DELL戴尔latitude5500轻薄商务i5长续航15寸笔记本电脑,3060.0,3000-5000元,戴尔,轻薄本,上海,未知,20.0,锦程项目管理中心
HP惠普 惠普 战66 AMD版 156英寸 14寸 英特尔 六代 笔记本电脑,3480.0,3000-5000元,惠普,其他类型,上海,未知,62.0,好好学习天天向上之成长
7英寸迷你笔记本电脑掌上8寸小尺寸小巧办公特小随身口袋本便携本,1398.0,3000元以下,其他品牌,其他类型,广东,深圳,50.0,华芯硕自营店
华硕灵耀X 双屏Pro灵耀14 酷睿标压Ultra7轻薄商务办公笔记本电脑,5039.0,5000-7000元,华硕,轻薄本,北京,未知,200.0,华硕电脑自营店
Lenovo联想 联想IdeaPad 官方正品学生直播游戏独显笔记本电脑,1244.87,3000元以下,联想,游戏本,广东,广州,20.0,非凡数码正品笔记本电脑店
24期免息HP惠普暗影光影精灵9SLIM 13代英特尔酷睿i7 RTX4060可选高刷游戏本笔记本电脑官方自营 3577,8149.0,7000-9000元,惠普,游戏本,江苏,南京,10.0,苏宁易购官方旗舰店
Dell戴尔 笔记本电脑 G3 轻薄大型游戏本学生i7四核高清办公电脑,1193.87,3000元以下,戴尔,轻薄本,广东,广州,30.0,盛世本本数码企业店
吾空凌云X16锐龙R78845Hs16寸2K165Hz全面屏轻薄游戏笔记本电脑,3099.0,3000-5000元,其他品牌,轻薄本,广东,深圳,14.0,雷神ThundeRobot深圳铂金店
HP惠普星Book14青春版14英寸新品156英寸笔记本电脑笔记本电脑,2649.0,3000元以下,惠普,其他类型,上海,未知,12.0,惠普品牌直销店
机械革命翼龙15Pro153英寸高性能RTX4060 25K屏游戏笔记本电脑,7582.87,7000-9000元,机械革命,游戏本,浙江,杭州,12.0,华东Gamecomputer铂金店
飞行堡垒i7华硕游戏本笔记本电脑3060玩家国度天选4060联想拯救者,2369.0,3000元以下,联想,游戏本,广东,深圳,0.0,品牌游戏本直销店
Lenovo联想 小新 2024款 小新14小新16 超轻薄笔记本电脑,3999.0,3000-5000元,联想,轻薄本,河南,郑州,32.0,电脑数码超值购企业店
Lenovo联想 拯救者 Y9000PR9000PY7000P 4060电竞游戏本电脑,6099.0,5000-7000元,联想,游戏本,重庆,未知,6.0,游戏本体验店
Apple苹果笔记本电脑i7视网膜商务办公本学生电竞吃鸡游戏轻薄本,880.0,3000元以下,苹果,轻薄本,广东,广州,6.0,随风数码电脑
14寸轻薄HP惠普EliteBook笔记本电脑游戏商务办公学生便携i7手提,974.0,3000元以下,惠普,轻薄本,广东,广州,47.0,锐澳数码
暑假特购Lenovo联想 小新Pro1416 AI超能本 轻薄笔记本电脑 商务办公 网课学习大屏电脑联想Pro16  559,5799.0,5000-7000元,联想,轻薄本,江苏,南京,14.0,苏宁易购官方旗舰店
Xiaomi小米3060笔记本电脑4060红米Redmi G游戏本i7吃鸡3050联想,2690.0,3000元以下,联想,游戏本,广东,深圳,0.0,品牌游戏本直销店
MECHREVO机械革命无界15Pro轻薄本办公商务本游戏本笔记本电脑,4699.0,3000-5000元,机械革命,轻薄本,上海,未知,51.0,机械革命笔记本数码店
Xiaomi Book 12寸二合一平板笔记本触屏电脑Air,2253.87,3000元以下,小米,二合一笔记本,湖南,长沙,23.0,华盛笔记本数码科技
2024新品官方正品速卡龙P10双屏口袋触屏掌上105105英寸windows系统智能办公设计游戏学生笔记本电脑,2093.87,3000元以下,其他品牌,游戏本,广东,深圳,100.0,deeq旗舰店
Lenovo联想笔记本电脑轻薄便携酷睿i5学生商务办公i7独显游戏本,1174.87,3000元以下,联想,轻薄本,广东,广州,35.0,乐淘淘数码科技
Dell戴尔 灵越 146Pus76203代i7设计师游戏本轻薄笔记本电脑7630,5499.0,5000-7000元,戴尔,轻薄本,浙江,杭州,0.0,淘宝真酷3C数码馆
Xiaomi小米 RedmiBook Pro 152023款锐龙新款办公游戏笔记本电脑,2881.87,3000元以下,小米,游戏本,湖北,武汉,0.0,鑫宇科技数码品牌店
ROG玩家国度幻14Air 2024轻薄办公设计师学生败家之眼笔记本电脑,6888.0,5000-7000元,玩家国度,轻薄本,北京,未知,100.0,校园电竞商城
吾空山灵K6S灵圣 13代酷睿i713650HX 16英寸游戏本RTX4060学生设计笔记本电脑,6699.0,5000-7000元,其他品牌,游戏本,广东,深圳,0.0,WOOKING旗舰店
机械革命 蛟龙 z3Pro极光i7游戏笔记本电脑3060分期联想华硕4060,3407.0,3000-5000元,联想,游戏本,广东,深圳,300.0,品牌游戏本直销店
ROG枪神8 枪神7 Plus 超竞版 14代酷睿i9 4090游戏电竞笔记本电脑,8899.0,7000-9000元,玩家国度,游戏本,江苏,南京,3.0,电脑正品商城
msi微星官方旗舰店正品雷影17新款学生办公游戏笔记本电脑17英寸25K240Hz高刷大屏幕满血RTX4070显卡笔记本,9299.55,9000-10000元,其他品牌,游戏本,浙江,杭州,15.0,微星旗舰店
3060华硕游戏本电脑笔记本i7飞行堡垒大学生吃鸡天选4060独显联想,2276.0,3000元以下,联想,游戏本,广东,深圳,0.0,品牌游戏本直销店
Lenovo联想拯救者Y7000PR7000P大学生设计R9000P游戏笔记本电脑,4093.87,3000-5000元,联想,游戏本,江苏,常州,3.0,联泰正品数码商行
Huawei华为 MateBook E  E GO 2023款轻薄平板笔记本电脑2合1,3699.0,3000-5000元,华为,轻薄本,上海,未知,100.0,上海三足鼎数码店
二手笔记本电脑thinkpad联想T460S超薄IBM商务游戏i7手提闲鱼优品,829.62,3000元以下,联想,游戏本,广东,广州,36.0,科品数码优品 二手笔记本
2024新品联想拯救者R9000P Y9000P R7000P Y7000P游戏笔记本电脑,7349.0,7000-9000元,联想,游戏本,北京,未知,2000.0,笔记本电脑线上店
华硕无畏Pro15 2024 Ultra9 4060独显全能AI轻薄本办公笔记本电脑,4989.0,3000-5000元,华硕,轻薄本,北京,未知,10.0,ASUS商城
Hasee神舟战神Z8E62 I712650H 4070独显25K电竞游戏笔记本电脑,6839.05,5000-7000元,神舟,游戏本,河南,郑州,2.0,神船燕子神舟电脑电商中心
24期免息华为笔记本MateBook XPro2022新款轻薄142英寸专业全面屏笔记本电脑商务办公触屏笔记本1943,9799.0,9000-10000元,华为,轻薄本,北京,未知,16.0,苏宁易购官方旗舰店
HP惠普 光影精灵 5光影精灵7光暗影精灵8全新原装游戏笔记本电脑,2799.0,3000元以下,惠普,游戏本,江西,南昌,100.0,品牌游戏本体验店
2024新品HP惠普星BookPro14英特尔Evo酷睿Ultra7 28K屏轻薄便携学生女办公笔记本电脑惠普官方旗舰官网,5299.0,5000-7000元,惠普,轻薄本,山东,青岛,11.0,惠普酷灏专卖店
Acer宏碁 非凡Pro 非凡S5 Pro 酷睿i713700H轻薄高端轻奢笔记本电脑 14英寸25K高色域触控屏笔记本电脑,6079.0,5000-7000元,宏碁,轻薄本,湖南,长沙,11.0,宏碁萌芽专卖店
联想Thinkbook 16 16英寸轻薄办公学习笔记本电脑,4299.0,3000-5000元,联想,轻薄本,北京,未知,18.0,笔记本电脑大卖场店
官方正品迷你笔记本电脑10英寸便携式超轻薄办公本英特尔商务出差小尺寸电脑笔记本儿童学生网课家用手提,1313.87,3000元以下,其他品牌,轻薄本,广东,深圳,100.0,天业来数码专营店
Asus华硕灵耀14 2024 英特尔酷睿Ultra 7 28K 120Hz OLED 高颜值高性能AI超轻薄商务办公笔记本电脑官方,6599.0,5000-7000元,华硕,轻薄本,四川,成都,11.0,华硕九鑫专卖店
Acer宏碁传奇Edge 锐龙R76800U 16英寸4K OLED屏高性能高端颜值商务办公轻薄便携本宏基手提笔记本电脑,4622.0,3000-5000元,宏碁,轻薄本,北京,未知,5.0,宏碁冠恒嘉业专卖店
Xiaomi小米游戏笔记本电脑4060红米Redmi G大学生i7吃鸡3060联想,2690.0,3000元以下,联想,游戏本,广东,深圳,0.0,品牌游戏本直销店
Huawei华为Matebook 13S超薄便携商务办公高颜值笔记本电脑学生,4182.87,3000-5000元,华为,其他类型,广东,惠州,4.0,果粉笔记本中心
Dell戴尔 Latitude E7490笔记本电脑轻薄本商务办公英特尔酷睿i5,1293.87,3000元以下,戴尔,轻薄本,广东,深圳,200.0,华锋数码易购
DELL戴尔灵越14Plus 12代i5 i7办公设计学习制图笔记本电脑7420,4249.0,3000-5000元,戴尔,其他类型,北京,未知,100.0,品牌电脑之家
清仓瑕疵 华硕a豆14轻薄笔记本111213代护眼商务办公学生电脑,2399.0,3000元以下,华硕,轻薄本,江苏,南京,100.0,a豆笔记本商城
Lenovo联想 拯救者 Y7000Pi714700HXRTX4060 游戏笔记本电脑,7699.0,7000-9000元,联想,游戏本,北京,未知,44.0,拯救者笔记本企业店
华硕2024新款酷睿i7标压14英寸银色轻薄学习编程剪辑专用性价比高写代码商务办公1T2T数字键手提带键盘灯电脑,3899.0,3000-5000元,华硕,轻薄本,四川,成都,18.0,华开云享电脑专营店
正品荣耀Magicbook X16Pro轻薄16寸商务办公学生游戏笔记本电脑,3096.75,3000-5000元,荣耀,轻薄本,上海,未知,100.0,12年诚信老店
24期免息Apple苹果 MacBook Air 13英寸 M1芯片 配备8核中央处理器和7核图形处理器苹果笔记本电脑3589,6099.0,5000-7000元,苹果,其他类型,江苏,南京,1.0,苏宁易购官方旗舰店
HP惠普 惠普星14轻薄本14寸R5i5学生商务办公学习笔记本电脑,1493.87,3000元以下,惠普,轻薄本,江苏,南京,100.0,扬帆电脑科技
机械师曙光15Mate酷睿12代i512450H独显RTX4050游戏本RTX4060笔记本电脑165Hz156英寸学生商务办公本2804,4499.0,3000-5000元,机械革命,游戏本,福建,厦门,3.0,苏宁易购官方旗舰店
微星msi泰坦18Ultra GE78HX68 14代i9游戏本RTX4090笔记本电脑4K,16999.0,10000-20000元,其他品牌,游戏本,北京,未知,97.0,微星电竞自营店
Xiaomi小米 RedmiBook Pro 1415轻薄学生办公游戏红米笔记本电脑,2199.0,3000元以下,小米,轻薄本,湖北,武汉,62.0,翔宇数码商行
Xiaomi小米 RedmiBook 14 Pro学生轻薄手提办公i5红米笔记本电脑,1669.0,3000元以下,小米,轻薄本,湖北,武汉,44.0,华艺数码商行
MECHREVO机械革命旷世G16Pro i713650HX4060电竞游戏笔记本电脑,6499.0,5000-7000元,机械革命,游戏本,江苏,无锡,5.0,百亿电脑城
荣耀MagicBook14X14X16V14学生轻薄便捷新款游戏办公笔记本电脑,1771.87,3000元以下,荣耀,轻薄本,江西,南昌,13.0,花花数码科技商行
华硕灵耀X14 灵耀X 14太空版 12代酷睿I7 14英寸高色域轻薄高性能手提办公笔记本电脑苏宁易购官方旗舰店1634,4199.0,3000-5000元,华硕,轻薄本,江苏,南京,17.0,苏宁易购官方旗舰店
HP惠普 星 13 星13air 13BOOKPRO 25K超薄办公商务笔记本电脑,4948.0,3000-5000元,惠普,其他类型,上海,未知,89.0,沪金牌数码连锁实体店
Acer宏碁 暗影骑士擎 游戏本 掠夺者NEO 新款4060 笔记本电脑,7399.0,7000-9000元,宏碁,游戏本,北京,未知,100.0,acer宏碁电脑商城
DELL戴尔灵越1416Plus AI PC轻薄办公设计建模游戏本笔记本电脑,4349.0,3000-5000元,戴尔,轻薄本,北京,未知,24.0,品牌电脑之家
小米RedmiBookpro145红米146锐龙版2024学生办公轻薄笔记本电脑,2689.0,3000元以下,小米,轻薄本,北京,未知,94.0,海威数码科技品牌店
联想拯救者R9000P冰魄白23款Y9000P2024学生4060游戏本笔记本电脑,8988.0,7000-9000元,联想,游戏本,北京,未知,21.0,校园电竞商城
华为MateBook 14 2024款酷睿UItra U7U5手写触控28K笔记本电脑,3399.0,3000-5000元,华为,其他类型,北京,未知,100.0,鼎立数码电商
Lenovo联想IdeaPad 14S 15S酷睿156独显办公本轻薄笔记本电脑,2119.0,3000元以下,联想,轻薄本,江苏,南京,62.0,华中笔记本电脑店
Xiaomi小米 Redmi G 游戏本i7独显学生吃鸡红米G游戏笔记本电脑,3848.0,3000-5000元,小米,游戏本,湖北,武汉,100.0,华艺数码商行
HP惠普 星BookPro16英寸英特尔酷睿i7 U7独显25K大屏笔记本电脑,4499.0,3000-5000元,惠普,其他类型,北京,未知,22.0,惠普中国商城
华硕游戏笔记本电脑i7飞行堡垒玩家国度ROG天选2学生联想分期3060,2021.0,3000元以下,联想,游戏本,广东,深圳,53.0,大学生电竞笔记本商城
Asus华硕笔记本电脑飞行堡垒天选i5i7锐龙办公学生156寸天选游戏,1688.0,3000元以下,华硕,游戏本,湖北,武汉,47.0,品牌笔记本专门店
Lenovo联想 340 15 17 14寸i7电脑窄边办公学生笔记本低价清仓,900.0,3000元以下,联想,其他类型,广东,广州,11.0,百星奇数码
HP惠普 星bookpro14 星book1415轻薄便携学生办公设计笔记本电脑,2599.0,3000元以下,惠普,轻薄本,江西,南昌,23.0,星星电脑品牌优惠店
华硕笔记本电脑天选4 锐龙版156英寸高性能显电竞屏游戏本,6499.0,5000-7000元,华硕,游戏本,湖北,武汉,48.0,弘珵电脑店
戴尔DELL灵越3530十三代英特尔酷睿3520学生3000轻薄便携156英寸13代商务办公本官网手提笔记本电脑,3349.0,3000-5000元,戴尔,轻薄本,福建,厦门,100.0,戴尔力持专卖店
惠普HP战66 七代酷睿14英寸轻薄笔记本电脑英特尔高性能Ultra5 16G 512G低蓝光护眼屏 19项军标 AI生态,4399.0,3000-5000元,惠普,轻薄本,北京,未知,3.0,惠普锐博正业专卖店
Xiaomi小米 Redmi G游戏本2024红米G Pro 4060 240Hz笔记本电脑,8245.0,7000-9000元,小米,游戏本,上海,未知,100.0,忠勇数码
Acer宏碁非凡Go Pro酷睿标压i5 14英寸120Hz高刷28K笔记本电脑,3749.0,3000-5000元,宏碁,其他类型,湖南,长沙,3.0,宏碁数码商城
Huawei华为 MateBook 14 2024新款酷睿I5I7轻薄手提笔记本电脑,2682.87,3000元以下,华为,轻薄本,广东,惠州,4.0,果粉笔记本中心
联想ThinkPad S2 YOGA 2023新款 13代英特尔酷睿i7 133英寸折叠翻转手写触摸屏轻薄便携商务办公笔记本电脑,5499.0,5000-7000元,联想,轻薄本,福建,厦门,5.0,thinkpad新启联专卖店
联想ThinkBook15 12代酷睿i5 2022款 156英寸轻薄便携学生网课商务办公笔记本电脑苏宁易购官方旗舰865,3699.0,3000-5000元,联想,轻薄本,江苏,南京,8.0,苏宁易购官方旗舰店
Microsoft微软Surface Laptop Go 2 3 i5 8GB16GB 256GB笔记本电脑轻薄时尚124英寸商务学生触屏笔记本,3888.0,3000-5000元,微软,轻薄本,浙江,杭州,68.0,微软升捷专卖店
HP惠普 惠普暗影 暗影精灵9 10 9Plus暗夜光影SLIM 14笔记本电脑,5598.0,5000-7000元,惠普,其他类型,上海,未知,34.0,沪金牌数码连锁实体店
Lenovo联想ThinkPad新款笔记本电脑轻薄超便携i5i7办公设计游戏,1099.0,3000元以下,联想,轻薄本,广东,广州,32.0,ThankPad直售店铺
24期分期免息雷神笔记本电脑911Plus电竞笔记本电脑游戏本电竞笔记本13代i7RTX4060笔记本满血独显直连1484,7899.0,7000-9000元,雷神,游戏本,江苏,南京,57.0,苏宁易购官方旗舰店
Xiaomi小米 小米Pro 笔记本电脑红米12代全新未拆封游戏轻薄办公,1993.87,3000元以下,小米,轻薄本,湖北,武汉,39.0,小米华南数码科技
二手笔记本电脑HP惠普 zbook 15G3图形工作站I7四核独显17寸游戏,1293.0,3000元以下,惠普,游戏本,广东,广州,100.0,广州华誉电脑科技
2024新款HP惠普战系列七代锐龙版1416英寸轻薄笔记本R5R7电脑女学生学习25K高色域低蓝光轻薄办公本275,3499.0,3000-5000元,惠普,轻薄本,江苏,南京,1.0,苏宁易购官方旗舰店
ROG玩家国度 魔霸新锐2024 魔霸7Plus超能版电竞游戏本笔记本电脑,9288.0,9000-10000元,玩家国度,游戏本,河南,郑州,28.0,豫硕数码商城
24期分期新品上市机械师曙光16Air 英特尔酷睿Ultra7  轻薄本25K 120Hz屏笔记本电脑Ultra52804,4899.0,3000-5000元,机械革命,轻薄本,福建,厦门,2.0,苏宁易购官方旗舰店
华硕无畏14pro无畏15pro16 2024款Ultra9轻薄商务学生笔记本电脑,3149.0,3000-5000元,华硕,轻薄本,浙江,杭州,17.0,全新正品笔记本电脑商城
Huawei华为 MateBook E BLw09 二合一平板电脑笔记本 12代酷睿,6649.0,5000-7000元,华为,二合一笔记本,北京,未知,2.0,晨雨通讯
ThinkPad P51 i7联想笔记本电脑P50移动图形工作站P52P53独立显卡,2468.0,3000元以下,联想,其他类型,广东,广州,79.0,Win Win数码二手笔记本电脑
新款Apple苹果笔记本电脑MacBookPro商务学生办公设计M1游戏本i9,2488.0,3000元以下,苹果,游戏本,广东,深圳,6.0,皇家本本
联想thinkpad超薄X1 carbon yoga2018商务办公用i7笔记本电脑2019,2399.0,3000元以下,联想,其他类型,广东,广州,100.0,千度数码联想Thinkpad笔记本
12期免息联想ThinkPad X13 2024新款酷睿Ultra57 133英寸轻薄便携商务学生办公手提笔记本电脑官方旗舰,6399.0,5000-7000元,联想,轻薄本,福建,厦门,23.0,thinkpad新启联专卖店
Asus华硕灵耀Pro16灵耀X双屏双触控轻薄学生商务办公笔记本电脑,4293.87,3000-5000元,华硕,轻薄本,北京,未知,27.0,ROG玩家国度数码商城
华硕灵耀X14太空版 12代酷睿I7 14英寸标压高色域轻薄高性能手提办公笔记本电脑,4093.87,3000-5000元,华硕,轻薄本,江苏,南京,25.0,华硕点个赞专卖店
Hasee神舟 战神 Z7游戏本Z8独显6G吃鸡3060笔记本电脑i9 RTX4060,1370.87,3000元以下,神舟,游戏本,广东,广州,7.0,励诚优品数码
华硕游戏笔记本电脑ROG玩家国度魔霸3060天选3独显3070联想拯救者,2995.0,3000元以下,联想,游戏本,广东,深圳,27.0,品牌游戏本直销店
8寸手写触摸屏迷你掌上游戏笔记本电脑7轻薄便携商务办公手提电脑,2140.42,3000元以下,其他品牌,轻薄本,广东,深圳,23.0,领峰笔记本电脑工厂店
Lenovo联想 小新Air 14 2023 2022 2021 笔记本电脑轻薄本学生,1806.0,3000元以下,联想,轻薄本,广东,广州,41.0,百佳笔记本科技
Hasee神舟 战神T8Z8D6S8G8D6Z7RTX4060神州游戏笔记本电脑,4888.0,3000-5000元,神舟,游戏本,北京,未知,13.0,神船战神游戏本店
HP惠普星BookPro13 2024锐龙版25K轻薄星Air学习商务笔记本电脑,4799.0,3000-5000元,惠普,轻薄本,北京,未知,36.0,惠普笔记本电脑商城
机械革命2024款蛟龙16K16Pro独显直连RTX4060学生游戏笔记本电脑,5399.0,5000-7000元,机械革命,游戏本,湖北,武汉,7.0,武汉港边商贸游戏本
Microsoft微软   Laptop 4 商业专用版笔记本电脑办公便携轻薄,2899.0,3000元以下,微软,轻薄本,安徽,合肥,7.0,全球数码搬运工
HP惠普 战系列 战66五代六代酷睿锐龙版轻薄本商务笔记本电脑,2899.0,3000元以下,惠普,轻薄本,北京,未知,55.0,惠普笔记本电脑商城
华为笔记本电脑Matebook14 D16SE轻薄本商务办公学习电竞i7超极本,1139.0,3000元以下,华为,轻薄本,广东,深圳,3.0,福豪数码通讯
pc平板二合一迷你笔记本电脑8英寸触屏可翻转小尺寸掌上电脑商务办公轻薄本便携女生手提口袋电脑2024款,2393.87,3000元以下,其他品牌,轻薄本,广东,深圳,200.0,toposh旗舰店
正品荣耀MagicBook 14Pro23款游戏学生商务独显网办公笔记本电脑,3877.65,3000-5000元,荣耀,游戏本,上海,未知,100.0,12年诚信老店
Lenovo联想 拯救者 Y9000P 2022款R9000P办公学生游戏笔记本电脑,3583.87,3000-5000元,联想,游戏本,江西,南昌,10.0,京夕数码店
小米3060电竞笔记本4060红米Redmi G学生游戏本电脑i7吃鸡i5联想,2892.0,3000元以下,联想,游戏本,广东,深圳,0.0,品牌游戏本直销店
Hasee神舟 战神 Z7Z8D6S8G8R9G9RTX4060神舟游戏笔记本电脑,3988.0,3000-5000元,神舟,游戏本,北京,未知,21.0,神舟静鑫恒晟专卖店
机械革命 无界14Pro 学生轻薄本 办公游戏笔记本电脑高颜值新款,4599.0,3000-5000元,机械革命,轻薄本,北京,未知,73.0,笔记本官企业自销
Acer宏碁蜂鸟设计师专用高端电竞绘图全能英特尔商务办公轻薄女士游戏高配置学习性能级分期付款笔记本电脑,1693.87,3000元以下,宏碁,轻薄本,河北,石家庄,36.0,宏碁大运专卖店
Acer宏碁 掠夺者擎Neo 14代酷睿i5i7i9电竞游戏本笔记本电脑,7479.0,7000-9000元,宏碁,游戏本,湖南,长沙,7.0,宏碁电脑商城
ThinkPad P52S i7独显移动工作站53S笔记本电脑580联想T590P15S,1507.83,3000元以下,联想,其他类型,广东,广州,59.0,木森科技港二手笔记本电脑
Microsoft微软Surface Laptop 5 i5 i7 16GB 512GB 135英寸时尚商务轻薄便携笔记本电脑12代酷睿Laptop6,7688.0,7000-9000元,微软,轻薄本,浙江,杭州,86.0,微软升捷专卖店
Acer宏碁 非凡 Go16轻薄本非凡16英寸教育学生办公笔记本电脑,1899.0,3000元以下,宏碁,轻薄本,山东,烟台,4.0,范范数码商城
小米Redmi g游戏本2022 i5i7锐龙RTX3060 16寸吃鸡电竞笔记本电脑,2588.0,3000元以下,小米,游戏本,广东,广州,14.0,广州瀚彬科技
thinkpad联想P51 P52移动P50办公P15v工作站P53图形p17笔记本电脑,2999.0,3000元以下,联想,其他类型,广东,广州,200.0,千度数码联想Thinkpad笔记本
Lenovo联想 小新 air14 锐龙R5轻薄便携Air15游戏办公笔记本电脑,2399.0,3000元以下,联想,轻薄本,广东,深圳,900.0,联想正品数码科技
12期免息联想ThinkPad T14T14s 锐龙R7八核 14英寸商务办公手提笔记本电脑学生轻薄便携游戏IBM官方正品,4999.0,3000-5000元,联想,轻薄本,福建,厦门,46.0,thinkpad恒瀚专卖店
Lenovo联想昭阳E5轻薄K4e支持双硬盘办公学习笔记本电脑带网口,1800.0,3000元以下,联想,轻薄本,广东,广州,12.0,联想本本之家
ThinkPad联想ThinkBook 16 i5标压16英寸便携轻薄笔记本电脑,5299.0,5000-7000元,联想,轻薄本,上海,未知,44.0,天猫超市
Acer宏碁掠夺者擎Neo RTX4060游戏笔记本电脑13代酷睿13500HX高性能骨灰玩家级25k165hz电竞屏,6646.0,5000-7000元,宏碁,游戏本,河南,郑州,100.0,宏碁云之巅专卖店
Xiaomi小米 RedmiBook 16 2024款i5 13500H办公轻薄 笔记本电脑,3099.0,3000-5000元,小米,轻薄本,上海,未知,92.0,忠勇数码
23款苹果MacBookPro官方翻新机14寸16寸寸M2 M3笔记本电脑官翻机,12894.87,10000-20000元,苹果,其他类型,北京,未知,12.0,Macyang二手数码优品店
外星人笔记本电脑X14 X16R2 M18 M16 X14R2 M18R2 外星人游戏本,9500.0,9000-10000元,外星人,游戏本,四川,成都,50.0,高个子外星人
华硕a豆14 Pro1213代酷睿i5办公学生14英寸轻薄笔记本电脑官翻,2499.0,3000元以下,华硕,轻薄本,江苏,南京,100.0,a豆笔记本商城
DELL戴尔灵越13Pro13代i5i7轻薄办公设计剪辑学生笔记本电脑5330,3399.0,3000-5000元,戴尔,轻薄本,北京,未知,63.0,品牌电脑之家
新品上市HP惠普战X 7000系列锐龙R7R9处理器1614英寸学生办公CAD视频剪辑设计师图形设计笔记本电脑,5099.0,5000-7000元,惠普,其他类型,广东,广州,11.0,hp安答专卖店
Lenovo联想 v15 V15 i513420H 16G 156寸扬天便携笔记本电脑,2999.0,3000元以下,联想,其他类型,江苏,扬州,83.0,政企采购中心
HP惠普 zbook 15G5图形设计工作站17G3三维建模i7六核笔记本电脑,1685.87,3000元以下,惠普,其他类型,广东,广州,55.0,广州亿科贸易有限公司
官方正品火影T6A T5A R5R7 RTX独立显卡3050 16英寸25K屏165hz游戏本笔记本电脑学生本 便携笔记本电脑,3999.0,3000-5000元,其他品牌,游戏本,江苏,苏州,100.0,火影旗舰店
HP惠普笔记本电脑i7游戏本大学生网课超薄手提商务办公轻薄便携,998.0,3000元以下,惠普,轻薄本,广东,广州,36.0,惠普笔记本 电脑商城
DELL戴尔2023灵越14Plus 13代酷睿笔记本电脑建模设计轻薄本7430,4893.87,3000-5000元,戴尔,轻薄本,江苏,南京,23.0,戴尔自营企业店
联想YOGA 14C 2022款酷睿超轻薄翻转触控笔记本电脑YOGA AIR14C,1998.0,3000元以下,联想,轻薄本,湖南,长沙,45.0,EINHORN的本本
honor荣耀 MagicBook Pro i5酷睿Ultra7 AI轻薄高性能16电脑炫炬,5399.0,5000-7000元,荣耀,轻薄本,上海,未知,6.0,牛牛数码0909
新品现货联想小新Pro16超能本 2023旗舰锐龙版 标压R7 16英寸大屏学习办公轻薄本笔记本电脑 大屏轻薄本,4998.65,3000-5000元,联想,轻薄本,北京,未知,100.0,联想联保专卖店
LG gram16英寸AI超轻薄本笔记本电脑英特尔酷睿Ultra7155H高性能级便携笔记本电脑商务学生游戏笔记本电脑,8293.57,7000-9000元,其他品牌,轻薄本,北京,未知,21.0,LG天恩志兴专卖店
官方正品迷你笔记本电脑触屏便携小尺寸商务出差办公平板二合一折叠12英寸轻薄本儿童学生绘画设计师专用,1763.87,3000元以下,其他品牌,轻薄本,广东,深圳,82.0,天业来数码专营店
Acer宏碁 蜂鸟 未来 环保版 英特尔EVO认证 酷睿i5处理器 100高色域 156英寸学生网课设计办公笔记本电脑,5446.0,5000-7000元,宏碁,其他类型,湖南,长沙,5.0,宏碁澈有专卖店
包邮租电脑游戏本出租高配本笔记本电竞本短租剪辑本同城批量租赁,240.0,3000元以下,其他品牌,游戏本,北京,未知,100.0,益胜租赁电脑音响LED大屏租赁
双屏触摸全面屏2024新品触控笔记本电脑官方正品英特尔酷睿i7商务办公游戏PC平板二合一360度翻转折叠,1598.0,3000元以下,其他品牌,游戏本,广东,深圳,2000.0,帕米仕旗舰店
宏碁acer 优跃air 英特尔N100四核 14英寸IPS屏 轻薄便携学生笔记本电脑 商务办公本上网本宏基手提电脑,1798.35,3000元以下,宏碁,轻薄本,广东,广州,24.0,宏碁壹信专卖店
华为笔记本电脑轻薄i7办公商务超薄大学生电竞游戏本高配手提电脑,768.0,3000元以下,华为,轻薄本,广东,广州,30.0,奋明电脑商城
神舟 新战神T8 D93E9D64PROPLUS RTX40704060独显游戏笔记本,5881.0,5000-7000元,神舟,游戏本,北京,未知,12.0,神船首都号
Lenovo联想拯救者 R7000P Y7000P 2024学生电竞游戏本笔记本电脑,6588.0,5000-7000元,联想,游戏本,北京,未知,24.0,校园电竞商城
HP惠普ZHAN 战99锐龙酷睿24款16英寸移动工作站设计师笔记本电脑,4849.0,3000-5000元,惠普,其他类型,上海,未知,65.0,惠普品牌直销店
荣耀 MagicBook 1414 Pro 2023款高性能轻薄游戏本笔记本电脑X14,3199.0,3000-5000元,荣耀,轻薄本,上海,未知,200.0,荣耀笔记本店
Asus华硕 天选 天选3Plus 天选4学生游戏本游戏笔记本电脑2023款,6193.87,5000-7000元,华硕,游戏本,广东,广州,200.0,华硕正品数码商行
新品首发联想ThinkPad E14E16 2024新款英特尔酷睿Ultra57 AI全能本14英寸轻薄便携商务办公笔记本电脑,6299.0,5000-7000元,联想,轻薄本,福建,厦门,6.0,thinkpad恒瀚专卖店
24款联想拯救者Y7000P R7000大学生学习设计电竞游戏本笔记本电脑,6588.0,5000-7000元,联想,游戏本,江苏,南京,800.0,鸿程电脑企业店
Xiaomi小米 Redmi G 游戏本2022新款学生吃鸡独显红米笔记本电脑,3828.0,3000-5000元,小米,游戏本,湖北,武汉,78.0,翔宇数码商行
荣耀MagicBook1415锐龙版学生设计办公游戏商务2024款笔记本电脑,1888.0,3000元以下,荣耀,游戏本,北京,未知,400.0,阳光数码科技品牌店
HP惠普战66七代1416英寸锐龙R5 R7酷睿i5 i7商务办公笔记本电脑,3249.0,3000-5000元,惠普,其他类型,上海,未知,100.0,惠普品牌直销店
Asus华硕顽石E410E510英特尔4核轻薄办公家用学习网课笔记本电脑,1788.0,3000元以下,华硕,轻薄本,北京,未知,25.0,校园电竞商城
HP惠普暗影精灵10 9 9Plus SlimPro光影暗夜笔记本电脑游戏本4060,6298.0,5000-7000元,惠普,游戏本,上海,未知,200.0,暗影精灵游戏本正品店
DELL戴尔灵越1416Pro13代i57轻薄本办公设计剪辑学生笔记本电脑,3299.0,3000-5000元,戴尔,轻薄本,江苏,南京,34.0,欣潮数码科技
Lenovo联想 拯救者 G5000 2024款 4060显卡 游戏设计笔记本电脑,6399.0,5000-7000元,联想,游戏本,江苏,南京,4.0,联想笔记本特惠商城
正品荣耀Magicbook X 14X16 Pro轻薄商务办公学生游戏笔记本电脑,2997.95,3000元以下,荣耀,轻薄本,上海,未知,67.0,12年诚信老店
新鲜出炉酷睿i7高性能双屏笔记本电脑双屏双触摸游戏设计绘画,3493.87,3000-5000元,其他品牌,游戏本,广东,深圳,10.0,科进电脑
HP惠普星星Bookpro131416 锐龙r7学生办公轻薄笔记本电脑,3048.0,3000-5000元,惠普,轻薄本,四川,成都,45.0,成都678数码商城
ThinkPad T14 2022 i71260P集显T14S轻薄商务办公笔记本联想IBM,2093.0,3000元以下,联想,轻薄本,广东,广州,4.0,木森科技港二手笔记本电脑
联想扬天V14V15 六核锐龙R5 14英寸轻薄便携商务办公学生游戏ThinkPad笔记本电脑苏宁易购官方旗舰店正品865,2599.0,3000元以下,联想,轻薄本,福建,厦门,20.0,苏宁易购官方旗舰店
24新款HP惠普 ProBook 445465 G11 AMD锐龙轻薄笔记本电脑  AI生态 商务办公学生女生网课手提轻薄电脑,3799.0,3000-5000元,惠普,轻薄本,广东,广州,7.0,HP惠普商用旗舰店
热卖促销HP惠普 星15青春版 156英寸轻薄笔记本电脑 AMD锐龙R75825U 100高色域屏大学生学习办公娱乐,2999.0,3000元以下,惠普,轻薄本,北京,未知,5.0,惠普锐博正业专卖店
HP惠普战99锐龙酷睿版24款 16英寸高性能笔记本设计师电脑工作站,4898.0,3000-5000元,惠普,其他类型,北京,未知,20.0,惠普笔记本电脑商城
现货速发华为笔记本电脑MateBook13S 笔记本电脑 12代英特尔酷睿处理器25K高刷触控屏轻薄办公学生商务,4949.0,3000-5000元,华为,轻薄本,北京,未知,6.0,华为宏威科锐专卖店
雷神911MT暗杀星黑武士酷睿i7轻薄便携学生吃鸡游戏本笔记本电脑,4893.87,3000-5000元,雷神,轻薄本,陕西,西安,45.0,雷神掌门人
2024新品HP惠普 暗影精灵10 可选14代酷睿i714650HX处理器RTX4060学生设计渲染161英寸游戏笔记本电脑,7499.0,7000-9000元,惠普,游戏本,北京,未知,3.0,惠普锐博正业专卖店
热销爆款联想ThinkBook13X 酷睿i5i7 英特尔EVO认证 133英寸超轻薄便携学生商务办公25K屏笔记本电脑,4999.0,3000-5000元,联想,轻薄本,福建,厦门,48.0,thinkpad恒瀚专卖店
GPD pocket3掌上迷你笔记本电脑小型便携工程师运维游戏办公8英寸,3199.0,3000-5000元,其他品牌,游戏本,上海,未知,29.0,GPD电脑平价店
全新DELL库存机M7520M7720戴尔移动工作站笔记本电脑i7独显游戏本,3570.0,3000-5000元,戴尔,游戏本,上海,未知,51.0,锦程项目管理中心
联想ThinkBook Plus 17 触控屏173英寸商务办公轻薄笔记本电脑,7699.0,7000-9000元,联想,轻薄本,上海,未知,2.0,联想电脑正品自营店
Dell戴尔 工作站 5550 7550笔记本电脑3D绘图渲染建模仿真设计师,4900.0,3000-5000元,戴尔,其他类型,广东,广州,57.0,百星奇数码
24期免息微软Surface Pro 9 i7 16G 256G 512G平板电脑二合一Win11笔记本商务触屏电脑轻薄便携Pro9,9588.0,9000-10000元,微软,轻薄本,浙江,杭州,6.0,微软升捷专卖店
神舟HASEE战神S8 D6S8C4 独显直连 i712650H RTX4060 156英寸 金属C面 学生本游戏笔记本电脑,4799.0,3000-5000元,神舟,游戏本,北京,未知,10.0,神舟宏鑫骏达专卖店
华硕灵耀14 28K轻薄笔记本商务办公OLED高清屏酷睿i5i7电脑苏宁易购官方旗舰店正品1634,5299.0,5000-7000元,华硕,轻薄本,江苏,南京,6.0,苏宁易购官方旗舰店
4060独显华硕游戏笔记本电脑i7玩家国度ROG天选2学生联想分期3060,1816.0,3000元以下,联想,游戏本,广东,深圳,4.0,大学生电竞笔记本商城
Huawei华为 笔记本电脑 Matebook 擎云S540 G540 Gen2  办公电脑,3400.0,3000-5000元,华为,其他类型,上海,未知,32.0,上海太平洋数码精品店
试用7天GPD MicroPC迷你掌上笔记本电脑6英寸办公炒股出差轻薄便携小电脑win10口袋电脑UMPC带网口,2489.0,3000元以下,其他品牌,轻薄本,广东,深圳,49.0,gamepaddigital旗舰店
2023新品酷睿i7笔记本电脑英特尔轻薄便携大学生超薄商务办公,988.0,3000元以下,其他品牌,轻薄本,广东,深圳,20.0,方技数码店
现货现发GPD Pocket3 迷你便携二合一平板掌上笔记本商务电脑win10手写8英寸轻薄超极本指纹识别触屏出差,3399.0,3000-5000元,其他品牌,轻薄本,广东,深圳,29.0,gpd天成专卖店
HP惠普 惠普 战99 战99AMD 酷睿笔记本电脑 高刷高色域 工作站,4939.0,3000-5000元,惠普,其他类型,上海,未知,100.0,惠普电脑商城
Lenovo联想 Yoga BOOK9i 双屏翻转本商务办公网课设计笔记本电脑,13499.25,10000-20000元,联想,其他类型,北京,未知,8.0,北京笔记本电脑实体店
Xiaomi小米 笔记本Pro i7笔记本12代触屏2050独显16办公游戏电脑,4088.0,3000-5000元,小米,游戏本,广东,佛山,36.0,广州悦动科技
机械革命蛟龙16Q翼龙15pro4060电竞游戏笔记本便携渲染笔记本电脑,5999.0,5000-7000元,机械革命,游戏本,江苏,苏州,500.0,机械革命游戏本数码商城
热销爆款华硕天选4 天选3代 13代i7电竞游戏本4060笔记本电脑,5999.0,5000-7000元,华硕,游戏本,江苏,南京,200.0,电脑正品商城
Lenovo联想 拯救者 R9000P Y7000P Y9000P R7000 游戏笔记本电脑,6399.0,5000-7000元,联想,游戏本,江苏,南京,100.0,联想笔记本特惠商城
HONOR荣耀MagicBook14X16pro锐龙轻薄全面屏办公游戏笔记本电脑,2368.0,3000元以下,荣耀,轻薄本,江苏,南京,22.0,欣潮数码科技
小米笔记本XiaomiBook Pro 1614寸4K超清OLED触控屏轻薄本电脑,4699.0,3000-5000元,小米,轻薄本,湖北,武汉,100.0,米粉数码科技
Asus华硕天选4 锐龙R7独显RTX4060游戏本156英寸学生笔记本电脑,5399.0,5000-7000元,华硕,游戏本,湖北,武汉,100.0,佰嘉百亿数码商城
华为触屏笔记本电脑MateBook E二合一双屏酷睿i7独显办公学习电竞,1233.87,3000元以下,华为,二合一笔记本,广东,深圳,5.0,正品数码产品直售店
荣耀magicbook14笔记本酷睿i5i7轻薄2024新商务游戏设计电脑X16,1909.0,3000元以下,荣耀,轻薄本,北京,未知,300.0,海威数码科技品牌店
2024新款RTX3060笔记本电脑旗舰正品次元战神6G独显直连英特尔酷睿i7高端笔记本大学生电竞手提吃鸡游戏,1899.0,3000元以下,其他品牌,游戏本,广东,深圳,24.0,UIG旗舰店
ROG玩家国度幻14幻15幻16华硕2024款设计师轻薄高性能笔记本电脑,6899.0,5000-7000元,华硕,轻薄本,北京,未知,42.0,华硕游戏笔记本自营店
宏碁acer2024新款暗影骑士擎5笔记本电脑156英寸电竞屏高色域独显满血功耗高性能游戏本,5989.0,5000-7000元,宏碁,游戏本,安徽,合肥,2.0,鑫一宏数码专营店
联想ThinkBook141516 超轻薄商务办公学生设计剪辑笔记本电脑,3349.0,3000-5000元,联想,轻薄本,北京,未知,54.0,品牌电脑之家
七彩虹隐星p15将星x1517学生游戏设计笔记本电脑电竞满血RTX4060,3694.0,3000-5000元,其他品牌,游戏本,江西,南昌,13.0,星星电脑品牌优惠店
ROG玩家国度魔霸新锐2024华硕7plus超能版败家之眼4060笔记本电脑,8731.0,7000-9000元,华硕,其他类型,北京,未知,22.0,华硕天选自营商城
联想小新Pro16 AI元启2024锐龙R78845H酷睿Ultra9轻薄笔记本电脑,4899.0,3000-5000元,联想,轻薄本,北京,未知,94.0,鼎科数码商城
Lenovo联想 拯救者 Y9000X P Y7000P 2024 冰魄白游戏设计笔记本,7299.0,7000-9000元,联想,游戏本,北京,未知,96.0,北京笔记本电脑实体店
新品首发微星MSI 绝影1614 Ai Studio 2024全新Ultra7  RTX4060独显直连25K240Hz轻薄全能游戏本电脑,11799.0,10000-20000元,其他品牌,轻薄本,上海,未知,26.0,微星游戏本旗舰店
MIUI小米 RedmiBook 14笔记本电脑轻薄商务办公学生红米1516pro,1599.0,3000元以下,小米,轻薄本,北京,未知,3.0,Ultrabook建外soho线下体验店
机械革命蛟龙16Pro学生轻薄电竞游戏笔记本电脑,7699.0,7000-9000元,机械革命,轻薄本,上海,未知,28.0,机械革命笔记本数码店
17寸笔记本电脑HP惠普 zbook 15 G6 移动图形工作站渲染设计建模,1745.68,3000元以下,惠普,其他类型,广东,广州,28.0,锐澳数码
新品现货Lenovo联想ThinkBook14P 锐龙R7标压 14英寸22K屏轻薄游戏笔记本电脑大学生商务办公官方旗舰,3699.0,3000-5000元,联想,轻薄本,福建,厦门,36.0,thinkpad恒瀚专卖店
Xiaomi小米 Redmi G 游戏本 XMG2003AJ 2022全新未拆封全国联保,4493.87,3000-5000元,小米,游戏本,湖北,武汉,15.0,小米华南数码科技
2022年新款苹果笔记本电脑MacBookPro超薄M2八核商务游戏设计剪辑,4282.87,3000-5000元,苹果,游戏本,广东,深圳,2.0,14年老店皇家数码严选 苹果笔记本电脑
移动工作站联想ThinkPad P15V 标压i5i7 4G独显156英寸3D绘图设计游戏移动图形工作站笔记本电脑IBM,6249.0,5000-7000元,联想,游戏本,江苏,无锡,7.0,thinkpad中硕专卖店
新品努比亚红魔电竞游戏本6月新品上市最新款红魔笔记本电脑,29999.0,20000元以上,其他品牌,游戏本,上海,未知,0.0,君川数码商城
联想ThinkPad X1 Carbon20轻薄高端商务旗舰办公22笔记本电脑,3288.0,3000-5000元,联想,轻薄本,浙江,杭州,14.0,联想正品一店
吾空凌云X15锐龙R56600游戏本156英寸25K超清屏办公笔记本电脑,2799.0,3000元以下,其他品牌,游戏本,广东,深圳,0.0,小丸子和白骨精
MECHREVO机械革命 蛟龙16K R7 7735HRTX4060游戏笔记本电脑,3899.0,3000-5000元,机械革命,游戏本,江苏,南京,13.0,笔记本优品电脑商行
保价618联想ThinkBook16P 2024款高性能商务办公笔记本 英特尔14代酷睿标压 16英寸设计AI创想笔记本559,10299.0,10000-20000元,联想,其他类型,江苏,南京,5.0,苏宁易购官方旗舰店
Microsoft微软 Surface Laptop i5 8G 256G商务办公笔记本电脑12,1056.87,3000元以下,微软,其他类型,广东,惠州,28.0,旧时光surface优品
Lenovo联想 拯救者 Y7000P_Y9000P 23款学生电竞游戏笔记本电脑,6099.0,5000-7000元,联想,游戏本,江苏,南京,2.0,笔记本优品电脑商行
Lenovo联想拯救者Y9000P2024冰魄白R9000P 4060游戏本笔记本电脑,8999.0,7000-9000元,联想,游戏本,北京,未知,2.0,贝克汉虎 电竞商城
新品AI本联想笔记本电脑小新Pro16 Al超能本 英特尔酷睿ultra5 125H 16英寸轻本120Hz护眼学生设计游戏,5898.75,5000-7000元,联想,游戏本,北京,未知,28.0,联想艾克兰斯专卖店
松下军工办公商务笔记本电脑cfsz5酷睿i512寸ips屏849克学生轻薄,844.87,3000元以下,其他品牌,轻薄本,广东,广州,100.0,勇缘本本
ThinkPad E14系列 i5 i7 2023款 E16 13代CPU 办公学习笔记本电脑,3894.0,3000-5000元,联想,其他类型,上海,未知,19.0,上海仁商实业有限公司
良品Acer宏碁掠夺者擎NEO暗影骑士擎龙 游戏笔记本电脑擎16,3499.0,3000-5000元,宏碁,游戏本,广东,广州,300.0,正达笔记本数码
Acer宏碁 游戏本电脑 暗影骑士 掠夺者擎Neo14代HX笔记本新品,7579.0,7000-9000元,宏碁,游戏本,北京,未知,5.0,宏碁acer电脑商城
机械革命极光Pro 4060 蛟龙16pro 4070 耀世16pro 学生笔记本电脑,6299.0,5000-7000元,机械革命,其他类型,上海,未知,100.0,机械革命品质服务1号店
24新品联想ThinkPad P16v英特尔酷睿Ultra7标压32G1T RTX1000Ada 6G独显图形创意游戏设计笔记本电脑官方,15999.0,10000-20000元,联想,游戏本,北京,未知,6.0,ThinkPad官方旗舰店
玩家国度ROG幻14air华硕4090 星空版轻薄设计高性能笔记本电脑,6549.0,5000-7000元,华硕,轻薄本,上海,未知,52.0,上海电竞自营店
Dell戴尔 灵越 14学生轻薄便捷商务办公i7游戏粉色笔记本电脑,2373.87,3000元以下,戴尔,轻薄本,湖北,武汉,45.0,鑫宇科技数码品牌店
24期免息分期Lenovo联想 拯救者R9000PR7000PY9000P 16英寸游戏本笔记本电脑新锐龙8核R7RTX40系显卡,8399.0,7000-9000元,联想,游戏本,天津,未知,23.0,联想通恒本厚专卖店
Lenovo联想小新1416Pro14新款酷睿全面屏轻薄办公女笔记本电脑,2799.0,3000元以下,联想,轻薄本,江苏,南京,100.0,华中笔记本电脑店
Xiaomi小米游戏笔记本电脑4060独显红米Redmi G电竞吃鸡3060联想,3685.0,3000-5000元,联想,游戏本,广东,深圳,0.0,品牌游戏本直销店
官翻机ROG幻14 幻15 幻16翻转触屏全能高性能设计轻薄笔记本电脑,6899.0,5000-7000元,玩家国度,轻薄本,北京,未知,41.0,ROG玩家国度数码商城
Xiaomi小米 RedmiBook Pro 14红米14轻薄网课办公游戏笔记本电脑,2499.0,3000元以下,小米,轻薄本,湖北,武汉,6.0,笔记本数码商行
新店钜惠华硕破晓43 Ultra5芯片1416寸13代英特尔轻薄商务办公学生笔记本电脑官方正品人脸指纹识别,3299.0,3000-5000元,华硕,轻薄本,江苏,南京,3.0,Asus华硕爱速斯专卖店
荣耀笔记本电脑MagicBook1415锐龙2022R5新款学生办公轻薄便携本,1899.0,3000元以下,荣耀,轻薄本,广东,广州,58.0,倾心科技品牌电脑
雷神TBOOK14Pro 23款设计轻薄商务办公游戏笔记本电脑13代i5处理,6799.0,5000-7000元,雷神,轻薄本,广东,深圳,52.0,雷神ThundeRobot深圳铂金店
24期免息微星MSI 绝影14Studio13代i9 RTX4060显卡25K屏轻薄游戏设计笔记本电脑旗舰店,13399.0,10000-20000元,其他品牌,轻薄本,上海,未知,22.0,微星游戏本旗舰店
20新款M1 Apple苹果MacBookPro设计商务办公游戏i5 i7笔记本电脑,2788.0,3000元以下,苹果,游戏本,广东,深圳,100.0,13年老店麦克布苹果电脑
雷神911X猎荒者降龙13代酷睿i7独显4060学生电竞游戏本笔记本电脑,5899.0,5000-7000元,雷神,游戏本,陕西,西安,95.0,雷神掌门人
2023新品HP惠普锐15轻薄商务办公笔记本156英寸AMD锐龙版R77730U处理器高色域学生网课便捷手提电脑275,3899.0,3000-5000元,惠普,轻薄本,江苏,南京,25.0,苏宁易购官方旗舰店
HP惠普 ProBook 440 G8 430 450 630 640 650 G9 G10 笔记本电脑,2750.0,3000元以下,惠普,其他类型,上海,未知,52.0,好好学习天天向上之成长
ROG玩家国度 幻X 幻13 4060 轻薄设计翻转触屏高性能笔记本电脑,5199.0,5000-7000元,玩家国度,轻薄本,北京,未知,41.0,ROG玩家国度数码商城
Lenovo联想 拯救者 R9000P R9 7945H RTX4060独显 拯救者游戏本,9199.0,9000-10000元,联想,游戏本,江西,南昌,100.0,无迪数码商城
HP惠普 星14PRO 星14PROBook青春版时尚办公轻薄网课学生笔记本,1799.0,3000元以下,惠普,轻薄本,江西,南昌,37.0,诚信青年数码商行
华硕a豆14 Pro 13代标压i5 25K高色域办公超轻薄手提笔记本电脑,3149.0,3000-5000元,华硕,轻薄本,江苏,南京,32.0,电脑正品商城
GPD MicroPC迷你笔记本电脑 轻薄便携UMPC超薄随身办公商务60英寸工程师超级本微小型主机win10口袋掌上电脑,2489.0,3000元以下,其他品牌,轻薄本,广东,深圳,58.0,格瑞来数码专营店
Asus华硕 灵耀 灵耀X13 R76800U灵耀13 Ultra7 OLED笔记本电脑,4699.0,3000-5000元,华硕,其他类型,河南,郑州,66.0,天选电脑商城
咨询有礼联想ThinkPad T14 锐龙R7 14英寸工程设计商务办公IBM笔记本电脑学生轻薄苏宁易购官方旗舰店865,6899.0,5000-7000元,联想,轻薄本,江苏,南京,37.0,苏宁易购官方旗舰店
笔记本电脑轻薄便携学生女生款超薄金属粉色英特尔酷睿i7商务办公,1095.0,3000元以下,其他品牌,轻薄本,广东,深圳,32.0,方科数码电脑店
Dell戴尔 游匣 游戏本G15新G5学生G3电竞游戏设计G7笔记本i7电脑,1886.0,3000元以下,戴尔,游戏本,上海,未知,17.0,起点科技数码
Dell戴尔i77540precision7720电脑M7730图形3D工作站笔记本M7740,2289.0,3000元以下,戴尔,其他类型,广东,广州,100.0,天极数码店
新品首发联想ThinkBook 14 16 2024 AI英特尔酷睿Ultra7商务办公学生游戏独显ibm笔记本电脑官方旗舰,6899.0,5000-7000元,联想,游戏本,上海,未知,75.0,ThinkPad捷翔专卖店
Alienware外星人M16M18M15M17R4567高端游戏本独立显卡优品,20099.0,20000元以上,外星人,游戏本,江苏,南京,98.0,戴尔官翻微星折扣店1
荣耀MagicBookX14 X15 2022 新款i5R5轻薄学习 办公笔记本电脑,1859.0,3000元以下,荣耀,轻薄本,湖北,武汉,100.0,华商科技品牌电脑
Huawei华为MateBook 14S 24款轻薄便携学生游戏触摸屏笔记本电脑,4188.0,3000-5000元,华为,轻薄本,广东,惠州,3.0,果粉笔记本中心
雷神911Plus 173英寸学生便携本商务学生设计笔记本电脑游戏吃鸡,1088.0,3000元以下,雷神,游戏本,广东,深圳,0.0,小哆来咪科技
Hasee神舟 战神S8D6Z8E6G8T8RTX4060RTX4070独显游戏笔记本,4599.0,3000-5000元,神舟,游戏本,北京,未知,44.0,神船首都号
ThinkPadT14工程师系列T490T14 i7十一代联想商务笔记本电脑win7,2999.0,3000元以下,联想,其他类型,江西,南昌,7.0,睿鑫ThinkPad笔记本电脑
Panasonic松下 SV1 SV9 高端商务笔记本电脑办公商用超轻笔记本,1645.61,3000元以下,其他品牌,其他类型,广东,广州,5.0,伊能幸福
雷神911ZERO 2024款14代i5i7i9 408090独显直连游戏笔记本电脑,7399.0,7000-9000元,雷神,游戏本,江苏,南京,77.0,电竞游戏本自营店
戴尔DELL灵越3520 办公编程设计剪辑制图学生网课独显笔记本电脑,3249.0,3000-5000元,戴尔,其他类型,北京,未知,87.0,品牌电脑之家
联想ThinkPad E16 酷睿i5i7 高色域轻薄商务办公笔记本电脑25K,3999.0,3000-5000元,联想,轻薄本,江苏,南京,56.0,Think国行分销批发店
东芝B35笔记本电脑轻薄学生游戏本15寸四核办公游戏本带数字键盘,799.0,3000元以下,其他品牌,轻薄本,广东,广州,29.0,利捷科技
2024首发新品156寸笔记本电脑N95英特尔办公设游戏学生电脑,1096.0,3000元以下,其他品牌,游戏本,广东,深圳,29.0,方科数码电脑店
华硕无双15 酷睿i5轻薄便携学生设计商务办公指纹手提笔记本电脑,3799.0,3000-5000元,华硕,轻薄本,北京,未知,200.0,华硕电脑自营店
联想ThinkPad T 14商务T15T490T480T470S办公便携笔记本电脑i7,2400.0,3000元以下,联想,其他类型,上海,未知,56.0,华南科技直销店
特价华硕游戏本电脑3060笔记本i7天选2独显4060大学生分期联想R7,2191.0,3000元以下,联想,游戏本,广东,深圳,0.0,品牌游戏本直销店
GPD Pocket3迷你平板二合一掌上笔记本电脑手写8寸轻薄翻转超极本,3199.0,3000-5000元,其他品牌,轻薄本,江苏,苏州,45.0,GPD掌机电脑
Lenovo联想 拯救者Y7000P i7 14650HI7 14700H RTX4060 8G独显,7299.0,7000-9000元,联想,其他类型,上海,未知,2000.0,无迪数码商城
雷神911X猎荒者 2023款 i7暗杀星zero满血4060独显直连笔记本电脑,3665.0,3000-5000元,雷神,其他类型,江西,南昌,100.0,品牌电脑商行top店
华硕无畏Pro15 28K 120Hz OLED屏新锐龙全能游戏轻薄笔记本电脑,3449.0,3000-5000元,华硕,轻薄本,江苏,南京,18.0,官企笔记本电脑商城
联想拯救者Y9000P2024冰魄白R9000P游戏笔记本电脑官方旗舰2024款,9073.0,9000-10000元,联想,游戏本,北京,未知,13.0,拯救者官企商城
Xiaomi小米3060游戏笔记本电脑3050学生红米Redmi G吃鸡4060联想,2677.0,3000元以下,联想,游戏本,广东,深圳,0.0,品牌游戏本直销店
微星MSI 泰坦16HX丨17HX丨GP68HX 2024游戏本满血RTX40系列酷睿i9笔记本电脑25K240Hz电竞本,9299.0,9000-10000元,其他品牌,游戏本,北京,未知,44.0,微星圣元利业专卖店
现货荣耀MagicBook V 14英寸轻薄商务触屏游戏学生手提笔记本电脑,3797.85,3000-5000元,荣耀,轻薄本,上海,未知,100.0,12年诚信老店
HP惠普 暗影精灵 系列光影78暗影9新款4060高配游戏笔记本电脑,3593.87,3000-5000元,惠普,游戏本,江苏,南京,100.0,扬帆电脑科技
Apple苹果 MacBook Air153英寸M2芯片2023款笔记本电脑官方旗舰店4,10099.0,10000-20000元,苹果,其他类型,浙江,金华,2.0,苏宁易购官方旗舰店
宏碁非凡go宏基商务办公女生16寸轻薄手提电脑官方正品笔记本电脑,1953.89,3000元以下,宏碁,轻薄本,山东,济南,35.0,梦匠电竞机械革命电脑店
攀升酷睿i3笔记本电脑 暴风龙P3先锋版办公轻薄游戏设计学生绘图专用商务超薄便携式轻薄本,2099.0,3000元以下,其他品牌,轻薄本,湖北,武汉,80.0,IPASON攀升官方旗舰店
七彩虹隐星P15 P16 将星X15游戏笔记本电脑满血版4060独显直连X17,4199.0,3000-5000元,其他品牌,游戏本,广东,深圳,88.0,雷神ThundeRobot深圳铂金店
当季新品 戴尔DELL灵龙笔记本电脑AI轻薄本灵越145445锐龙版高性能商务办公学生 22K,4099.0,3000-5000元,戴尔,轻薄本,江苏,无锡,4.0,戴尔新圆梦专卖店
Huawei华为 MateBook E BLw09 Ego平板触摸屏二合一笔记本电脑,1499.0,3000元以下,华为,二合一笔记本,上海,未知,54.0,上海臣胜数码科技
Lenovo联想 THINKBOOK THINKBOOK等,3180.0,3000-5000元,联想,其他类型,安徽,合肥,6.0,淇艺思创电脑科技
Microsoft微软 微软Surface Laptop Go 2商务轻薄笔记本电脑4Go3,2688.0,3000元以下,微软,轻薄本,广东,深圳,19.0,佳诺数码优品
24新品联想ThinkBook16 锐龙高性能本酷睿Ultra7轻薄学生游戏本16英寸大屏办公笔记本电脑,3799.0,3000-5000元,联想,轻薄本,广东,广州,10.0,ThinkPad仁捷专卖店
Lenovo联想 Yoga C940 C740 FLEX 14触屏办公学生笔记本电脑15寸,1850.0,3000元以下,联想,其他类型,广东,广州,200.0,百星奇数码
联想ThinkBook 16p酷睿I5 13500H高色域轻薄办公笔记本电脑25K,2998.0,3000元以下,联想,轻薄本,湖南,长沙,52.0,EINHORN的本本
24期免息惠普HP2024新品英特尔酷睿Ultra5 星Book Pro1416  28K护眼超轻薄办公学生笔记本电脑自营3577,5099.0,5000-7000元,惠普,轻薄本,江苏,南京,3.0,苏宁易购官方旗舰店
acer宏碁2024新品优跃笔记本电脑 标压i7 16英寸办公学生轻薄本 i713620H 标压IPS屏 宏基手提笔记本电脑,4299.0,3000-5000元,宏碁,轻薄本,北京,未知,7.0,acer宏碁商用旗舰店
华硕破晓4 Ultra5 2024AI高性能轻薄商务办公手提学生笔记本电脑,2899.0,3000元以下,华硕,轻薄本,广东,广州,6.0,华硕笔记本自营店
雷神笔记本电脑911X猎荒者电竞笔记本电脑13代英特尔酷睿i713620HRTX4060游戏本满血独显直连1K定制屏1484,5999.0,5000-7000元,雷神,游戏本,上海,未知,10.0,苏宁易购官方旗舰店
Lenovo联想 E 4430ITH二手笔记本电脑商务办公学生网课手提便携,585.0,3000元以下,联想,其他类型,江苏,苏州,4.0,牛牛二手电脑数码馆
官方正品Hasee神舟13代战神Z7DA5NSS8D6Z7D6T7DA7NP酷睿i7 RTX3050满血独显窄边框带背光吃鸡游戏本,4199.0,3000-5000元,神舟,游戏本,四川,成都,74.0,神舟新战神专卖店
15寸独显thinkpad联想T580笔记本电脑T570大屏T15商务办公本t590,1099.0,3000元以下,联想,其他类型,广东,广州,84.0,千度数码联想Thinkpad笔记本
2023款MacBook Pro 官翻新机苹果M1Pro Max 16英寸笔记本电脑定制,8700.0,7000-9000元,苹果,其他类型,江苏,南京,81.0,南京麦克牛牛数码
爆款尖货吾空凌云X1516 锐龙R77840Hs8845Hs锐龙版无界轻薄本16156英寸全面屏笔记本电脑商务本,2999.0,3000元以下,其他品牌,轻薄本,广东,深圳,100.0,WOOKING旗舰店
热卖促销HP惠普 Elitebook 640 G10 G9 14英寸商用高端轻薄笔记本办公电脑 酷睿 i5i7处理器 FHD IPS屏,4699.0,3000-5000元,惠普,轻薄本,北京,未知,5.0,惠普锐博正业专卖店
Lenovo联想拯救者 Y9000P 2024款 大学生设计电竞游戏笔记本电脑,10493.87,10000-20000元,联想,游戏本,上海,未知,4.0,百亿贴补电脑直供店
HP惠普 战66 AMD七代 7代 2024款高色域全高清屏幕 笔记本电脑,3249.0,3000-5000元,惠普,其他类型,上海,未知,16.0,惠普电脑商城
Hasee神舟 战神S8T8Z8D6G8D6Z7RTX4060RTX4070独显直连学生电竞游戏本办公电脑神州游戏笔记本电脑,4688.0,3000-5000元,神舟,游戏本,北京,未知,8.0,蕊蕊恒信数码专营店
HP惠普Elitebook630 640 650 G8 G9 G10 i3 i5 i7 13代笔记本电脑,3049.0,3000-5000元,惠普,其他类型,上海,未知,86.0,上海惠普在线商店
Dell戴尔 INS 灵越16Plus 7630 16英寸25K屏13代i74060笔记本,7499.0,7000-9000元,戴尔,其他类型,上海,未知,2.0,上海徐家汇电脑商城
ROG冰刃7 双屏 16英寸 星云原画屏 设计师高性能 游戏笔记本电脑,20899.0,20000元以上,玩家国度,游戏本,上海,未知,66.0,Asus华硕笔记本自营商城
Asus华硕 无畏16 Pro14 Pro15i 2023款轻薄办公笔记本电脑,3299.0,3000-5000元,华硕,轻薄本,江苏,南京,36.0,电竞游戏本自营店
Lenovo联想 小新Pro14pro16锐龙版笔记本电脑学生办公AI轻薄本,5699.0,5000-7000元,联想,轻薄本,上海,未知,22.0,联想电脑正品自营店
新品2024款 联想拯救者Y7000P  酷睿标压i714700Hx RTX4060 16英寸游戏电竞笔记本电脑,10073.0,10000-20000元,联想,游戏本,浙江,杭州,1.0,天猫优品官方直营
华硕a豆14 Pro 酷睿i5高性能商务办公大学生游戏手提笔记本电脑,2949.0,3000元以下,华硕,游戏本,江苏,南京,100.0,电脑正品商城
新品现货联想小新Pro14 2023标压锐龙版R7 7840HS 28K 120Hz 14英寸笔记本电脑 学生办公便携轻薄本,4197.8,3000-5000元,联想,轻薄本,上海,未知,65.0,联想联保专卖店
Hasee神舟 战神S8D6Z8学生笔记本电脑RTX4060独显直连本 游戏本,3690.0,3000-5000元,神舟,游戏本,江西,南昌,6.0,星星电脑品牌优惠店
Acer宏碁新蜂鸟13代酷睿i5 156英寸10核轻薄笔记本电脑学生商用办公本宏基官方正品,3199.0,3000-5000元,宏碁,轻薄本,上海,未知,9.0,acer宏碁商用旗舰店
新品首发ThinkPad联想ThinkBook1416锐龙版8核R7R5 25K22K高色域银灰色商务办公超轻薄笔记本电脑,3699.0,3000-5000元,联想,轻薄本,江苏,无锡,9.0,thinkpad中硕专卖店
2023新款 华硕ProArt华硕创16 4070显卡i9设计师4KOLED笔记本电脑,7466.0,7000-9000元,华硕,其他类型,北京,未知,21.0,华硕游戏本自营商城
Xiaomi小米 RedmiBook 14 Pro笔记本电脑i5高性能标压轻薄游戏本,3899.0,3000-5000元,小米,轻薄本,浙江,杭州,0.0,淘宝真酷3C数码馆
新品上市联想YOGA Pro14s 轻盈版 锐龙R7 145英寸轻薄本笔记本电脑 办公学习设计轻薄便携本旗舰店同仓,5699.0,5000-7000元,联想,轻薄本,安徽,合肥,7.0,来酷智生活旗舰店
ROG魔霸新锐 魔霸7Plus4060 4090魔霸6Plus 电竞游戏本笔记本电脑,5693.87,5000-7000元,玩家国度,游戏本,广东,广州,200.0,电竞笔记本商城
机械革命极光zpro蛟龙16K7深海幽灵Z23游戏本406050笔记本电脑,3926.0,3000-5000元,机械革命,游戏本,广东,广州,500.0,冠格科技数码品牌店
HP惠普战99设计师本高端笔记本电脑工作站 Zbook高性能图形显卡,12199.0,10000-20000元,惠普,其他类型,北京,未知,5.0,惠普笔记本电脑商城
12期免息ThinkPad X1 Nano 2023 Gen3酷睿i5 i7 13英寸EVO认证高端轻薄商务办公笔记本电脑联想官方旗舰,6399.0,5000-7000元,联想,轻薄本,上海,未知,51.0,ThinkPad志旋专卖店
ROG玩家国度 幻16 Air 酷睿 Ultra 9全新轻薄办公设计笔记本电脑,13151.87,10000-20000元,玩家国度,轻薄本,江苏,南京,25.0,ROG玩家国度电竞商城
MECHREVO机械革命 蛟龙15K16K16Pro 锐龙R7 4060游戏笔记本电脑,3948.0,3000-5000元,机械革命,游戏本,四川,成都,37.0,成都678数码商城
Colorful七彩虹隐星P16 i712650H满血4060游戏笔记本电脑2024款,5599.0,5000-7000元,其他品牌,游戏本,广东,深圳,16.0,小丸子和白骨精
阿里自营Acer宏碁非凡Go 14英寸高色域全新学生办公轻薄oled手提笔记本电脑,3739.0,3000-5000元,宏碁,轻薄本,浙江,杭州,600.0,喵速达电器官方旗舰店
新品微星MSI 刃影1617  2024 14代i7游戏笔记本  RTX4060独显直连25K240Hz 全能游戏本电脑官方旗舰店,8499.0,7000-9000元,其他品牌,游戏本,上海,未知,26.0,微星游戏本旗舰店
联想V14V15英特尔赛扬N4500处理器轻薄办公便携学生小新品笔记本,2899.0,3000元以下,联想,轻薄本,上海,未知,34.0,天猫超市
外星人笔记本电脑M17R5AMD锐龙R7R9高端电竞游戏本173寸办公2022,6599.0,5000-7000元,外星人,游戏本,北京,未知,2.0,外星人北京线下体验中心国贸总店
Asus华硕天选Plus游戏173寸大屏12核锐龙FX706HM笔记本电脑i7,3305.03,3000-5000元,华硕,游戏本,广东,广州,10.0,正品数码商店
官方直营联想小新Pro1413代酷睿i5i7i9 办公学习轻薄本,6199.0,5000-7000元,联想,轻薄本,上海,未知,600.0,天猫超市
gpd win4掌机电脑8840游戏4G上网络便携轻薄笔记本5G办公迷你2024,4599.0,3000-5000元,其他品牌,轻薄本,广西,南宁,52.0,理工学院数码店
人气王IPASON攀升国行明星款P3护眼版 INTEL四核16英寸低蓝光高性能笔记本电脑大学生网课设计学习办公轻薄本,1893.87,3000元以下,其他品牌,轻薄本,湖北,武汉,93.0,攀升兄弟旗舰店
雷神911十代 光追RTX3060 独显156英寸笔记本电脑电竞游戏吃鸡本,1088.0,3000元以下,雷神,游戏本,广东,深圳,0.0,小哆来咪科技
Dell戴尔 E 5440 5450 5350 7350 7450 5550 Latitude笔记本电脑,4200.0,3000-5000元,戴尔,其他类型,上海,未知,8.0,上海AIPC商务中心
新品 CHUWI驰为 Minibook X105寸迷你笔记本平板二合一win11掌上电脑超轻薄便携商务办公出差炒股电脑,3999.0,3000-5000元,其他品牌,轻薄本,广东,深圳,82.0,驰为智谷专卖店
HP惠普 锐Pro14 锐龙版R7酷睿版i7 轻薄便携25K屏120Hz高刷屏 高性能设计学生笔记本电脑官方授权正品,4248.0,3000-5000元,惠普,轻薄本,湖北,武汉,68.0,hp惠普聚航专卖店
ROG玩家国度幻16Air幻14Air星空翻转版2024款4090显卡笔记本电脑,9599.0,9000-10000元,玩家国度,其他类型,北京,未知,69.0,华硕游戏本自营商城
Apple苹果M2芯片MacBook Air13寸153寸超薄笔记本电脑国行正品,5800.0,5000-7000元,苹果,其他类型,北京,未知,33.0,淘优数码
机械师曙光15 12代酷睿i5 165Hz电竞屏高性能学生游戏笔记本电脑,4099.0,3000-5000元,机械革命,游戏本,广东,深圳,5.0,雷神ThundeRobot深圳铂金店
Lenovo联想IdeaPad15S 英特尔酷睿i5轻薄游戏笔记本学生网课办公本156英寸大屏手提便携电脑,3088.65,3000-5000元,联想,轻薄本,北京,未知,57.0,联想艾克兰斯专卖店
联想ThinkBook14 2024AI全能本酷睿Ultra57 轻薄游戏学生笔记本,6299.0,5000-7000元,联想,轻薄本,上海,未知,37.0,天猫超市
雷神 911X猎荒者 i713620H 4060 25K 165HZ 电竞学生笔记本电脑,5088.0,5000-7000元,雷神,其他类型,安徽,合肥,36.0,笔记本电脑数码工厂店
华为MateBook E 学生办公平板126英寸12代WIFI笔记本二合一电脑,3279.0,3000-5000元,华为,二合一笔记本,上海,未知,37.0,果果数码电商
联想 ThinkPad P14sP16s 13代酷睿i7 16英寸3D建模设计师办公移动图形工作站笔记本电脑苏宁易购官方旗舰865,6959.0,5000-7000元,联想,其他类型,江苏,南京,22.0,苏宁易购官方旗舰店
i9爆款神舟战神Z8游戏本3060独显S8笔记本电脑4060吃鸡3070联想i7,2272.0,3000元以下,联想,游戏本,广东,深圳,1.0,品牌游戏本直销店
戴尔g15 游匣 5511 5520 5530 全能学生游戏本笔记本电脑满血4060,3420.0,3000-5000元,戴尔,游戏本,广东,广州,200.0,7天科技电脑店
联想ThinkPad P16v 酷睿i9i7 移动工作站建模绘图笔记本电脑独显,8799.0,7000-9000元,联想,其他类型,江苏,南京,20.0,Think国行分销批发店
HP惠普 Spectre X360 16寸14寸 2024新品幽灵系列触屏笔记本电脑,8948.0,7000-9000元,惠普,其他类型,上海,未知,23.0,hp惠普上海自营店
大D Dell戴尔Latitude5450 5550戴尔官方直发 全新机 定制 正品,4999.0,3000-5000元,戴尔,其他类型,福建,厦门,6.0,大D 笔记本电脑 移动工作站Precision Latitude
松下SV8笔记本电脑游戏轻薄便携高配办公设计绘图12寸迷你笔记本,786.72,3000元以下,其他品牌,轻薄本,广东,广州,6.0,伊能幸福
ROG幻X 2024 第13代i9 134英寸 星云屏 触控轻薄笔记本电脑,4999.0,3000-5000元,玩家国度,轻薄本,上海,未知,200.0,Asus华硕笔记本自营商城
Apple苹果MacBook Pro 133英寸 M2芯片新款超轻薄笔记本电脑,7999.0,7000-9000元,苹果,轻薄本,江苏,南京,200.0,华东电竞数码商城
Dell戴尔 Ins 游匣G16 76207630 13代i7高端游戏笔记本电脑优品,6899.0,5000-7000元,戴尔,游戏本,上海,未知,20.0,戴尔电脑销售中心
联想小新14 小新pro14 标压酷睿版 14英寸轻薄笔记本电脑 卷云灰,3999.0,3000-5000元,联想,轻薄本,河南,郑州,44.0,百亿金牌店
雷神911MT黑武士 4060设计游戏笔记本电脑156英寸本电竞LOL吃鸡,1088.0,3000元以下,雷神,游戏本,广东,深圳,0.0,小哆来咪科技
联想ThinkPad Neo 14 1CCD i5 12500H锐龙版I7笔记本电脑R7 6800H,4068.0,3000-5000元,联想,其他类型,上海,未知,16.0,ThinkPad官方悦立店
联想小新Pro1416 AI超能本 英特尔酷睿轻薄笔记本电脑学习商务办公官方旗舰店正品113,6299.0,5000-7000元,联想,轻薄本,江苏,南京,12.0,苏宁易购官方旗舰店
Dell戴尔 Latitude 7400741074207310翻转触屏笔记本电脑二手,2120.0,3000元以下,戴尔,其他类型,广东,广州,100.0,乐心企业 二手笔记本
Apple苹果 MacBook Pro 13英寸 MacPro 22笔记本 电脑M2成都现货,6788.0,5000-7000元,苹果,其他类型,四川,成都,38.0,向阳数码批发店
雷神911Plus2024巨兽RTX4060笔记本电脑17寸独显高配学生办公家用,1088.0,3000元以下,雷神,其他类型,广东,深圳,0.0,小哆来咪科技
2020新款Apple苹果MacBook Pro笔记本电脑M1办公设计i7游戏带bar,2393.87,3000元以下,苹果,游戏本,广东,深圳,400.0,AppleMac锦森优品数码
Acer宏碁蜂鸟Fun S40A515 13代英特尔酷睿i5新品156英寸大屏轻薄便携商务办公本宏基旗舰店A514笔记本电脑,3999.0,3000-5000元,宏碁,轻薄本,广东,深圳,51.0,acer宏碁旗舰店
2024锐龙新品HP惠普星bookplus16锐龙AMD可选R7处理器触控屏高颜值笔记本电脑大学生女办公轻薄电脑1938,2999.0,3000元以下,惠普,轻薄本,江苏,南京,100.0,苏宁易购官方旗舰店
Dell戴尔 戴尔笔记本 笔记本电脑G153746B I713650HXRTX4060,6999.0,5000-7000元,戴尔,其他类型,河北,保定,2.0,原厂官翻机折扣店
三防加固笔记本电脑军工业级移动工作站服务器电脑便携一体机定制,10800.0,10000-20000元,其他品牌,其他类型,广东,东莞,9.0,便携特种计算机厂家
新品重磅上市华硕Zenbook轻薄设计手提二合一触屏 笔记本电脑,4099.0,3000-5000元,华硕,轻薄本,江苏,南京,37.0,电脑正品商城
新品微星MSI 星影1415Air13代i7i5 RTX4050RTX4060显卡 商务办公学生轻薄游戏电竞笔记本电脑,5939.1,5000-7000元,其他品牌,轻薄本,上海,未知,34.0,微星懿达专卖店
Acer宏碁 非凡Go 14英寸AI智慧轻薄本酷睿Ultra5Ultra7高端轻薄笔记本电脑 大学生笔记本电脑商务办公Evo版,4979.0,3000-5000元,宏碁,轻薄本,湖南,长沙,2.0,宏碁萌芽专卖店
华硕游戏笔记本电脑ROG魔霸枪神玩家国度3060天选3拯救者3070联想,2997.0,3000元以下,联想,游戏本,广东,深圳,8.0,品牌游戏本直销店
Microsoft微软 Surface Laptop Go i5 8GB 128256GB笔记本电脑1,1688.0,3000元以下,微软,其他类型,北京,未知,69.0,北京Surface直销
Microsoft微软 surface pro 6 酷睿i78GB256GB 8 二合一笔记本,1228.37,3000元以下,微软,二合一笔记本,上海,未知,72.0,蓝天数码港
七彩虹隐星P15电竞新款X17满血RTX4060学生i7游戏设计笔记本电脑,4739.0,3000-5000元,其他品牌,游戏本,重庆,未知,8.0,墨蓝优品数码商城
驰为新款Gemibook xpro英特尔第12代处理器办公网课学习商务轻薄便捷笔记本电脑 2023新款,3999.0,3000-5000元,其他品牌,轻薄本,广东,深圳,15.0,驰为智谷专卖店
Lenovo联想拯救者R9000P学生设计R7000Y7000电竞游戏笔记本电脑,3893.87,3000-5000元,联想,游戏本,江苏,常州,7.0,联泰正品数码商行
雷神猎刃16版14代i914900HX满血4060电竞游戏笔记本电脑24款,1088.0,3000元以下,雷神,游戏本,广东,深圳,0.0,小哆来咪科技
Huawei华为 MateBook E Go 2024 触屏平板笔记本电脑二合一Win11,2693.87,3000元以下,华为,二合一笔记本,广东,广州,5.0,萝卜电脑坊
独显触摸屏2024年新酷睿i7全金属笔记本电脑轻薄便携独显游戏本16英寸窄边框IPS屏幕大学生网课设计商务,872.87,3000元以下,其他品牌,轻薄本,广东,深圳,100.0,安德数码专营店
英特尔迷你10英寸小笔记本电脑轻薄便携手提小尺寸口袋本小型掌上电脑商务办公迷你电脑学生微型女生网课学习,1388.0,3000元以下,其他品牌,轻薄本,广东,深圳,600.0,家友数码通讯专营店
联想V14V15英特尔12代酷睿i512500H笔记本电脑小新品官方旗舰,2899.0,3000元以下,联想,其他类型,上海,未知,100.0,天猫超市
酷睿i9高配置2024新品笔记本电脑英特尔独显轻薄本超薄手提大学生办公设计游戏商务多美亚官方正品旗舰店,1598.0,3000元以下,其他品牌,轻薄本,广东,深圳,3000.0,多美亚旗舰店
ThinkPad X系列 X联想X230办公商务游戏本笔记本电脑X220X240T440,438.0,3000元以下,联想,游戏本,广东,广州,2000.0,宏业电脑科技
2024新品官方旗舰正品DERE戴睿笔记本电脑二合一新Surface Pro13平板商务办公学生教育超轻薄便携电脑本,1898.0,3000元以下,其他品牌,轻薄本,广东,深圳,2000.0,dere戴睿旗舰店
全新156寸双屏笔记本电脑7寸手写双屏办公游戏学习手提上网本,1692.37,3000元以下,其他品牌,游戏本,广东,深圳,200.0,深圳德祥越数码店
HP惠普星bookpro14高性能轻薄本可选酷睿i7 28K办公笔记本电脑,3899.0,3000-5000元,惠普,轻薄本,北京,未知,31.0,惠普分销店
MECHREVO电子 机械革命 蛟龙,8099.0,7000-9000元,机械革命,其他类型,北京,未知,21.0,高高电脑评测
2024新品LGgram 17pro酷睿Ultra5记本电脑商务办公轻薄本32G,10093.37,10000-20000元,其他品牌,轻薄本,上海,未知,18.0,LG笔记本旗舰店
微软Surface Laptop Studio 2 i7 64GB 1TB 144英寸 Win11高端时尚商务笔记本电脑工作站,15788.0,10000-20000元,微软,其他类型,浙江,杭州,28.0,微软升捷专卖店
ROG玩家国度幻14air星云屏幻16air设计师轻薄本高性能笔记本电脑,6626.0,5000-7000元,玩家国度,轻薄本,北京,未知,400.0,华硕游戏本自营商城
7英寸小型迷你笔记本电脑8英寸手写触屏商务办公掌上电脑轻薄便携手提微型电脑小尺寸金属口袋本2024新款mini,2227.0,3000元以下,其他品牌,轻薄本,广东,深圳,100.0,家友数码通讯专营店
七彩虹将星X17酷睿i9独显4060游戏本笔记本电脑X15,6799.0,5000-7000元,其他品牌,游戏本,广东,广州,200.0,七彩虹电脑店
AppleMacBook ProAir官翻全新M1M2M3 苹果笔记本电脑,4799.0,3000-5000元,苹果,其他类型,广东,广州,2.0,果粉甄选品质
Lenovo联想 小新 16轻薄本笔记本电脑 联想,5500.0,5000-7000元,联想,轻薄本,浙江,衢州,2.0,飞致科技公司企业店
Lenovo联想小新air14 潮7000办公学生游戏轻薄本i5i7笔记本电脑,1793.87,3000元以下,联想,轻薄本,安徽,合肥,100.0,飞跃正品数码商行
HP惠普星BookPro14 星16酷睿13代 星15英特尔办公学习笔记本电脑,3549.0,3000-5000元,惠普,其他类型,上海,未知,100.0,惠普品牌直销店
Microsoft微软Surface Laptop Studio  i7 16G32G 512G1TB 144英寸商务时尚独显3050Ti笔记本电脑Studio2,6988.0,5000-7000元,微软,其他类型,浙江,杭州,24.0,微软升捷专卖店
Apple苹果MacBookPro笔记本电脑 Air超轻薄i5i7办公设计学生游戏,649.87,3000元以下,苹果,轻薄本,北京,未知,100.0,信诚数码苹果电脑老店
ThinkPad联想笔记本电脑超轻薄便捷学生商务办公游戏i5i7独显14寸,899.0,3000元以下,联想,轻薄本,广东,广州,48.0,精英数码二手笔记本电脑
联想拯救者R7000 2024 R7000P 7735h电竞游戏笔记本电脑2023官方,6589.0,5000-7000元,联想,游戏本,北京,未知,9.0,拯救者官企商城
Asus华硕天选天选新品i9新4060满血独显学生电竞游戏笔记本电脑,2980.0,3000元以下,华硕,游戏本,江西,南昌,52.0,品牌游戏本精选商城
Dell戴尔 E 5540笔记本电脑商务办公轻薄便携游戏超薄E5550E5570,810.0,3000元以下,戴尔,轻薄本,广东,广州,100.0,瀚展数码二手笔记本电脑
苹果笔记本电脑i7学生macbook办公学生游戏pro超薄轻薄设计本air,880.0,3000元以下,苹果,轻薄本,广东,广州,2.0,随风数码电脑
MECHREVO机械革命 耀世 耀世16S水冷机14代4080 4090笔记本电脑,14876.0,10000-20000元,机械革命,其他类型,四川,成都,46.0,游戏本之家总店
Asus华硕天选 天选3天选4新品游戏本i913900HRTX4060笔记本电脑,4680.0,3000-5000元,华硕,游戏本,江苏,南京,4.0,笔记本优品电脑商行
Xiaomi小米 RedmiBook Pro i5笔记本电脑i7红米14156寸2022款,2899.0,3000元以下,小米,其他类型,上海,未知,77.0,忠勇数码
HP惠普锐Pro 新AMD战66升级锐龙版14英寸轻薄商务直播笔记本电脑,4099.0,3000-5000元,惠普,轻薄本,北京,未知,22.0,惠普笔记本电脑商城
Lenovo联想 小新 14 酷睿i5笔记本电脑小新16轻薄学生办公游戏本,3272.87,3000-5000元,联想,轻薄本,浙江,宁波,7.0,联想康恒数码
联想IdeaPad 14s独显2022新款酷睿锐龙340C轻薄办公15s笔记本电脑,1730.0,3000元以下,联想,轻薄本,江苏,南京,68.0,新起点笔记本数码店
Dell戴尔 Latitude 5000 531054205430商务轻薄笔记本电脑7420,2349.0,3000元以下,戴尔,轻薄本,广东,广州,25.0,广州宇儿数码
联想ThinkPad T430 T420 W530 T430S  T450 T440 笔记本电脑 T530,749.0,3000元以下,联想,其他类型,广东,广州,100.0,四海纵横科技
gpd win max2 2024款3AMD8840U迷你笔记本电脑101寸掌上电脑掌机,5798.0,5000-7000元,其他品牌,其他类型,广东,深圳,10.0,GPD工厂店
英特尔迷你10英寸小笔记本电脑轻薄便携手提小尺寸口袋本小型掌上电脑商务办公平板电脑二合一大学生用女生款,1368.0,3000元以下,其他品牌,轻薄本,广东,深圳,69.0,家友数码通讯专营店
Lenovo联想 小新 Pro16 IA智能U5i9轻薄25K高清16寸笔记本电脑,4258.0,3000-5000元,联想,轻薄本,山东,济南,15.0,恒兴电脑科技济南店
MSI微星Claw游戏机2024新款摇杆掌上游戏机酷睿Ultra57 7英寸120HZ高色域小霸王游戏机steamdeck便携游戏机,4999.85,3000-5000元,其他品牌,游戏本,浙江,杭州,4.0,微星旗舰店
加固笔记本Getac笔记本三防笔记本getac三防电脑S410神基笔记本,13500.0,10000-20000元,其他品牌,其他类型,广东,深圳,14.0,华瑜科技
Xiaomi小米 笔记本AIR 133英寸办公商务学生电脑超轻薄游戏本,2154.87,3000元以下,小米,轻薄本,湖北,武汉,52.0,小米华南数码科技
艺术家联名款华硕无畏二合一触摸屏平板轻薄本学生办公笔记本,2199.0,3000元以下,华硕,轻薄本,北京,未知,2.0,Asus华硕笔记本自营店
16寸折叠屏笔记本电脑双屏触控AICON 12代i7商务办公YOGABOOK游戏,3083.87,3000-5000元,其他品牌,游戏本,广东,深圳,9.0,AICON数码专店
Xiaomi小米Redmi G游戏本2024红米锐龙4060吃鸡240Hz笔记本电脑,4799.0,3000-5000元,小米,游戏本,广东,广州,22.0,米粉数码科技
14寸超薄四核156寸笔记本电脑商务办公手提电脑游戏本轻薄便携,582.87,3000元以下,其他品牌,轻薄本,广东,深圳,69.0,长宏数码商店
全新手写触屏7英寸迷你掌上小笔记本电脑商务办公8寸游戏超薄便携,2140.42,3000元以下,其他品牌,游戏本,广东,深圳,5.0,领峰笔记本电脑工厂店
ThinkPad X220X230T530X250X260T430联想笔记本电脑办公商务学生,490.0,3000元以下,联想,其他类型,广东,广州,900.0,铭兴数码二手笔记本电脑
华为擎云L410 L420 L540 信创笔记本电脑 银河麒麟 统信 14英寸,4567.0,3000-5000元,华为,其他类型,江苏,南京,57.0,政企专供金牌代理
二手ThinkPad超薄超极本X1carbon联想IBM手提X1隐士笔记本电脑i7,1749.82,3000元以下,联想,其他类型,广东,广州,100.0,科品数码优品 二手笔记本
华硕a豆14 Air AI超轻薄本笔记本电脑 AMD锐龙版R7 8845H学生商务,5299.0,5000-7000元,华硕,轻薄本,上海,未知,1000.0,adol官方旗舰店
Apple苹果 MacBook Pro 14 16英寸全新原装M1 M2 MAX笔记本电脑,6179.39,5000-7000元,苹果,其他类型,广东,广州,700.0,MacFans倶楽部 苹果原装笔记本电脑
2024新品联想ThinkBook16 锐龙R7酷睿Ultra79 16英寸独显超轻薄便携商务办公学生手提笔记本电脑官方,4599.0,3000-5000元,联想,轻薄本,福建,厦门,64.0,thinkpad新启联专卖店
东芝TOSHIBADynabookX40十代11代i7笔记本电脑触摸屏轻薄超极本,1499.0,3000元以下,其他品牌,轻薄本,广东,广州,48.0,利捷科技
小米游戏本红米Redmi G Pro RTX4060游戏本2024款电竞笔记本电脑,8249.0,7000-9000元,小米,游戏本,上海,未知,70.0,德翔数码
华硕灵耀Pro14 Pro16 12代酷睿i7独显游戏轻薄手提设计笔记本电脑,3499.0,3000-5000元,华硕,轻薄本,江苏,南京,38.0,电脑正品商城
Asus华硕 天选4锐龙版电竞游戏本2023新款RTX4060笔记本电脑,4912.0,3000-5000元,华硕,游戏本,湖北,武汉,15.0,华艺数码商行
Lenovo联想 MIIX 720 520 PC平板二合一 WIN平板 WIN10平板电脑,1280.0,3000元以下,联想,二合一笔记本,北京,未知,100.0,老欧笔记本
12寸笔记本电脑轻薄便携商务办公学生女迷你手提电脑分期付款免息,394.87,3000元以下,其他品牌,轻薄本,广东,广州,5.0,长江数码城
Acer宏碁 笔记本电脑游戏本3060暗影骑士擎龙4060电竞i7联想学生,2687.0,3000元以下,联想,游戏本,广东,深圳,0.0,品牌游戏本直销店
Hasee神舟超级战神RTX3070游戏本TX9电竞本8G独显3060笔记本电脑,3293.87,3000-5000元,神舟,游戏本,广东,广州,63.0,广州烽火数码商城
ASUS华硕灵耀14双屏酷睿ultra9 2024轻薄办公创作触控笔记本电脑,14399.0,10000-20000元,华硕,轻薄本,上海,未知,3.0,华东电竞笔记本商城
ThinkPad联想T14轻薄商务办公P14S手提笔记本电脑T490S办公本T14S,1869.0,3000元以下,联想,轻薄本,广东,广州,100.0,奕新优品二手笔记本电脑
Dell戴尔 i7 7300笔记本电脑5300平板7210四核9360手提3310热卖,1132.87,3000元以下,戴尔,其他类型,广东,广州,7.0,佳美润数码
十四代i9RazerBlade雷蛇灵刃16水银轻薄电竞游戏笔记本电脑DDR5内存RTX4080显卡可切换模式miniLED屏,30526.0,20000元以上,其他品牌,轻薄本,江苏,苏州,7.0,雷蛇官方旗舰店
Acer宏碁 非凡 轻薄本非凡go青春版标压14英寸笔记本电脑,3479.0,3000-5000元,宏碁,轻薄本,北京,未知,9.0,宏碁acer电脑商城
Lenovo联想 Yoga 14C YOGA C940 360度翻转触控二合一笔记本电脑,2300.0,3000元以下,联想,二合一笔记本,广东,深圳,19.0,云忆数码科技
华硕无畏Pro15 28K 120Hz OLED屏高刷游戏超轻薄手提笔记本电脑,3049.0,3000-5000元,华硕,轻薄本,江苏,南京,100.0,电脑正品商城
3060爆款华硕游戏笔记本电脑i7吃鸡4060独显3050天选2大学生联想,2191.0,3000元以下,联想,游戏本,广东,深圳,0.0,品牌游戏本直销店
新品首发联想 ThinkPad X13 酷睿i7Ultra7 英特尔Evo 133英寸超轻薄便携学生商务办公IBM笔记本电脑865,6499.0,5000-7000元,联想,轻薄本,福建,厦门,3.0,苏宁易购官方旗舰店
Lenovo联想小新14 小新Pro16 办公学习笔记本电脑商务设计轻薄本,2498.0,3000元以下,联想,轻薄本,福建,厦门,15.0,3C数码正品科技
Hasee神舟 优雅 X5A9 14核酷睿i912900H轻薄办公学生高清笔记本,2999.0,3000元以下,神舟,轻薄本,北京,未知,21.0,神舟静鑫恒晟专卖店
Acer宏碁非凡Go英特尔酷睿新款16英寸高能轻薄本大屏办公商务女大学生超薄办公手提电脑游戏宏基官方旗舰店,1999.0,3000元以下,宏碁,轻薄本,广东,深圳,100.0,acer宏碁旗舰店
ROG魔霸7Plus超能版 R9 7945HX 173英寸RTX4060RTX4090游戏笔记本电脑液金导热 25K 240Hz大学生玩家国度,11469.0,10000-20000元,玩家国度,游戏本,浙江,杭州,30.0,ROG玩家国度五心专卖店
Asus华硕 vivobook TP202 轻薄商务办公笔记本电脑360度翻转触摸,693.87,3000元以下,华硕,轻薄本,广东,深圳,10.0,麦邦数码
东芝X20W X30 X40七代八代i7i5超极本翻转二合一触摸屏笔记本电脑,849.0,3000元以下,其他品牌,二合一笔记本,广东,广州,900.0,利捷科技
机械革命极光i7蛟龙16K极光Pro3060游戏本4060学生笔记本电脑联想,3598.0,3000-5000元,联想,游戏本,广东,深圳,0.0,品牌游戏本直销店
三期免息技嘉GIGABYTE AORUS RTX4070 笔记本电脑官方正品旗舰店高配置 学习设计ps高端电竞游戏笔记本,6999.0,5000-7000元,其他品牌,游戏本,湖北,武汉,37.0,技嘉旗舰店
2024新品英特尔15代105英寸双小滑屏笔记本电脑轻薄便携大学生款超薄商务办公设计绘图游戏官方正品手提,932.12,3000元以下,其他品牌,轻薄本,广东,深圳,16.0,HUVVE旗舰店
联想ThinkPad T14T480T490酷睿独显商务办公T495锐龙笔记本电脑,2049.0,3000元以下,联想,其他类型,浙江,杭州,100.0,联想正品一店
M1 Pro Max新款13 14寸Apple苹果MacBook Pro笔记本电脑商务2021,8493.87,7000-9000元,苹果,其他类型,浙江,杭州,3.0,跃然苹果
松下14寸高清LV9便携 汽修工控编程设计学生本工程耐用笔记本电脑,892.87,3000元以下,其他品牌,其他类型,广东,广州,8.0,肥宅精选
DeeQ HL140G 14寸笔记本电脑轻薄便携式手提电脑商务办公编程设计,1250.0,3000元以下,其他品牌,轻薄本,上海,未知,14.0,鸿泰电子科技
Razer雷蛇 灵刃1415游戏笔记本电脑精英版标准版电竞轻薄设计师,8199.0,7000-9000元,其他品牌,轻薄本,福建,厦门,2.0,极物圈
联想Thinkpad笔记本电脑T440P独显T430游戏本i7 i BM T460P T470P,848.0,3000元以下,联想,游戏本,广东,广州,200.0,灵龙数码二手笔记本电脑
Lenovo联想小新轻薄便携商务办公设计编程i7四核游戏笔记本电脑,2894.87,3000元以下,联想,轻薄本,北京,未知,7.0,百脑汇数码城
MECHREVO机械革命 蛟龙 蛟龙7 RTX3070游戏办公笔记本电脑,3799.0,3000-5000元,机械革命,游戏本,江苏,南京,4.0,笔记本优品电脑商行
GPD win mini掌上电脑迷你便携游戏笔记本轻薄4g5g网络手机插卡,5899.0,5000-7000元,其他品牌,轻薄本,广西,南宁,35.0,理工学院数码店
Lenovo联想拯救者R7000PR7000 2023新款高刷电竞游戏笔记本电脑,7299.0,7000-9000元,联想,游戏本,河南,郑州,49.0,联壹电脑数码
全新原封微软Surface Laptop GO32笔记本电脑学生触摸便携办公,3587.2,3000-5000元,微软,其他类型,北京,未知,84.0,Surface平板电脑北京科贸中心实体店
华硕天选3天选4酷睿锐龙4060满血显卡游戏本吃鸡学生笔记本电脑i7,2987.0,3000元以下,华硕,游戏本,广东,深圳,3.0,品牌游戏本直销店
机械革命蛟龙16Pro16QS16K17KS旷世G16Pro游戏4060笔记本电脑3060,3598.0,3000-5000元,机械革命,游戏本,广东,深圳,0.0,品牌游戏本直销店
机械革命 蛟龙 z3air 钛钽i7i5旷世笔记本电脑游戏本蛟龙53060,2887.87,3000元以下,机械革命,游戏本,广东,广州,19.0,励诚优品数码
Acer宏碁传奇Edge 锐龙R7 6800 16英寸4K OLED屏新款高性能高端颜值商务办公轻薄便携本宏基手提笔记本电脑,5699.0,5000-7000元,宏碁,轻薄本,广东,广州,7.0,acer宏碁旗舰店
稀缺现货正品联想ThinkPad P1隐士 Gen5 16英寸3D渲染设计专业图形移动工作站IBM笔记本电脑全新官方正品,7999.0,7000-9000元,联想,其他类型,福建,厦门,6.0,thinkpad恒瀚专卖店
Asus华硕VivoBook1514X学生办公娱乐11代i3i5i7笔记本电脑V5200,1891.87,3000元以下,华硕,其他类型,广东,广州,22.0,正品数码商店
Asus华硕 天选3plus 天选2 笔记本电脑i5i7学生吃鸡游戏本3060,3799.0,3000-5000元,华硕,游戏本,广东,广州,100.0,7天科技电脑店
Xiaomi小米 笔记本 AIR12寸13红米办公商务学生电脑超轻薄游戏本,1024.87,3000元以下,小米,轻薄本,北京,未知,100.0,京中关
Huawei华为 笔记本电脑 Matebook14S 13代酷睿标压 尊享全面触控,6599.0,5000-7000元,华为,其他类型,北京,未知,100.0,迪通通讯数码
Lenovo联想 拯救者 R700024款R9000PY9000P电竞笔记本电脑Y7000P,6188.0,5000-7000元,联想,其他类型,山东,济南,20.0,山东联想店
GPD win max2 2024掌上电竞游戏本10寸触控高性能8840U笔记本电脑,5298.0,5000-7000元,其他品牌,游戏本,江苏,苏州,20.0,GPD掌机电脑
Xiaomi小米 RedmiBook Pro14新品标压i5i7高性能轻薄笔记本电脑,2499.0,3000元以下,小米,轻薄本,浙江,杭州,0.0,淘宝真酷3C数码馆
ROG枪神8 Plus超竞版14代i9 设计制图学生电竞游戏4090笔记本电脑,11499.0,10000-20000元,玩家国度,游戏本,浙江,杭州,62.0,杭州京淘数码
ThinkPad X1 Yoga 2022 i71260P集显I7 1370P笔记本电脑14寸32g,5372.09,5000-7000元,联想,其他类型,广东,广州,7.0,宇阳电商
Lenovo联想小新笔记本电脑轻薄办公设计绘图i7学生电竞游戏本,1152.87,3000元以下,联想,轻薄本,广东,广州,37.0,Ienovo电脑营业店
吾空K7 173英寸酷睿i5i7 25K电竞屏4060笔记本电脑办公游戏本,5299.0,5000-7000元,其他品牌,游戏本,广东,深圳,1.0,小丸子和白骨精
Huawei华为 笔记本电脑 Matebook14s,9999.0,9000-10000元,华为,其他类型,浙江,杭州,100.0,小橙子配件
Apple苹果MacBook Pro13英寸苹果笔记本电脑 M2芯片,11499.0,10000-20000元,苹果,其他类型,上海,未知,32.0,飞跃优品
彩色壳苹果笔记本电脑MacBook Air超薄学生办公高颜值13寸设计,1699.0,3000元以下,苹果,其他类型,上海,未知,2.0,壹心数码科技
Lenovo联想 小新 Pro16 Pro14 2024款 16寸超轻薄游戏笔记本电脑,4499.0,3000-5000元,联想,轻薄本,上海,未知,49.0,笔记本电脑总汇
Xiaomi小米 RedmiBook Pro i7笔记本11代轻薄学生原装正品,2893.87,3000元以下,小米,轻薄本,湖北,武汉,84.0,小米华南数码科技
爆款推荐联想ThinkBook 14 AI 2024新款英特尔酷睿Ultra57 14英寸轻薄便携学生游戏笔记本电脑官方旗舰,4299.0,3000-5000元,联想,轻薄本,福建,厦门,100.0,thinkpad恒瀚专卖店
性价比NO1浩拉H12笔记本电脑i7学生学习娱乐游戏办公轻薄本,3740.0,3000-5000元,其他品牌,轻薄本,广东,深圳,27.0,浩拉笔记本电脑品牌店
笔记本电脑联想ThinkPad P52 P53 P50 P15 P1隐士 工作站设计建模,1930.0,3000元以下,联想,其他类型,广东,广州,34.0,广州粤新二手数码企业店
外贸新品14寸玫瑰金笔记本电脑J4105轻薄便携式手提电脑商务发光,2444.87,3000元以下,其他品牌,轻薄本,广东,广州,0.0,微笑数码配件店
ThinkPad T490 T490S联想笔记本电脑IBM商务轻薄办公学生二手14寸,1970.0,3000元以下,联想,轻薄本,广东,广州,70.0,乐心企业 二手笔记本
2024新品英特尔酷睿i713代新品金属轻薄笔记本电脑156英寸超薄大学生商务办公网课超极本便携游戏本手提,1399.0,3000元以下,其他品牌,轻薄本,广东,深圳,9.0,iru旗舰店
Asus华硕 破晓 破晓3 PX562 Pro15轻薄商用办公学生笔记本电脑提,2699.0,3000元以下,华硕,轻薄本,广东,广州,16.0,广州华硕商城
惠普新141英寸笔记本电脑商务办公轻薄便携超薄网课学生紫色粉色,1192.87,3000元以下,惠普,轻薄本,广东,深圳,5.0,惠美数码
麦克先生2022款Apple苹果MacBook Pro 13 英寸M2笔记本电脑定,7599.0,7000-9000元,苹果,其他类型,北京,未知,100.0,麦克先生腾讯员工创业店
雷神911ZERO旗舰新款13代i913900HXRTX40804060满血笔记本电脑,6593.87,5000-7000元,雷神,其他类型,浙江,杭州,100.0,华东Gamecomputer铂金店
华为MateBook D14D15 2024新款13代酷睿轻薄学生办公笔记本电脑,3568.0,3000-5000元,华为,轻薄本,北京,未知,51.0,鼎立数码电商
MECHREVO机械革命 蛟龙16 Pro 16英寸游戏电竞笔记本电脑RTX4060,6999.0,5000-7000元,机械革命,游戏本,浙江,杭州,37.0,明华数码自营商城
联想ThinkPad E14E15E16 1416英寸13代酷睿轻薄便携商务办公学生IBM手提笔记本电脑官方正品独显,4299.0,3000-5000元,联想,轻薄本,浙江,杭州,27.0,thinkpad强驰专卖店
雷神911X猎荒者911MT暗杀星2023款i7 zero满血4060游戏笔记本电脑,3569.0,3000-5000元,雷神,游戏本,上海,未知,39.0,博创科技数码品牌店
笔记本电脑 富士通S938超轻薄便携13寸8代学生商务办公本手提超级,1000.0,3000元以下,其他品牌,轻薄本,广东,广州,48.0,干优数码 QY数码店
Lenovo联想拯救者Y9000P  R9000P Y7000P R7000游戏笔记本电脑,6399.0,5000-7000元,联想,游戏本,浙江,杭州,66.0,杭州祁海联想电脑
ThinkPadT570i77500U联想笔记本电脑156寸大屏T590商务T580T560,1568.0,3000元以下,联想,其他类型,广东,广州,41.0,Win Win数码二手笔记本电脑
联想ThinkPad S2 2023款 锐龙R513代酷睿i5i7 133英寸轻薄便携商务办公笔记本电脑苏宁易购官方旗舰店865,4499.0,3000-5000元,联想,轻薄本,江苏,南京,5.0,苏宁易购官方旗舰店
2024新品机械革命蛟龙16PRORTX4060满血电竞笔记本电脑游戏本,6599.0,5000-7000元,机械革命,游戏本,江苏,苏州,200.0,机械革命游戏本数码商城
Lenovo联想拯救者R9000P 2023高刷电竞游戏笔记本电脑,8599.0,7000-9000元,联想,游戏本,河南,郑州,30.0,联壹电脑数码
商务首选联想ThinkPad X13锐龙R7 PRO 133英寸轻薄便携手提学生白领商务办公笔记本电脑苏宁易购865,6499.0,5000-7000元,联想,轻薄本,福建,厦门,5.0,苏宁易购官方旗舰店
Apple苹果MacBook Air 136英寸笔记本电脑M2芯片8256G8512G,7999.0,7000-9000元,苹果,其他类型,上海,未知,20.0,富源甄选优品
电竞3060华硕游戏本笔记本电脑i7玩家国度ROG天选4060联想拯救者,2180.0,3000元以下,联想,游戏本,广东,深圳,0.0,品牌游戏本直销店
原装正品 Thinkbook 14 商用办公轻薄娱乐游戏 笔记本电脑,4299.0,3000-5000元,其他品牌,轻薄本,湖北,武汉,8.0,思睿志诚电脑特卖店
ThinkPad X240 X250联想超薄X270二手笔记本电脑X280手提12寸X260,509.0,3000元以下,联想,其他类型,广东,广州,100.0,高品格得店
笔记本电脑T460S联想Thinkpad超轻薄超级本14寸i7ibm四核T480手提,782.87,3000元以下,联想,轻薄本,广东,广州,52.0,腾云数码二手笔记本电脑
新品微星MSI 神影魔影笔记本电脑14代i714700HX游戏本RTX4060RTX4070满血学生独显,6434.05,5000-7000元,其他品牌,游戏本,上海,未知,100.0,微星懿达专卖店
Acer宏碁 优跃air笔记本电脑14英寸全新一代N100 四核处理器轻薄商务学生办公手提笔记本电脑便携电脑笔记本,1879.0,3000元以下,宏碁,轻薄本,上海,未知,27.0,acer宏碁商用旗舰店
Acer宏碁非凡Go AI酷睿ultra 标压28K屏OLED高性能轻薄商务办公本学生笔记本电脑,3579.0,3000-5000元,宏碁,轻薄本,北京,未知,100.0,宏碁冠恒嘉业专卖店
ThinkPad P53 工作站i9志强16G独显3D建模软件开发作图游戏笔记本,3093.87,3000-5000元,联想,游戏本,广东,深圳,24.0,深圳春海电脑
Asus华硕ROG玩家国度魔霸游戏笔记本电脑3060飞行堡垒9天选2联想,4924.0,3000-5000元,联想,游戏本,安徽,合肥,5.0,笔记本电脑数码工厂店
联想 ThinkBook13X 英特尔EVO酷睿i71255U轻薄便携笔记本电脑,4499.0,3000-5000元,联想,轻薄本,北京,未知,4.0,恒悦 ThinkPad直销店铺
HP惠普Spectrex360 14英寸2024幽灵28K触屏商务办公笔记本电脑,8899.0,7000-9000元,惠普,其他类型,上海,未知,19.0,惠普品牌直销店
Microsoft微软Surface Laptop 第7版AI笔记本电脑138英寸商务本,11288.0,10000-20000元,微软,其他类型,北京,未知,0.0,北京中关村数码商城
Huawei华为 笔记本电脑 Matebook1314学生商务办公2021款2K触屏,2360.0,3000元以下,华为,其他类型,上海,未知,57.0,上海增璇网络科技有限公司
MSI微星 GF GF75 13代魔影15满血4070 4060星影15全新原装电脑,4949.0,3000-5000元,其他品牌,其他类型,四川,成都,45.0,游戏本之家总店
雷神911MT 星战版ZERO电竞游戏笔记本电脑RTX4060独显建模专业,1088.0,3000元以下,雷神,游戏本,广东,深圳,0.0,小哆来咪科技
HP惠普 HP EliteBook840 G5850830X360 1040G6笔记本电脑二手,1500.0,3000元以下,惠普,其他类型,广东,广州,100.0,乐心企业 二手笔记本
Apple苹果MacBook Pro Air手提办公商务游戏编程设计笔记本电脑i7,1399.0,3000元以下,苹果,游戏本,广东,广州,41.0,博艺数码
雷神911MT 星战版ZERO电竞游戏笔记本电脑RTX4060独显吃鸡学生,2599.0,3000元以下,雷神,游戏本,广东,广州,91.0,新锐数码商城
十二代i9RazerBlade雷蛇灵刃17电竞游戏12代笔记本电脑RTX3070Ti显卡DDR5内存173英寸4K超清高刷,17894.0,10000-20000元,其他品牌,游戏本,江苏,苏州,4.0,雷蛇官方旗舰店
新品上市HP惠普星Book pro16英特尔 13代酷睿i5 i7 25k 120Hz可选RTX3050笔记本电脑轻薄学生办公本,4699.0,3000-5000元,惠普,轻薄本,北京,未知,16.0,惠普远科万达专卖店
酷睿i732G内存2024年新款笔记本电脑英特尔轻薄便携学生超薄办公设计绘图商务官方正品旗舰游戏工作手提,932.12,3000元以下,其他品牌,轻薄本,广东,深圳,200.0,奈我旗舰店
联想笔记本电脑YOGA Air14c办公商务14寸轻薄本I51240P翻转触控,2698.0,3000元以下,联想,轻薄本,湖南,长沙,82.0,EINHORN的本本
Lenovo联想2023小新Air14 大学生Air15酷睿i5办公笔记本电脑轻薄,2248.0,3000元以下,联想,轻薄本,福建,厦门,600.0,3C数码正品科技
Dell戴尔灵越14PLUS 14英寸13代酷睿高性能轻薄笔记本电脑147430,4280.0,3000-5000元,戴尔,轻薄本,上海,未知,9.0,上海徐家汇电脑商城
ThinkPad X1 CARBON Nano 02CD国行2023款 I5 I7 笔记本电脑 2022,5830.0,5000-7000元,联想,其他类型,上海,未知,47.0,ThinkPad国行品牌店
Getac笔记本加固笔记本三防笔记本getac三防电脑S410神基笔记本,13300.0,10000-20000元,其他品牌,其他类型,广东,深圳,100.0,华瑜科技
华硕天选4锐龙R7高性能RTX4050学生商务办公电竞游戏本笔记本电脑,6299.0,5000-7000元,华硕,游戏本,北京,未知,81.0,天选游戏本企业店
Apple苹果macbook pro142英寸m3m3prom3max芯片笔记本电脑,11999.0,10000-20000元,苹果,其他类型,江苏,南京,500.0,华东电竞数码商城
Dell戴尔 xps13 笔记本电脑 轻薄便携 娱乐办公 上课学游戏 女生,1600.0,3000元以下,戴尔,轻薄本,广东,广州,100.0,是米数码
HP惠普 暗影精灵10 高性能学生设计游戏笔记本电脑,7299.0,7000-9000元,惠普,游戏本,北京,未知,26.0,迪通通讯数码
ROG玩家国度幻16 Air 2024游戏本翻转星空轻薄设计学生笔记本电脑,9679.0,9000-10000元,玩家国度,轻薄本,北京,未知,93.0,贝克汉虎 电竞商城
2021款苹果MacBook Pro14寸16寸M1 ProMax芯片笔记本电脑,9200.0,9000-10000元,苹果,其他类型,广东,广州,11.0,CC数码
13寸15寸Apple苹果 MacBook Pro MF840商务i7笔记本电脑12期免息,1714.87,3000元以下,苹果,其他类型,广东,广州,97.0,MacFans倶楽部 苹果原装笔记本电脑
Lenovo联想 YOGA YOGAPro14s 2023 145英寸轻薄笔记本 银河夜航,5399.0,5000-7000元,联想,轻薄本,上海,未知,88.0,笔记本电脑总汇
ThinkPad X1 CARBON 2024 X1Nano X1Yoga轻薄商务笔记本电脑联想,6988.0,5000-7000元,联想,轻薄本,上海,未知,58.0,ThinkPad授权企业店
全新库存戴尔企业级高端商务本Latitude7390二合一平板笔记本电脑,3450.0,3000-5000元,戴尔,二合一笔记本,河南,洛阳,64.0,兆辉科技
onexplayer F1飞行家 AMD 7840u游戏掌机二合一笔记本电脑win掌上游戏机,5893.87,5000-7000元,其他品牌,游戏本,广东,深圳,11.0,壹号本旗舰店
超值推荐联想笔记本电脑扬天V14V15 英特尔酷睿i3轻薄便携手提学生网课办公商务ThinkPad官方旗舰店官网,1999.0,3000元以下,联想,轻薄本,福建,厦门,24.0,thinkpad恒瀚专卖店
24期免息Lenovo联想ThinkBook 1416 2023新款13代酷睿i5 14英寸轻薄便携学生游戏本笔记本电脑官方旗舰,4099.0,3000-5000元,联想,轻薄本,福建,厦门,41.0,thinkpad恒瀚专卖店
Asus华硕 灵耀 Ultra7和Ultra9超轻薄AI办公28K OLED笔记本电脑,6599.0,5000-7000元,华硕,轻薄本,安徽,合肥,12.0,悦淘数码科技
Apple苹果 MacBook Pro i9定制款经典15 16寸办公设计笔记本电脑,4392.82,3000-5000元,苹果,其他类型,广东,广州,16.0,麦克苹果科技
联想ThinkBook16AMD锐龙R78845H轻薄2024AI全能学生游戏笔记本,6399.0,5000-7000元,联想,轻薄本,上海,未知,19.0,天猫超市
苹果笔记本电脑手提i7女生款超薄macbook轻薄便携pro学生air高配,1593.87,3000元以下,苹果,轻薄本,广东,深圳,600.0,思林数码科技
2024新品HP惠普 星Book Pro16 英特尔酷睿Ultra5 可选16英寸25k 120Hz笔记本电脑AI轻薄便携学生办公本,5699.0,5000-7000元,惠普,轻薄本,北京,未知,3.0,惠普锐博正业专卖店
Dell戴尔 LATITUDE E3440 I5 I7 14英寸商务办公笔记本电脑 正品,3393.87,3000-5000元,戴尔,其他类型,上海,未知,2.0,上海数码实体店
HP惠普星14s青春版酷睿i5办公轻薄本学生游戏手提网课笔记本电脑,1542.87,3000元以下,惠普,轻薄本,江苏,南京,18.0,星海数码电脑店
微软Surface Laptop 5 时尚商务轻薄触控屏笔记本电脑办公游戏本,6097.0,5000-7000元,微软,轻薄本,江苏,苏州,7.0,Microsoft微软官翻机企业店
支持WIN7联想ThinkPad L14商务L13轻薄L15办公L490笔记本电脑,2001.0,3000元以下,联想,轻薄本,湖北,武汉,79.0,创想科技笔记本电脑
惠普HP 430 440 450 630 640 650 G8 G9 G10 商用办公笔记本电脑,2880.0,3000元以下,惠普,其他类型,上海,未知,73.0,好好学习天天向上之成长
Dell戴尔 i7 7全新M3520M3530工作站轻薄i7商务15寸笔记本电脑,3400.0,3000-5000元,戴尔,轻薄本,上海,未知,22.0,锦程项目管理中心
ThinkPad E1623款新联想国行学习i5原装16寸商务办公笔记本电脑,3758.0,3000-5000元,联想,其他类型,山东,济南,4.0,恒兴电脑科技济南店
二手HP惠普 HP 156寸笔记本电脑6570B带9针串口办公工作站6560B,344.87,3000元以下,惠普,其他类型,广东,广州,33.0,优连网数码二手笔记本电脑
Dell戴尔 7400 74001605HS 7410 7420 14寸轻薄手触笔记本电脑,1158.0,3000元以下,戴尔,轻薄本,广东,广州,29.0,一品惠数码
Lenovo联想 小新Pro14酷睿版小新Pro16锐龙版学生游戏笔记本电脑,3698.0,3000-5000元,联想,游戏本,四川,成都,600.0,三信诚数码
HP惠普 小欧 17G 173英寸星17S青春版大屏办公娱乐笔记本电脑,5399.0,5000-7000元,惠普,其他类型,浙江,杭州,0.0,淘宝真酷3C数码馆
出租高配外星人独显电竞游戏电脑笔记本短租免押金同城学生租赁,33.95,3000元以下,外星人,游戏本,北京,未知,200.0,电脑iPad手机租赁店
松下笔记本电脑SV8设计剪辑编程游戏商用办公高配置迷你手提电脑,769.44,3000元以下,其他品牌,游戏本,广东,广州,13.0,伊能幸福
HP惠普 envy 15 X360 翻转本英特尔 Evo 平台超能轻薄本 酷睿i5i7 Xe显卡翻转笔记本电脑苏宁官方自营 3577,6849.0,5000-7000元,惠普,轻薄本,江苏,南京,1.0,苏宁易购官方旗舰店
MECHREVO机械革命 蛟龙17KS 173英寸大屏游戏笔记本电脑,6999.0,5000-7000元,机械革命,游戏本,上海,未知,9.0,机革游戏本店
联想ThinkPad Neo14 酷睿i7i5标压高色域轻薄办公笔记本电脑22K,4099.0,3000-5000元,联想,轻薄本,江苏,南京,3.0,Think国行分销批发店
联想ThinkPad E14E15E16 12代酷睿i5i7 14英寸超轻薄便携游戏学生商务独显笔记本电脑Lenovo官方旗舰正品,3999.0,3000-5000元,联想,轻薄本,江苏,无锡,43.0,thinkpad中硕专卖店
AOC大师N300笔记本电脑性价比轻薄本学习办公本,1899.0,3000元以下,其他品牌,轻薄本,广东,深圳,12.0,AOC笔记本电脑品牌店
Dell戴尔precision7730移动图形工作站m7530754077507550电脑,2299.0,3000元以下,戴尔,其他类型,广东,广州,51.0,广州宇儿数码
MSI微星 笔记本 GE66 GF63 GL75 GP76 GT72 GS65 游戏电竞电脑,1608.0,3000元以下,其他品牌,游戏本,广东,广州,50.0,翼锋电竞游戏服务中心
Microsoft微软 SURFACE Pro3 4 5 go book 平板笔记本二合一电脑,779.0,3000元以下,微软,二合一笔记本,广东,广州,11.0,微软surface尚品
雷神911MT暗杀星5英特尔12代酷睿i7高性能笔记本电脑黑武士电竞本,1088.0,3000元以下,雷神,其他类型,广东,深圳,0.0,小哆来咪科技
商务办公联想笔记本电脑 扬天S15 英特尔酷睿i5 超轻薄便携手提学生网课办公商务ThinkPad官方旗舰店正品,3199.0,3000-5000元,联想,轻薄本,福建,厦门,40.0,thinkpad恒瀚专卖店
ThinkPad X1carbon 36CD手写触屏 T14轻薄商务办公联想笔记本电脑,5050.0,5000-7000元,联想,轻薄本,上海,未知,24.0,华南科技直销店
3060机械革命极光proz蛟龙15K16K蛟龙57游戏4060笔记本电脑联想,3598.0,3000-5000元,联想,游戏本,广东,深圳,0.0,品牌游戏本直销店
Dell戴尔 XPS 7390 9380 i7笔记本电脑 超轻薄 女生 出差 13寸,2150.0,3000元以下,戴尔,轻薄本,广东,广州,17.0,是米数码
12期免息联想ThinkPad E14 2023款13代英特尔酷睿i5 MX550独显 轻薄便携学生专业商务办公IBM笔记本电脑,4299.0,3000-5000元,联想,轻薄本,福建,厦门,86.0,thinkpad恒瀚专卖店
二手笔记本电脑HP惠普ZBooK17G6 渲染SW设计3D建模17寸图形工作站,2289.8,3000元以下,惠普,其他类型,广东,广州,47.0,广州珍品电脑商城
Lenovo联想Thinkbook14P轻薄142023新款RTX205016P笔记本电脑,2779.0,3000元以下,联想,轻薄本,湖北,武汉,54.0,创想科技笔记本电脑
雷神RTX4060星战MT吃鸡911plus永劫无间i713620H电竞高刷笔记本,2993.87,3000元以下,雷神,其他类型,安徽,合肥,94.0,华中数码铂金店
thinkpad联想T15笔记本电脑T15P高清大屏P15S办公2020商务本P14S,2369.0,3000元以下,联想,其他类型,广东,广州,43.0,奕新优品二手笔记本电脑
Apple苹果Macbook 12英寸 笔记本电脑 便携轻薄商务办公女生设计,2582.87,3000元以下,苹果,轻薄本,广东,深圳,10.0,14年老店皇家数码严选 苹果笔记本电脑
Apple苹果MacBook Pro苹果笔记本电脑Air超薄办公设计游戏学习本,1290.0,3000元以下,苹果,游戏本,上海,未知,2.0,优选严选笔记本数码
神舟S8战神Z8游戏本3060独显i7笔记本电脑4060吃鸡3070联想拯救者,2730.0,3000元以下,联想,游戏本,广东,深圳,0.0,品牌游戏本直销店
Lenovo联想 小新 Pro 14  16 R77840HS 轻薄笔记本,7999.0,7000-9000元,联想,轻薄本,湖北,武汉,2.0,壹号笔记本电脑企业店
华硕UX3000酷睿i7触摸屏轻薄本设计商务办公电脑手提二合一笔记本,3899.0,3000-5000元,华硕,轻薄本,江苏,南京,5.0,电脑正品商城
机械革命极光proz旷世G16蛟龙16K学生游戏本4060笔记本电脑满血,4699.0,3000-5000元,机械革命,游戏本,广东,广州,6.0,7天科技电脑店
超级新品2024款联想小新14小新16 2024款 锐龙R7 8845H AI高能本办公学生笔记本电脑轻薄本 1416英寸,3998.75,3000-5000元,联想,轻薄本,北京,未知,19.0,联想艾克兰斯专卖店
神基Getac V110三防工业勘探汽车检修12寸笔记本电脑,1644.87,3000元以下,其他品牌,其他类型,北京,未知,14.0,中颐电子
MECHREVO机械革命蛟龙5游戏本深海幽灵Z2Air钛钽3060笔记本电脑,2674.72,3000元以下,机械革命,游戏本,广东,广州,400.0,广州烽火数码商城
Asus华硕 天选 游戏本天选3天选4设计全能笔记本电脑i5 i7 R7 R9,4793.87,3000-5000元,华硕,游戏本,广东,广州,700.0,华硕经典十年实体店
Asus华硕 无畏 pro15 R7 i5商务办公设计轻薄便携笔记本电脑2023,3193.87,3000-5000元,华硕,轻薄本,广东,广州,42.0,华硕经典十年实体店
ROG枪神8 plus超竞版 枪神7plus超竞版14代酷睿i9 4090笔记本电脑,8399.0,7000-9000元,玩家国度,其他类型,上海,未知,200.0,上海电竞自营店
手写触摸屏8寸口袋笔记本电脑便携轻薄商务办公二合一迷你掌上电,2193.87,3000元以下,其他品牌,轻薄本,广东,广州,81.0,广州极客数码
Asus华硕 天选 游戏本华硕天选23 英特尔i7电竞学生笔记本电脑,3685.0,3000-5000元,华硕,游戏本,江苏,南京,3.0,笔记本优品电脑商行
Lenovo联想 ThinkPad L14  i3 十代四核商务办公轻薄笔记本电脑,1430.0,3000元以下,联想,轻薄本,北京,未知,7.0,精品行货电脑及配件
HP惠普锐1415 新AMD战66锐龙版 14156英寸轻薄本笔记本电脑,2499.0,3000元以下,惠普,轻薄本,北京,未知,100.0,惠普笔记本电脑商城
Apple苹果 MacBook Air MQD32CHA M2 M3 13寸15笔记本电脑24款,4859.0,3000-5000元,苹果,其他类型,四川,成都,100.0,成都IT店
Acer宏碁 传奇Edge 锐龙R76800U 16英寸女超轻薄4K屏笔记本电脑,4379.0,3000-5000元,宏碁,轻薄本,湖南,长沙,61.0,宏碁电脑商城
Lenovo联想 拯救者 R7000 R7000P 2023新款16英寸电竞游戏本,6799.0,5000-7000元,联想,游戏本,安徽,合肥,35.0,大康评测
华为擎云G540G740 触控 13代轻薄本 14英寸政企办公笔记本,3377.0,3000-5000元,华为,轻薄本,江苏,南京,21.0,政企专供金牌代理
HP惠普 暗影精灵 Pro89锐龙版游戏大学生设计办公家用笔记本电脑,5299.0,5000-7000元,惠普,游戏本,浙江,杭州,0.0,淘宝真酷3C数码馆
联想ThinkPad P15V图形工作站P15S P14S P15独显4G i7笔记本电脑,4499.0,3000-5000元,联想,其他类型,湖北,武汉,41.0,创想科技笔记本电脑
ROG幻14Air 幻15 幻16Air   翻转 高性能设计轻薄笔记本电脑,5393.87,5000-7000元,玩家国度,轻薄本,广东,广州,400.0,电竞笔记本商城
HP惠普 战99 ZbookPower G10 G9 g8 移动工作站笔记本电脑156寸,6994.87,5000-7000元,惠普,其他类型,北京,未知,6.0,花开花时节
紫光信创笔记本 L3891 L3893 L3813 龙芯兆芯飞腾国产电脑麒麟,3427.0,3000-5000元,其他品牌,其他类型,江苏,南京,3.0,政企专供金牌代理
联想ThinkPad T14P英特尔酷睿Ultra975办公笔记本电脑 独显3K屏,5250.0,5000-7000元,联想,其他类型,江苏,南京,30.0,Think国行分销批发店
Microsoft微软 surface pro 6 酷睿i78GB256GB学生笔记本电脑,1944.87,3000元以下,微软,其他类型,广东,深圳,19.0,surface千鸟数码
ROG玩家国度 魔霸新锐2024 i913980HX 4060学生游戏本全新原装,9188.0,9000-10000元,玩家国度,游戏本,四川,成都,31.0,成都678数码商城
Lenovo联想拯救者22锐龙R7电竞R9000P 3060游戏笔记本电脑,3508.0,3000-5000元,联想,游戏本,江西,南昌,33.0,小二数码科技
联想ThinkBook X 2024酷睿Ultra57 28K AI高刷屏办公笔记本电脑,7588.0,7000-9000元,联想,其他类型,上海,未知,3.0,上海thinkpad直销实体店
apple苹果笔记本电脑MacBook pro 16寸笔记本电脑A2141设计本,4399.0,3000-5000元,苹果,其他类型,广东,广州,41.0,小洋笔记本
gpd win max2 2024全新AMD 8840U迷你笔记本电脑101便携掌上电脑,5099.0,5000-7000元,其他品牌,其他类型,广东,深圳,70.0,GPD直售店
Acer宏碁 传奇Edge 锐龙R7处理器4KOLED屏16英寸轻薄笔记本电脑,2816.0,3000元以下,宏碁,轻薄本,湖南,长沙,68.0,宏碁数码商城
Lenovo联想 ThinkPad ThinkBook 1416Ultra标压笔记本电脑,5499.0,5000-7000元,联想,其他类型,江苏,无锡,1.0,Lenovo联想授权企业店
富士通 U938轻薄便携13寸笔记本电脑超级本酷睿I5七代内置U939,899.0,3000元以下,其他品牌,轻薄本,广东,广州,100.0,金本电脑
微软Surface Laptop Go3 GO2 i5 12寸超薄触屏笔记本电脑便携办公,3588.0,3000-5000元,微软,其他类型,北京,未知,65.0,Surface数码商城
笔记本电脑联想ThinkPad X1CARBON超极本X1C超薄i7 14寸ib m yoga,1588.0,3000元以下,联想,其他类型,广东,广州,300.0,灵龙数码二手笔记本电脑
联想ThinkBook14AMD锐龙R78845H轻薄2024AI全能学生游戏笔记本,6299.0,5000-7000元,联想,轻薄本,上海,未知,51.0,天猫超市
火影T6A 酷睿i912900HX RTX4060高刷240hz电竞游戏笔记本电脑,6099.0,5000-7000元,其他品牌,游戏本,江苏,苏州,100.0,火影笔记本乐享店
11寸迷你折叠屏双屏笔记本电脑YOGA平板触控手写办公学习商务炒股,2693.87,3000元以下,其他品牌,其他类型,江苏,苏州,37.0,AICON数码专店
ROG枪神7超竞版 枪神8plus超竞版华硕玩家国度2024新款笔记本电脑,16999.0,10000-20000元,华硕,其他类型,北京,未知,58.0,甄选电竞数码商城
华硕灵耀X13 133英寸 28K OLED屏高端商务超轻薄手提笔记本电脑,3788.0,3000-5000元,华硕,轻薄本,江苏,南京,20.0,官企笔记本电脑商城
七彩虹游戏笔记本将星X15隐星P15学生办公3060电竞4060电脑23新款,3787.0,3000-5000元,其他品牌,游戏本,广东,深圳,8.0,品牌游戏本直销店
2024新款首发联想ThinkPad E14E16 英特尔酷睿Ultra57 AI全能本14英寸轻薄便携商务办公笔记本电脑865,6299.0,5000-7000元,联想,轻薄本,福建,厦门,4.0,苏宁易购官方旗舰店
Microsoft微软 Surface Laptop5 GO3 特价全新样机 笔记本电脑,4088.0,3000-5000元,微软,其他类型,北京,未知,5.0,北京中关村数码商城
雷神911Plus 173英寸建模娱乐本商务剪辑高配专业设计笔记本电脑,1082.87,3000元以下,雷神,其他类型,广东,广州,3.0,小柠檬科技数码
Lenovo联想Pro14轻薄酷睿学生28k办公游戏锐龙版电脑笔记本高刷,3298.0,3000-5000元,联想,轻薄本,湖北,武汉,8.0,笔记本电脑商店
联想2020ThinkPad X1 Yoga2019商务办公用PC平板二合一笔记本电脑,1699.0,3000元以下,联想,二合一笔记本,广东,广州,41.0,千度数码联想Thinkpad笔记本
ThinkPad X 390 Yoga联想380超薄本触屏办公商务本笔记本电脑13寸,1350.0,3000元以下,联想,其他类型,广东,广州,100.0,百星奇数码
全新原装美行X1 Carbon 2022 2023 T14 X13 P15V 商务办公电脑,2699.0,3000元以下,其他品牌,其他类型,广东,东莞,26.0,Think黑科技
松下军工10英寸商务办公游戏汽修户外直播便携手提迷你笔记本电脑,747.12,3000元以下,其他品牌,游戏本,广东,广州,56.0,伊能幸福
联想笔记本 ThinkBook 14 2024 AI全能本 英特尔酷睿Ultra9,3749.0,3000-5000元,联想,其他类型,北京,未知,8.0,恒悦 ThinkPad直销店铺
GPD MicroPC掌上迷你口袋笔记本电脑6寸微小型工程师运维移动办公,2278.0,3000元以下,其他品牌,其他类型,江苏,苏州,24.0,GPD掌机电脑
Dell戴尔 xps 13Plus9320 9315 XPS15 9530XPS16XPS17 9730XPS14,5730.0,5000-7000元,戴尔,其他类型,上海,未知,100.0,GINO Store
honor荣耀MagicBoo 16 Pro高性能独显学生商务轻薄新品正品笔记本,2736.0,3000元以下,荣耀,轻薄本,湖北,武汉,19.0,锦诚笔记本商行
重磅ThinkPad联想ThinkBook 14 2024 AI全能本英特尔酷睿Ultra7 轻薄游戏办公学生笔记本官方旗舰店,5499.0,5000-7000元,联想,轻薄本,北京,未知,31.0,Lenovo联想商用旗舰店
苹果笔记本2023款MacBookAir刘海屏M2芯片官翻新机136电脑定制16,4490.0,3000-5000元,苹果,其他类型,北京,未知,69.0,北京苹果第一家
雷神猎刃15猎刃16 14代新品2024游戏电竞高刷笔记本电脑满血4060,5499.0,5000-7000元,雷神,游戏本,广东,广州,26.0,正达笔记本数码
Huawei华为 MateBook 13 2020款 14 触屏轻薄办公便携笔记本电脑,1660.0,3000元以下,华为,轻薄本,上海,未知,59.0,上海增璇网络科技有限公司
华为B3420B3520B3430B5430B5440B7410B7420笔记本,3180.0,3000-5000元,华为,其他类型,江苏,南京,7.0,南京联想电脑店
Lenovo联想小新Pro14 小新Pro16 酷睿i5轻薄笔记本电脑,4199.0,3000-5000元,联想,轻薄本,北京,未知,66.0,天天联想店
官方店联想小新14小新16 性价比轻薄本学习办公笔记本电脑,3893.87,3000-5000元,联想,轻薄本,北京,未知,100.0,联想直营官方店
ROG幻16翻转 第13代酷睿i9 RTX4060 RTX4070显卡16英寸240Hz触控二合一轻薄笔记本电脑翻转版玩家国度,13969.0,10000-20000元,玩家国度,轻薄本,浙江,宁波,48.0,ROG玩家国度网硕专卖店
Dell戴尔 游匣 15 G15 5530 13代酷睿i7标压高端游戏笔记本电脑,5699.0,5000-7000元,戴尔,游戏本,上海,未知,11.0,戴尔电脑销售中心
ThinkPad P14S i7 13代P16S GEN2 16寸工作站笔记本电脑独显4g,4359.87,3000-5000元,联想,其他类型,广东,广州,1.0,宇阳电商
Lenovo联想小新air14pro16锐龙R5轻薄便携游戏办公笔记本电脑,1482.87,3000元以下,联想,轻薄本,湖北,武汉,90.0,联想笔记本品牌店
HP惠普i7暗影34567光影精灵Pro学生办公暗夜游戏笔记本电脑,1999.0,3000元以下,惠普,游戏本,上海,未知,400.0,品牌电竞本店
微软Surface Pro89平板二合一pro7笔记本电脑触摸屏时尚学生便携,5899.0,5000-7000元,微软,二合一笔记本,浙江,杭州,100.0,百年微软数码港
雷神911Plus2代 173英寸165Hz高刷电竞屏设计学生游戏笔记本电脑,6788.0,5000-7000元,雷神,游戏本,广东,深圳,100.0,雷神ThundeRobot深圳铂金店
Xiaomi小米 RedmiBook Pro 15红米笔记本电脑手提,4749.0,3000-5000元,小米,其他类型,广东,深圳,0.0,淘宝真酷3C数码馆
Huawei华为MateBook B3520轻薄便携商务办公156英寸笔记本电脑,3248.0,3000-5000元,华为,轻薄本,上海,未知,12.0,超冠电商
机械师曙光16PrORTX4060满血AMD R7学生游戏笔记本电脑156英寸i7,2963.76,3000元以下,机械革命,游戏本,广东,广州,24.0,严选优品数码a
雷神911笔记本电脑air设计师办公轻薄星战mt4060游戏黑武士本plus,3383.87,3000-5000元,雷神,轻薄本,广东,广州,3.0,艾克数码商城
MSI微星星影15学生13代i7星影17办公RTX4070直连R98945HS游戏本,5799.0,5000-7000元,其他品牌,游戏本,浙江,杭州,9.0,微星笔记本自营店
HP惠普 x 360 EliteBook 1040G6840G5翻转触屏笔记本电脑二手,1700.0,3000元以下,惠普,其他类型,广东,广州,40.0,乐心企业 二手笔记本
24期免息联想ThinkPad X1 Titanium 英特尔Evo认证i7 135英寸轻薄商务办公IBM笔记本电脑翻转折叠触控屏,7999.0,7000-9000元,联想,轻薄本,福建,厦门,30.0,thinkpad恒瀚专卖店
Acer宏碁 A314A315 全新14英寸IPS屏轻薄本教育办公笔记本电脑,1679.0,3000元以下,宏碁,轻薄本,湖南,长沙,35.0,宏碁电脑商城
联想Thinkbook 全系列轻薄商务办公笔记本电脑,3999.0,3000-5000元,联想,轻薄本,北京,未知,38.0,笔记本电脑大卖场店
松下笔记本电脑商务轻薄学生酷睿i5超长15小时待机军工汽修户外,523.87,3000元以下,其他品牌,轻薄本,广东,广州,26.0,勇缘本本
24期免息联想 ThinkBook1416 锐龙R78845H 145英寸商用轻薄本商务办公学习游戏大学生笔记本电脑865,4699.0,3000-5000元,联想,轻薄本,福建,厦门,12.0,苏宁易购官方旗舰店
Dell戴尔笔记本电脑e5290e7280e7290e7390e7490e5490e5590商务本,850.0,3000元以下,戴尔,其他类型,广东,广州,18.0,友信猫数码二手笔记本
MSI微星GP7868HX 泰坦17HX 13代i9 RTX40604080游戏本12期免息,9699.0,9000-10000元,其他品牌,游戏本,江苏,南京,55.0,南京微星小吧店
微软SurfaceBook32笔记本电脑laptop studio设计渲染工作站触控,2999.0,3000元以下,微软,其他类型,浙江,杭州,43.0,百年微软数码港
华为笔记本电脑MateBook13S笔记本电脑25K触控屏轻薄办公商务,4799.0,3000-5000元,华为,轻薄本,广东,深圳,9.0,品牌数码百亿商城
17寸Dell戴尔precision M7720电脑M7730图形3D工作站笔记本M7740,1894.8,3000元以下,戴尔,其他类型,广东,广州,37.0,新城笔记本电脑
Hasee神舟 战神 Z8D6S8T8Z7 RTX40604070神州游戏笔记本电脑,3888.0,3000-5000元,神舟,游戏本,河南,郑州,400.0,神船小北
MSI微星 笔记本 GE62 GL62游戏笔记本 独显高性能吃鸡本,1682.87,3000元以下,其他品牌,游戏本,广东,广州,1.0,华南游戏本专区
苹果 Air 20款 133寸 M1商务笔记本电脑,5998.0,5000-7000元,苹果,其他类型,北京,未知,56.0,尚铭数码科技企业店
Apple苹果 MacBook Air 13 英寸 MacBook Air国行M1笔记本电脑M2,4910.0,3000-5000元,苹果,其他类型,浙江,杭州,63.0,杭州百脑汇宏泰数码实体店
联想小新Pro16 AI超能本 Ultra 9  16英寸轻薄笔记本电脑 商务办公学习大屏电脑,7298.6,7000-9000元,联想,轻薄本,北京,未知,3.0,联想联保专卖店
i7神舟S8战神Z8游戏本3060独显笔记本电脑4060吃鸡3070联想拯救者,2272.0,3000元以下,联想,游戏本,广东,深圳,0.0,品牌游戏本直销店
ThinkPad X1 隐士 2019 联想笔记本电脑P1隐士独显超薄图形工作站,3122.0,3000-5000元,联想,其他类型,广东,广州,79.0,木森科技港二手笔记本电脑
Lenovo联想小新1416 轻薄学生笔记本游戏商务办公电脑锐龙酷睿,2838.0,3000元以下,联想,轻薄本,湖北,武汉,12.0,笔记本电脑商店
Asus华硕Vivobook1514s10代i7i5i3轻薄办公学生笔记本电脑V5000,1716.97,3000元以下,华硕,轻薄本,广东,广州,24.0,正品数码商店
Dell戴尔游戏本173寸M7710M7720独显图形设计工作站笔记本电脑,2274.87,3000元以下,戴尔,游戏本,广东,广州,57.0,《淘淘科技》
Freebook2代驰为CHUWI 英特尔12代处理器 2K屏笔记本二合一触控办公商务出差理财绘图笔记本电脑,2399.0,3000元以下,其他品牌,二合一笔记本,广东,深圳,7.0,驰为智谷专卖店
Acer宏碁暗影骑士擎2024新款156英寸电竞游戏本,6999.0,5000-7000元,宏碁,游戏本,江苏,南京,6.0,华东电竞数码商城
Huawei华为 MateBook E 办公学习二合一超薄触屏笔记本官网正品,1810.87,3000元以下,华为,二合一笔记本,四川,成都,200.0,诚欣数码商城
戴尔Dell Latitude5320 5330 5340 5440 5540商用笔记本电脑官翻,2799.0,3000元以下,戴尔,其他类型,江苏,南京,21.0,戴尔官翻瑞铭扬折扣店
Dell戴尔 商务本 14三防Rugged 5414 5404坚固汽修i7笔记本电脑,1208.0,3000元以下,戴尔,其他类型,广东,广州,40.0,麦可本本
Lenovo联想 拯救者 R9000P2023款16英寸锐龙R9学生商务办公电竞,8999.0,7000-9000元,联想,其他类型,上海,未知,1000.0,辉煌数码电脑商城
ROG玩家国度魔霸7plus超能版 枪神7 枪神8 Plus超竞版 酷睿 14代,9199.0,9000-10000元,玩家国度,其他类型,北京,未知,100.0,北京笔记本电脑实体店
Hasee神舟 战神Z8 游戏本,1150.0,3000元以下,神舟,游戏本,广东,广州,82.0,恒星数码科技
机械革命蛟龙16S16K 165HZ锐龙 RTX4060 学生电竞游戏笔记本电脑,5999.0,5000-7000元,机械革命,游戏本,北京,未知,200.0,笔记本官企业自销
Lenovo联想扬天威6独显i7新款V14 V15酷睿12代156寸笔记本电脑,2199.0,3000元以下,联想,其他类型,江苏,南京,47.0,新起点笔记本数码店
长城TN140A2D20008G256G2G银河麒麒统信安可信创笔记本电脑,4984.87,3000-5000元,其他品牌,其他类型,江苏,苏州,2.0,安可信创电脑计算机
机械革命极光蛟龙16K极光Pro3060游戏本4060学生笔记本电脑联想i7,3598.0,3000-5000元,联想,游戏本,广东,深圳,0.0,品牌游戏本直销店
机械师曙光16Pro星辰15曙光16 24年新品满血4070游戏笔记本电脑,4749.0,3000-5000元,机械革命,游戏本,广东,广州,35.0,正达笔记本数码
HP惠普 星 14青春版笔记本电脑星book 14寸 15寸i7商务办公网课,838.0,3000元以下,惠普,其他类型,广东,广州,3.0,翼峰笔记本电脑批发
Apple苹果  MacBook Air 2024年款 13英寸 M3 芯片,8999.0,7000-9000元,苹果,其他类型,北京,未知,0.0,Apple授权专营店
Xiaomi小米 小米Pro 笔记本2022款pro16十二代4K触控屏 2050光追,4099.0,3000-5000元,小米,其他类型,上海,未知,89.0,忠勇数码
ThinkPad X1 CARBON AI 2024 00CD酷睿Ultra7 155H笔记本电脑01CD,10902.0,10000-20000元,联想,其他类型,上海,未知,14.0,ThinkPad官方悦立店
Lenovo联想ThinkBook1514酷睿独显轻薄商务锐龙办公笔记本电脑,2419.0,3000元以下,联想,轻薄本,江苏,南京,89.0,华中笔记本电脑店
联想Thinkbook 14 高性能轻薄商务办公便携学习笔记本电脑,4599.0,3000-5000元,联想,轻薄本,北京,未知,19.0,笔记本电脑大卖场店
HP惠普 HP ZBOOK 17 G5图形工作站17g3视频剪辑3D建模笔记本电脑,1695.87,3000元以下,惠普,其他类型,广东,广州,11.0,广州亿科贸易有限公司
Hasee神舟 战神 Z8游戏本3060独显笔记本4060电脑花呗i7学生3070,2297.0,3000元以下,神舟,游戏本,广东,深圳,100.0,品牌游戏本直销店
ThinkPad联想 E16笔记本电脑 E15升级版16英寸商务办公学生轻薄本,1798.0,3000元以下,联想,轻薄本,湖南,长沙,51.0,EINHORN的本本
苹果MacBook Pro 14英寸16新款M2Max M1原装正品笔记本电脑2023款,13482.43,10000-20000元,苹果,其他类型,广东,广州,42.0,MacFans倶楽部 苹果原装笔记本电脑
咨询有礼联想ThinkPad S2 2024款 锐龙R5酷睿Ultra57 133英寸轻薄便携大学生商务办公手提笔记本电脑,4499.0,3000-5000元,联想,轻薄本,福建,厦门,12.0,thinkpad恒瀚专卖店
机械师 T58 T58V 曙光系列 游戏 办公 学生 制图 笔记本电脑,1899.0,3000元以下,机械革命,游戏本,江苏,南京,4.0,笔记本优品电脑商行
Dell戴尔 INS 灵越74207430 14Plus 13代i7轻薄笔记本电脑优品,4399.0,3000-5000元,戴尔,轻薄本,上海,未知,12.0,戴尔电脑销售中心
宏碁Acer墨舞EX215 156英寸轻薄大屏办公笔记本电脑全高清雾面屏2023新品四核商务学生宏基游戏手提网课本,1799.0,3000元以下,宏碁,轻薄本,北京,未知,66.0,宏碁神州想联专卖店
热销爆款联想ideapad14s15s轻薄本英特尔酷睿i5窄边非小新轻薄学生网课学习笔记本电脑联想官方旗舰405,3199.0,3000-5000元,联想,轻薄本,江苏,南京,6.0,苏宁易购官方旗舰店
Acer宏碁 掠夺者擎Neo 2024 14代酷睿i714700HX全新RTX4060电竞游戏独显满血高端学生笔记本电脑,8099.0,7000-9000元,宏碁,游戏本,安徽,合肥,3.0,鑫一宏数码专营店
Lenovo联想 拯救者 Y9000P 2024,14999.0,10000-20000元,联想,其他类型,广东,广州,100.0,桃园科技企业店
2023新款Apple苹果MacBookPro1614寸M2promax笔记本电脑官翻新机,9780.0,9000-10000元,苹果,其他类型,北京,未知,42.0,北京苹果第一家
超轻薄办公本华硕灵耀X凌锋 14英寸995g商务办公笔记本电脑,3999.0,3000-5000元,华硕,轻薄本,浙江,杭州,2.0,华硕数码电竞商城
联想ThinkPad P1隐士 Extreme 12代酷睿i7 16英寸3D设计移动图形工作站笔记本电脑苏宁易购官方旗舰店865,13699.0,10000-20000元,联想,其他类型,江苏,南京,5.0,苏宁易购官方旗舰店
Dell戴尔 灵越 14Plus7420 7430 轻薄14寸办公笔记本电脑官翻机,4393.87,3000-5000元,戴尔,轻薄本,河南,郑州,26.0,戴尔官翻机智选折扣店
HP惠普薄锐 envy X360 ENVY14 120Hz翻转触屏办公学习笔记本电脑,5699.0,5000-7000元,惠普,其他类型,上海,未知,24.0,惠普品牌直销店
ThinkPad T16 联想T14 T15酷睿AMD锐龙高性能商务办公笔记本,3400.0,3000-5000元,联想,其他类型,上海,未知,8.0,青青笔记本电脑
dell戴尔Latitude5450 5350 E5450 E5350笔记本电脑Ultra7 165H,4550.0,3000-5000元,戴尔,其他类型,上海,未知,3.0,DELL戴尔商用代理商
新款14寸双屏笔记本触摸屏手写屏电脑办公游戏超级手提绘画折叠屏,2793.87,3000元以下,其他品牌,游戏本,上海,未知,25.0,AICON数码专店
HP惠普 Elitebook645G10 655G10G11 锐龙 R5 R7 办公笔记本电脑,3044.87,3000-5000元,惠普,其他类型,北京,未知,6.0,花开花时节
旗舰新品联想ThinkBook 141516 13代标压酷睿超轻薄便携学生办公本游戏笔记本电脑旗舰官方国行正品,3699.0,3000-5000元,联想,轻薄本,江苏,无锡,17.0,thinkpad中硕专卖店
MSI微星泰坦 GE78HXGE68 14代I9 游戏本RTX40904080笔记本电脑,23999.0,20000元以上,其他品牌,游戏本,北京,未知,76.0,微星电竞自营店
Dell戴尔 灵越15 INS i51235U 16G 512G 锐炬 156寸笔记本电脑,3350.0,3000-5000元,戴尔,其他类型,上海,未知,1.0,上海联想戴尔IT服务商
17寸笔记本电脑Dell戴尔Precision7740独显8g图形移动工作站7530,1894.8,3000元以下,戴尔,其他类型,广东,广州,39.0,新城笔记本电脑
联想ThinkPad IB M X250笔记本电脑X240轻薄小巧125寸i7商务便携,708.0,3000元以下,联想,轻薄本,广东,广州,100.0,灵龙数码二手笔记本电脑
ThinkPad联想X1carbon超薄X280笔记本电脑i5超级本i714寸办公X390,1040.0,3000元以下,联想,其他类型,广东,广州,68.0,派大星星数码
ThinkPad X1 Nano 联想13英寸轻薄本 Evo认证高端商务本 4G LTE版,7299.0,7000-9000元,联想,轻薄本,上海,未知,100.0,天猫超市
Acer宏碁掠夺者擎Neo 4060独显HX满血游戏本宏基学生笔记本电脑,7899.0,7000-9000元,宏碁,游戏本,江苏,无锡,77.0,百亿电脑城
Hasee神舟 战神S8T8Z8D6G8D6Z7RTX4060神州游戏笔记本电脑,3288.0,3000-5000元,神舟,游戏本,北京,未知,16.0,神舟电脑店
官方专卖清华同方机械革命真国货然14无界F1F6S514pro超轻薄笔记本的电脑IPS高清屏办公商务学习本,1899.0,3000元以下,机械革命,轻薄本,河南,郑州,7.0,机械革命一起奋斗专卖店
红米RedmiBook Pro 14轻薄本锐龙版全面屏学生商务办公笔记本,2588.0,3000元以下,其他品牌,轻薄本,湖北,武汉,77.0,锦诚笔记本商行
2023新品联想小新14锐龙 R57530U 六核轻薄本笔记本电脑 大学生学习商务办公便携电脑笔记本,3449.2,3000-5000元,联想,轻薄本,北京,未知,20.0,联想联保专卖店
ROG枪神7 枪神8P超竞版 406040804090 游戏笔记本电脑官翻机,10273.87,10000-20000元,玩家国度,游戏本,江苏,南京,52.0,ROG折扣商城
联想ThinkPad X270 i5 i712寸商务轻薄办公笔记本电脑X260 X280,679.0,3000元以下,联想,轻薄本,上海,未知,100.0,上海晨帆二手笔记本电脑
联想ThinkPad T14P AI PC 2024酷睿Ultra975 32G笔记本电脑3K屏,4748.0,3000-5000元,联想,其他类型,上海,未知,46.0,ThinkPad品牌店
机械革命旷世16PROG16pro设计师学生游戏本4060笔记本电脑16英寸,6799.0,5000-7000元,机械革命,游戏本,北京,未知,90.0,笔记本官企业自销
Apple苹果笔记本电脑MacBookProAir超薄手提i5i7办公设计学生游戏,999.0,3000元以下,苹果,游戏本,广东,广州,1000.0,奋明电脑商城
14寸轻薄便携松下toughbook三防笔记本电脑 cf54汽车检测诊断维修,2232.5,3000元以下,其他品牌,轻薄本,广东,广州,12.0,广州为众科技
全新7寸触屏迷你笔记本电脑商务公学习口袋笔记本电脑发光四核,8924.87,7000-9000元,其他品牌,其他类型,广东,广州,0.0,微笑数码配件店
支持WIN7联想扬天V110办公V330威5V130独显V310笔记本电脑E53,1099.0,3000元以下,联想,其他类型,浙江,杭州,49.0,联想正品一店
ThinkPad T系列 14 T14P 英特尔13代处理器 轻薄性能商务本2023款,5299.0,5000-7000元,联想,轻薄本,上海,未知,51.0,上海ThinkPad体验中心
机械革命蛟龙16Pro电竞游戏本40604070笔记本电脑新,6299.0,5000-7000元,机械革命,游戏本,江苏,无锡,300.0,机械革命电脑店
Dell戴尔 灵越3520 i5 i7轻薄本156英寸笔记本电脑120Hz全面屏,2899.0,3000元以下,戴尔,轻薄本,广东,广州,11.0,文康数码笔记本
Samsung三星 Galaxybook3pro360 Ultra 笔记本电脑香港行版代购,11999.0,10000-20000元,其他品牌,其他类型,香港,香港岛,3.0,香香国际数码
未来人类 猎影 X411 碳纤维 14英寸 i913900H RTX4060 轻薄便携 笔记本电脑 CNC精铣 手提,9259.0,9000-10000元,其他品牌,轻薄本,江苏,苏州,8.0,未来人类旗舰店
Lenovo联想小新潮700013轻薄14独显i3i5i7办公156笔记本电脑,1079.0,3000元以下,联想,轻薄本,江苏,南京,35.0,新起点笔记本数码店
Acer宏碁 笔记本电脑游戏本 暗影骑士龙4060学生3060电竞i7联想,2687.0,3000元以下,联想,游戏本,广东,深圳,12.0,品牌游戏本直销店
官方正品店机械革命极光E升级版极光S蛟龙16pro锐龙R7RTX4060 8G独显直连高色域轻薄设计本销量爆款,4099.9,3000-5000元,机械革命,轻薄本,河南,郑州,700.0,机械革命一起奋斗专卖店
Lenovo联想 Yoga BOOK9i 2024款 UItra7 133双屏翻转笔记本电脑,12999.0,10000-20000元,联想,其他类型,上海,未知,100.0,笔记本电脑总汇
联想拯救者Y9000K Y9000P 2024至尊版学生办公设计旗舰电竞游戏本,26499.0,20000元以上,联想,游戏本,北京,未知,7.0,北京笔记本电脑实体店
华硕无畏1615PRO13代酷睿I513500标压156轻薄便携大屏高性能本,3349.0,3000-5000元,华硕,轻薄本,北京,未知,100.0,福硕数码商城
富士通T939触屏旋转翻转笔记本电脑学生本办公商务本户外汽修工控,1300.0,3000元以下,其他品牌,其他类型,广东,广州,100.0,百星奇数码
未使用X390 ThinkPad X13联想笔记本电脑13寸便携X280轻薄i7商务,1220.0,3000元以下,联想,轻薄本,广东,广州,29.0,lBM原装电脑正品店
微星绝影14绝影16studio轻薄4060游戏本4070酷睿Ultra7笔记本电脑,9799.0,9000-10000元,其他品牌,轻薄本,北京,未知,13.0,微星直销店
HP惠普 HP ZBook 15 G5 G6 G3建模设计图形移动工作站笔记本电脑,1698.0,3000元以下,惠普,其他类型,广东,广州,10.0,广州瀚彬科技
Acer宏碁笔记本电脑游戏本宏基暗影骑士龙4060学生3060独显联想,2687.0,3000元以下,联想,游戏本,广东,深圳,0.0,品牌游戏本直销店
自营联想ThinkBook 1416高性能电脑英特尔酷睿Ultra 5i513500H 商务学习办公大学生轻薄本,5198.1,5000-7000元,联想,轻薄本,浙江,杭州,5.0,喵速达电器官方旗舰店
Huawei华为笔记本 MatebookB3B5B7触屏轻薄游戏商用务办公电脑,3299.0,3000-5000元,华为,轻薄本,上海,未知,44.0,上海华粉终端商城
Panasonic松下商务坚固型FZG2三防笔记本电脑松下加固笔记本,16600.0,10000-20000元,其他品牌,其他类型,北京,未知,15.0,华瑜科技
触摸屏10寸迷你掌上电脑14寸游戏本二合一双屏笔记本电脑YOGA商务,2199.99,3000元以下,其他品牌,游戏本,广东,深圳,16.0,吉开鑫电脑企业店
CHUWI驰为 笔记本 MiniBook X 105英寸N100掌上win11笔记本电脑,2343.87,3000元以下,其他品牌,其他类型,广东,广州,9.0,平板电脑世家馨馨科技
微软Surface Laptop Studio 2触摸屏笔记本电脑高性能独显游戏本,8999.0,7000-9000元,微软,游戏本,安徽,合肥,2.0,全球数码搬运工
12寸笔记本电脑HP惠普820G3 840g3游戏女生办公学生轻薄便携手提,980.4,3000元以下,惠普,轻薄本,广东,广州,51.0,新城笔记本电脑
ThinkPad E470 E480酷睿独显14寸高分商务办公网课游戏笔记本电脑,695.0,3000元以下,联想,游戏本,北京,未知,23.0,中鼎数码二手笔记本电脑
ThinkPad X1 Carbon联想笔记本电脑14寸超轻薄手提i7商务本2018,1000.0,3000元以下,联想,轻薄本,广东,广州,9.0,友信猫数码二手笔记本
松下笔记本电脑RZ6 RZ8 SV8 商务办公10寸触摸屏小本迷你手提电脑,858.32,3000元以下,其他品牌,其他类型,广东,广州,13.0,伊能幸福
Lenovo联想小新Pro14 小新Pro14 2021款游戏轻薄独显笔记本电脑,3230.0,3000-5000元,联想,轻薄本,江苏,南京,3.0,笔记本优品电脑商行
Apple苹果2024款MacBookAir 15寸 M3轻薄笔记本电脑国行全新原封,8989.0,7000-9000元,苹果,轻薄本,山东,济南,3.0,济南精诚数码
原装正品无线鼠标蓝牙静音办公可充电适用戴尔笔记本电脑通用双模,9.8,3000元以下,戴尔,其他类型,浙江,杭州,2000.0,天天热卖精选店
皇享笔记本电脑支架折叠升降便携散热器架增高托物架稳固增高底座升降悬空手提ipad调节收纳支撑架,8.9,3000元以下,其他品牌,其他类型,浙江,杭州,70000.0,天天热卖精选店
双头typec数据线tapec双pd快充tpyec适用ipad小米pro华为tpc手机车载充电器线两头苹果笔记本电脑双向cto闪充,3.1,3000元以下,华为,其他类型,浙江,杭州,2000.0,天天热卖精选店
无线静音鼠标可充电蓝牙适用于苹果华为小米联想华硕笔记本电脑,24.62,3000元以下,联想,其他类型,浙江,杭州,1000.0,天天热卖精选店
梵点笔记本电脑支架托架桌面增高便捷式铝合金散热器架子折叠桌上升降悬空支撑架烧烤架底座手提办公专用,5.0,3000元以下,其他品牌,其他类型,广东,深圳,1000.0,梵点旗舰店
梵点N3铝合金笔记本电脑支架托架桌面增高散热器折叠便携式调节颈椎架子办公手提高升降底,5.0,3000元以下,其他品牌,其他类型,广东,深圳,100.0,梵点旗舰店
笔记本电脑支架托架子适用拯救者y9000pr7000p散热器底座Z4铝合金16寸17游戏本支撑悬空增高平板MacBook手提,5.0,3000元以下,其他品牌,游戏本,广东,深圳,300.0,梵点旗舰店
电脑支架办公桌面立式增高底座便携铝合金散热笔记本托架轻薄本电竞游戏本悬空适用拯救者r9000p y7000p手提,5.0,3000元以下,其他品牌,轻薄本,广东,深圳,400.0,梵点旗舰店
双头typec数据线适用苹果iPhone15转双pd快充tpyec华为pro荣耀tpc手机ctoc口车载ipad充电线两头笔记本电脑,3.3,3000元以下,华为,其他类型,江西,南昌,200.0,驯龙师旗舰店
笔记本电脑支架托架桌面增高散热器折叠便携式支撑悬空立式调节铝合金架子平板手提升降散热架底座办公专用,5.0,3000元以下,其他品牌,其他类型,广东,深圳,1000.0,梵点旗舰店
梵点铝合金笔记本电脑支架加大加宽可增高可收纳散热调节升降便携手提立式托架悬空桌面电脑支撑架散热架,5.0,3000元以下,其他品牌,其他类型,广东,深圳,700.0,梵点旗舰店
婴儿湿巾带盖80抽手口屁屁专用婴儿湿纸巾新生儿宝宝儿童湿巾纸,3.29,3000元以下,其他品牌,其他类型,浙江,杭州,82.0,天天热卖精选店
笔记本电脑支架托架桌面增高散热器折叠便携式铝合金支撑架子调节颈椎平板游戏本办公手提立式悬空升降底座,5.0,3000元以下,其他品牌,游戏本,广东,深圳,5000.0,梵点旗舰店
租电脑笔记本免押金商务办公考试直播电竞高配游戏笔记本展会租赁,15.43,3000元以下,其他品牌,游戏本,上海,未知,200.0,楠湘笔记本电脑租赁1号店
纯色男包双肩包男户外休闲百搭青年背包男士简约拉链电脑包旅行包,652.87,3000元以下,其他品牌,其他类型,福建,泉州,200.0,MAJE SHUZI轻奢男包坊
honor荣耀MagicBook1415锐龙酷睿i5办公学生荣耀笔记本电脑新款,1550.0,3000元以下,荣耀,其他类型,广东,广州,4.0,天科笔记本
高价回收二手手机iPhone15ProMax苹果ipad平板华为ID笔记本电脑,7500.0,7000-9000元,华为,其他类型,浙江,杭州,30.0,小燕子电子回收
Huawei华为二手笔记本电脑matebook14正品游戏本低价清仓九成新,1399.0,3000元以下,华为,游戏本,上海,未知,9.0,数码正品折扣仓
二手HUAWEI华为Matebook D14 D15 D16 独显2G轻薄商务笔记本电脑,1992.87,3000元以下,华为,轻薄本,广东,广州,60.0,斗牛科技二手笔记本企业店
huawei华为MateBook 14触摸屏轻薄设计D15游戏本二手笔记本电脑,2232.87,3000元以下,华为,轻薄本,湖南,长沙,500.0,隆鸿数码科技
二手苹果笔记本电脑MacBook Pro办公设计作图剪辑CAD视网膜屏游戏,2882.87,3000元以下,苹果,游戏本,广东,广州,500.0,慧烁科技 原装苹果笔记本
二手笔记本电脑联想ThinkpadT480X1Carbon游戏本14寸轻薄商务办公,1349.0,3000元以下,联想,轻薄本,广东,广州,600.0,锶鸿电子 二手笔记本
华为笔记本电脑MateBook1314超薄触控全面屏二手游戏本学生办公,2324.87,3000元以下,华为,游戏本,浙江,杭州,200.0,Mate Book数码科技
lenovo联想拯救者Y7000PR7000P二手笔记本电脑95新游戏本独显i7,1452.37,3000元以下,联想,游戏本,广东,广州,6.0,精品二手笔记本特卖
二手笔记本电脑HP惠普840G3i7独显超轻薄便携12手提14寸女生游戏,688.5,3000元以下,惠普,轻薄本,广东,广州,600.0,广州华誉电脑科技
Gaston Luga大容量双肩包男女学生书包电脑包男士背包旅行通勤,850.0,3000元以下,其他品牌,其他类型,广东,东莞,400.0,gastonluga旗舰店
背包男女双肩包商务笔记本电脑包156寸14旅行大容量书包173英寸,17.11,3000元以下,其他品牌,其他类型,浙江,杭州,1000.0,国货甄选旗舰店
远程安装重装系统win71011双系统电脑mac苹果笔记本虚拟机8维修,5.0,3000元以下,苹果,其他类型,江苏,南京,100.0,爱晴柔旗舰店
租电脑笔记本租赁苹果游戏本考试设计办公租借出租同城租用免押金,30.0,3000元以下,苹果,游戏本,北京,未知,200.0,浩方科技
FILNIC新款轻奢双肩包男休闲背包旅行户外时尚大容量真皮电脑包,782.87,3000元以下,其他品牌,其他类型,福建,泉州,70.0,斐兰妮可轻奢男包坊
HUAWEI华为笔记本电脑二手 magicbook14学生轻薄办公全面触屏正品,1499.0,3000元以下,华为,轻薄本,江苏,南京,600.0,翡翠科技
纯色男包帆布双肩包男士背包商务休闲旅行包牛津布大容量电脑包男,652.87,3000元以下,其他品牌,其他类型,福建,泉州,200.0,MAJE SHUZI轻奢男包坊
Lenovo联想小新Air1415二手笔记本电脑正品超薄办公PS剪辑游戏本,1554.87,3000元以下,联想,游戏本,贵州,贵阳,70.0,承影数码优品店
二手联想拯救者R9000P Y7000P Y9000P 4060独显笔记本电脑游戏本,2299.0,3000元以下,联想,游戏本,重庆,未知,400.0,民鑫电脑
高价回收二手笔记本电脑苹果联想华硕戴尔外星人台式主机,4280.0,3000-5000元,联想,其他类型,广东,东莞,31.0,緣义专业回收
ThinkPad T560 联想T570 T580 T590 i7游戏 笔记本电脑 大屏办公,1100.0,3000元以下,联想,游戏本,广东,广州,100.0,原装高端笔记本电脑批发分销中心
笔记本电脑 ThinkPad T14S i7 1185G7,7200.0,7000-9000元,联想,其他类型,北京,未知,7.0,五一动态笔记本店
神舟173吋大屏本战神GX8R9G8DA7NPG9R9酷睿i7i9RTX40604070独显直连173吋窄边框学生电脑官方专卖,6499.0,5000-7000元,神舟,其他类型,河南,郑州,25.0,神舟新战神专卖店
ThinkPad P70图型工作站i7联想P72 P73六核笔记本电脑P71独显17寸,2888.0,3000元以下,联想,其他类型,广东,广州,14.0,灵龙数码二手笔记本电脑
Microsoft微软 surface pro 4go356789学生商务办公笔记本电脑,734.87,3000元以下,微软,其他类型,北京,未知,87.0,京中关
ROG玩家国度幻14air 幻15 2024新品轻薄设计高性能独显笔记本电脑,10299.0,10000-20000元,玩家国度,轻薄本,浙江,杭州,11.0,全新正品笔记本电脑商城
新款14寸双屏笔记本触摸屏手写屏电脑办公游戏YOGA绘画28寸折叠屏,2793.87,3000元以下,其他品牌,游戏本,上海,未知,44.0,AICON数码专店
ThinkBook 16P 2023款RTX40604050游戏设计16英寸笔记本电脑联想,7788.0,7000-9000元,联想,游戏本,上海,未知,25.0,上海thinkpad直销实体店
全新正品Lenovo联想 小新 14 小新16 超轻薄性能笔记本电脑,3499.0,3000-5000元,联想,轻薄本,河南,郑州,300.0,电脑数码超值购企业店
22款Apple苹果MacBook Air系列M2芯片13寸笔记本电脑未拆封,4400.0,3000-5000元,苹果,其他类型,上海,未知,18.0,佳兆数码小店
8寸N100迷你笔记本电脑win11系统掌机旋转折叠网口DC调光centos7,2054.87,3000元以下,其他品牌,其他类型,广东,深圳,33.0,linux研究社
ROG玩家国度幻14Air幻16Air轻薄高性能设计师办公笔记本电脑 2024,12199.0,10000-20000元,玩家国度,轻薄本,广东,广州,8.0,天函数码科技
鑫控超薄加固笔记本电脑军工笔记本工业级加固防震便携机服务器,10800.0,10000-20000元,其他品牌,其他类型,广东,东莞,8.0,鑫控科技企业店
Colorful七彩虹 MEOW R15R16白色4050 4070独显游戏笔记本电脑,4449.0,3000-5000元,其他品牌,游戏本,四川,成都,6.0,成都笔记本商城
Asus华硕 天选 游戏本13代13700满血RTX4050显卡笔记本电脑 灰,6899.0,5000-7000元,华硕,游戏本,北京,未知,10.0,电竞游戏本数码商城
ROG玩家国度魔霸新锐魔霸4567plus枪神456幻游戏笔记本电脑,3999.0,3000-5000元,玩家国度,游戏本,江西,南昌,75.0,梦之舟科技数码品牌店
支持WIN7ThinkPad E14E15联想E490 E480笔记本E580电脑E590,1380.0,3000元以下,联想,其他类型,湖北,武汉,100.0,创想科技笔记本电脑
灵耀X13AMD锐龙5 6核处理器28KOLED P3高色域高端商务轻薄笔记本,3678.0,3000-5000元,其他品牌,轻薄本,北京,未知,35.0,福硕数码商城
七彩虹将星X15AT 满血RTX4060游戏本156英寸独显游戏笔记本电脑,3605.0,3000-5000元,其他品牌,游戏本,江西,南昌,39.0,品牌电脑商行top店
咨询有礼联想ThinkPad S2 2023款13代英特尔酷睿i5i7 133英寸轻薄便携女生商务办公手提ibm笔记本电脑,4499.0,3000-5000元,联想,轻薄本,福建,厦门,24.0,thinkpad恒瀚专卖店
2024新品HP惠普 Envy14 X360 14英寸轻薄便携翻转触摸屏360平板二合一Ai学生笔记本电脑官方正品官网,5793.87,5000-7000元,惠普,轻薄本,北京,未知,4.0,惠普圣东方国信专卖店
Microsoft微软 Surface Laptop Go i5 8GB 128GB Go2轻薄笔记本,2164.87,3000元以下,微软,轻薄本,广东,深圳,34.0,surface千鸟数码
Huawei华为 笔记本 1314学生轻薄办公商务便携笔记本,1999.0,3000元以下,华为,轻薄本,四川,德阳,42.0,云天科技数码店
Thinkpad联想T490S个人笔记本电脑T480 i7四核轻薄14寸IPS T14S,1388.0,3000元以下,联想,轻薄本,广东,广州,22.0,信诚数码二手笔记本电脑
Thinkpad W510W520联想笔记本电脑i7四核办公游戏本156寸学生CAD,645.0,3000元以下,联想,游戏本,广东,广州,25.0,德安科技数码
ThinkBook X 2024 英特尔酷睿Ultra9 185H 135英寸 AI高刷触控屏,6778.0,5000-7000元,其他品牌,其他类型,北京,未知,4.0,笔记本直销店铺
